Tipo,Descripcion_alimento,Type_EN,Food_description_EN,Nombre_cientifico,Porcion_comestible_pct,Energia_kJ,Energia_kcal,Humedad_g,Cenizas_g,Extracto_etereo_g,AGS_g,AGMI_g,AGPI_g,Colesterol_mg,Proteina_bruta_g,Hidratos_carbono_g,Azucares_g,Fibra_bruta_g,Fibra_DT_g,Fibra_D_Insol_g,Ca_mg,P_mg,Fe_mg,Na_mg,K_mg,Mg_mg,Cu_mg,Zn_mg,Mn_mg,Se_mg,Li_mg,VitA_UI,VitA_ug_RAE,Carotenos_mg,Bcarotenos_mg,VitB1_mg,VitB2_mg,Niacina_mg,Ac_ascorbico_mg,VitB6_mg,VitB12_ug,Acido_folico_ug,Folato_ug_DFE,VitD_ug
SEMILLAS DE CEREALES Y DERIVADOS,"Arroz, atole",CEREALS AND BY-PRODUCTS,"Rice, gruel",,1.00,1531.00,366.00,10.00,1.50,2.80,*,*,*,*,10.50,74.70,*,0.50,*,*,*,*,*,*,*,*,*,*,*,*,*,*,*,*,*,*,*,*,*,*,*,*,*,*
SEMILLAS DE CEREALES Y DERIVADOS,"Arroz, cereal para eano arro inao",CEREALS AND BY-PRODUCTS,"Rice, breakfast cereal",,1.00,1634.00,410.00,2.84,1.85,2.85,0.36,324.00,0.29,0.00,9.29,80.08,7.65,0.68,0.60,0.50,5.45,98.00,1.88,429.35,84.79,16.11,0.26,0.82,*,*,*,2225.34,704.00,0.00,*,0.97,1.65,28.97,65.50,1.94,5.45,454.00,1027.00,3.00
SEMILLAS DE CEREALES Y DERIVADOS,"Arroz, cereal para el eano inao con cubierta abor cocoate",CEREALS AND BY-PRODUCTS,"Rice, breakfast (cocoate coate e",,1.00,1612.00,385.00,4.00,2.20,1.23,1.99,0.40,0.23,0.00,5.93,86.03,38.50,1.30,1.90,*,43.22,102.00,4.75,153.38,234.18,57.49,0.33,1.03,1.10,0.02,*,138.70,*,*,0.00,1.49,2.27,17.50,49.00,3.28,6.92,633.00,1080.00,4.10
SEMILLAS DE CEREALES Y DERIVADOS,"Arroz, cocido banco",CEREALS AND BY-PRODUCTS,"Rice, cooked ite",,1.00,365.00,87.00,78.20,0.60,0.12,0.07,0.09,0.08,0.00,1.60,19.48,0.05,0.00,0.52,0.50,8.00,32.50,0.85,485.00,76.00,7.00,0.10,0.50,0.30,*,*,0.00,0.00,0.00,0.00,0.01,0.01,0.07,0.00,0.09,0.00,3.00,97.00,0.00
SEMILLAS DE CEREALES Y DERIVADOS,"Arroz, con leche",CEREALS AND BY-PRODUCTS,Rice it mi,,1.00,1036.00,247.00,63.70,1.20,19.20,*,*,*,*,3.30,13.70,*,0.18,*,*,155.20,13.18,0.28,57.44,94.10,5.96,0.00,0.48,*,*,*,11.78,*,*,*,0.04,0.01,0.50,*,*,*,*,*,*
SEMILLAS DE CEREALES Y DERIVADOS,"Arroz, con verduras",CEREALS AND BY-PRODUCTS,Rice it eetabe,,1.00,1494.00,357.00,8.70,1.00,0.90,*,*,*,*,8.60,78.70,*,2.10,*,*,*,*,*,17.69,*,*,*,*,*,*,*,*,*,*,*,*,*,*,*,*,*,*,*,*
SEMILLAS DE CEREALES Y DERIVADOS,"Arroz, galleta azucarada",CEREALS AND BY-PRODUCTS,"Rice, sugar cookie",,1.00,1992.00,476.00,4.10,2.00,29.10,*,*,*,*,6.70,49.90,*,8.20,*,*,*,*,*,*,*,*,*,*,*,*,*,*,*,*,*,*,*,*,*,*,*,*,*,*
SEMILLAS DE CEREALES Y DERIVADOS,"Arroz, grano pulido a granel",CEREALS AND BY-PRODUCTS,Rice mie rain in bulk,Oryza sativa L.,1.00,1508.00,360.00,11.55,0.75,0.88,0.18,0.21,0.18,0.00,7.86,78.10,0.12,3.08,1.30,0.52,10.50,147.50,0.93,3.90,115.00,25.00,0.22,1.09,0.99,0.01,*,0.00,0.00,0.00,0.00,0.32,0.04,2.40,0.00,0.16,0.00,6.00,*,0.00
SEMILLAS DE CEREALES Y DERIVADOS,"Arroz, guisado",CEREALS AND BY-PRODUCTS,Rice tee,,1.00,592.00,141.00,69.80,0.90,4.95,*,*,*,*,2.15,22.12,*,0.08,*,*,4.00,50.00,1.75,*,*,*,*,*,*,*,*,*,*,*,0.07,0.02,0.01,0.21,0.00,*,*,*,*,*
SEMILLAS DE CEREALES Y DERIVADOS,"Arroz, harina refinaa",CEREALS AND BY-PRODUCTS,Rice refine or,,1.00,1538.00,368.00,9.90,0.80,0.90,0.39,0.44,0.38,0.00,9.00,80.65,0.12,0.40,2.40,*,10.00,98.00,0.35,0.00,76.00,35.00,0.20,0.80,0.60,0.01,*,0.00,0.00,*,*,0.14,0.02,2.59,0.00,0.44,0.00,0.00,4.00,0.00
SEMILLAS DE CEREALES Y DERIVADOS,"Arroz, integral cro",CEREALS AND BY-PRODUCTS,Rice bron ra,Oryza sativa L.,1.00,1515.00,362.00,12.37,1.27,2.68,1.02,0.97,0.96,0.00,7.50,76.17,*,1.00,3.40,0.92,33.00,264.00,1.80,4.00,268.00,143.00,0.23,1.79,2.10,0.01,*,0.00,0.00,*,*,0.41,0.04,4.31,0.00,0.51,0.00,0.00,20.00,0.00
SEMILLAS DE CEREALES Y DERIVADOS,"Arroz, jarabe de horchata",CEREALS AND BY-PRODUCTS,"Rice, horchata syrup",,1.00,1335.00,319.00,23.10,0.20,0.30,*,*,*,*,1.80,74.40,54.30,0.20,*,*,*,*,*,*,*,*,*,*,*,*,*,*,*,*,*,*,*,*,*,*,*,*,*,*
SEMILLAS DE CEREALES Y DERIVADOS,"Arroz, salvado aiao roteico",CEREALS AND BY-PRODUCTS,"Rice, bran rotein ioate",Oryza sativa L.,1.00,1256.00,300.00,6.80,19.40,0.20,4.17,7.55,7.46,0.00,3.50,69.60,0.90,0.50,21.00,*,57.00,1677.00,18.54,5.00,1485.00,781.00,*,6.04,*,*,*,0.00,0.00,*,*,2.75,0.28,34.00,0.00,4.07,0.00,*,63.00,0.00
SEMILLAS DE CEREALES Y DERIVADOS,"Avena, barra de granola",CEREALS AND BY-PRODUCTS,"Oats, granola bar",,1.00,1807.00,432.00,2.20,1.80,11.10,*,*,*,*,12.00,70.90,*,2.00,*,*,*,*,*,*,*,*,*,*,*,*,*,*,*,*,*,*,*,*,*,*,*,*,*,*
SEMILLAS DE CEREALES Y DERIVADOS,"Avena, harina",CEREALS AND BY-PRODUCTS,Oat or,Avena sativa,1.00,1690.34,404.00,8.55,1.97,9.12,1.61,2.87,3.33,0.00,14.66,65.70,0.80,1.30,6.50,*,55.00,452.00,4.00,19.00,371.00,144.00,0.44,3.20,4.02,0.03,*,0.00,0.00,0.00,*,0.69,0.13,1.47,0.00,0.13,0.00,11.00,32.00,0.00
SEMILLAS DE CEREALES Y DERIVADOS,"Avena, hojuela",CEREALS AND BY-PRODUCTS,Oat ae,Avena sativa L.,1.00,1586.00,379.00,6.30,1.50,6.52,1.11,1.98,2.30,0.00,16.20,67.70,0.99,1.20,10.10,5.80,61.00,278.00,3.35,6.00,362.00,138.00,0.39,3.64,3.63,0.03,*,0.00,0.00,*,0.00,0.53,0.11,0.82,0.00,0.10,0.00,0.00,32.00,0.00
SEMILLAS DE CEREALES Y DERIVADOS,"Cebada, grano",CEREALS AND BY-PRODUCTS,"Barley, grain",orem are L,,1472.77,352.00,10.09,2.29,1.16,0.24,0.15,0.56,0.00,9.91,77.72,0.80,6.50,15.80,8.10,29.00,221.00,2.50,9.00,280.00,79.00,0.12,2.13,1.50,0.01,*,22.00,1.00,*,0.00,0.19,0.11,4.60,0.00,0.26,0.00,0.00,23.00,0.00
SEMILLAS DE CEREALES Y DERIVADOS,"Cebada, harina",CEREALS AND BY-PRODUCTS,are or,orem are L,1.00,1443.48,345.00,12.11,*,1.60,0.34,0.21,0.77,0.00,10.50,74.52,0.80,*,10.10,*,32.00,296.00,2.68,4.00,309.00,96.00,*,2.00,*,*,*,0.00,0.00,*,*,0.37,0.11,6.27,0.00,0.40,0.00,*,8.00,0.00
SEMILLAS DE CEREALES Y DERIVADOS,"Centeno, grano",CEREALS AND BY-PRODUCTS,"Rye, grain",Secale cereale,,1414.19,338.00,10.60,2.29,1.63,0.20,0.21,0.77,0.00,10.34,75.86,0.98,*,15.10,8.45,24.00,332.00,2.63,2.00,510.00,110.00,0.39,2.65,2.90,0.00,*,11.00,1.00,*,*,0.32,0.25,4.27,0.00,0.29,0.00,0.00,38.00,0.00
SEMILLAS DE CEREALES Y DERIVADOS,"Centeno, pan de caja, centeno y especias",CEREALS AND BY-PRODUCTS,Re it spices bread,,1.00,1085.30,255.50,37.50,0.90,2.30,0.18,1.31,0.80,0.00,9.00,49.70,2.00,0.60,5.80,3.57,40.07,125.00,5.59,32.24,256.55,35.86,0.00,1.91,0.82,0.00,*,7.00,0.00,*,0.00,0.43,0.34,3.81,0.40,0.08,0.00,59.00,151.00,0.00
SEMILLAS DE CEREALES Y DERIVADOS,"Centeno, pan integral",CEREALS AND BY-PRODUCTS,Re oe bread,,1.00,937.00,223.50,43.20,1.80,1.90,0.44,0.93,1.24,0.00,7.30,44.30,0.53,1.50,6.50,6.25,68.00,178.00,401.14,596.00,208.00,54.00,0.29,1.48,1.31,0.02,*,0.00,0.00,*,0.00,0.33,0.31,3.09,0.00,0.13,0.00,59.00,134.00,0.00
SEMILLAS DE CEREALES Y DERIVADOS,"Centeno, pan ligero con comino",CEREALS AND BY-PRODUCTS,"Rye, light bread, it cmin ee",,1.00,1004.00,240.10,38.50,2.30,1.70,*,*,*,*,8.50,47.70,*,1.30,*,*,*,*,636.43,*,*,*,*,*,*,*,*,*,*,*,*,*,*,*,*,*,*,*,*,*
SEMILLAS DE CEREALES Y DERIVADOS,"Centeno, pan negro",CEREALS AND BY-PRODUCTS,Re bron brea,,1.00,1134.00,271.00,30.50,2.40,2.20,*,*,*,*,6.40,56.40,*,2.10,4.20,3.60,*,*,8.82,*,*,*,0.23,1.61,*,*,*,*,*,*,*,*,*,*,*,*,*,*,*,*
SEMILLAS DE CEREALES Y DERIVADOS,"Maíz, aceite",CEREALS AND BY-PRODUCTS,"Corn, oil",ea ma L ma,1.00,3689.00,884.00,0.00,0.00,100.00,8.30,58.54,29.11,0.00,0.00,0.00,0.00,*,0.00,*,70.60,0.40,2.50,3.70,10.60,31.10,0.60,6.20,*,*,*,0.00,0.00,*,*,0.69,1.33,0.00,0.24,0.00,0.00,0.00,0.00,0.00
SEMILLAS DE CEREALES Y DERIVADOS,Maí amario rano,CEREALS AND BY-PRODUCTS,Corn eo rain,ea ma L,0.92,1436.00,343.00,13.80,1.20,4.81,0.67,1.25,2.16,0.00,8.30,69.55,0.84,2.34,12.80,12.50,8.00,235.00,2.55,35.00,287.00,127.00,0.22,2.24,0.49,0.02,*,214.00,11.00,*,0.15,0.34,0.08,1.64,0.00,0.62,0.00,0.00,19.00,0.00
SEMILLAS DE CEREALES Y DERIVADOS,Mi amario tortilla,CEREALS AND BY-PRODUCTS,"Corn, tortilla eo corn",,1.00,1015.25,239.06,42.20,0.83,3.02,0.20,0.50,0.90,0.00,5.50,47.47,*,0.98,5.50,4.90,66.66,155.65,1.40,0.00,151.78,61.82,0.36,1.53,*,*,*,*,20.00,*,*,0.12,0.05,1.02,*,*,*,*,*,*
SEMILLAS DE CEREALES Y DERIVADOS,"Maíz, atole",CEREALS AND BY-PRODUCTS,"Corn, plain gruel",,1.00,1519.00,363.00,9.80,1.30,2.25,*,*,*,*,4.20,80.80,*,0.45,*,*,*,*,*,*,*,*,*,*,*,*,*,*,*,*,*,*,*,*,*,*,*,*,*,*
SEMILLAS DE CEREALES Y DERIVADOS,Maí atoe ime preparado,CEREALS AND BY-PRODUCTS,"Corn, plain gruel",,1.00,87.00,21.00,94.70,0.10,0.06,*,*,*,*,0.43,4.56,*,0.15,*,*,14.00,*,*,*,*,*,*,*,*,*,*,*,*,*,0.00,0.02,0.00,0.13,0.00,*,*,*,*,*
SEMILLAS DE CEREALES Y DERIVADOS,"Maíz, atole con soya",CEREALS AND BY-PRODUCTS,"Corn, soybean gruel",,1.00,1552.00,371.00,6.05,0.60,0.60,*,*,*,*,10.35,81.35,*,0.85,*,*,,*,*,*,*,*,*,*,*,*,*,*,*,*,*,*,*,*,*,*,*,*,*,*
SEMILLAS DE CEREALES Y DERIVADOS,"Maíz, azul tortilla",CEREALS AND BY-PRODUCTS,"Corn, tortilla blue corn",,1.00,1272.00,302.00,28.20,0.90,2.93,*,*,*,*,6.53,56.42,*,0.89,4.70,4.20,86.34,163.47,1.87,13.08,209.13,67.05,0.44,2.15,*,*,*,*,*,*,*,0.13,0.08,2.50,*,*,*,*,*,*
SEMILLAS DE CEREALES Y DERIVADOS,"Maíz, bebida en oo con cacao",CEREALS AND BY-PRODUCTS,"Corn, cocoa beerae oer",,,1748.21,418.23,3.10,0.95,3.99,*,*,*,*,6.24,83.00,*,2.72,*,*,37.25,143.80,32.44,2.66,272.58,133.55,0.00,16.46,*,*,*,*,*,*,*,*,*,1.25,*,*,*,*,*,*
SEMILLAS DE CEREALES Y DERIVADOS,"Maiz, blanco",CEREALS AND BY-PRODUCTS,Corn ite,ea ma,0.92,1509.00,360.00,11.00,1.34,4.64,0.67,1.25,2.16,0.00,8.56,73.69,*,1.81,9.71,8.56,8.25,246.75,2.10,35.00,287.00,127.00,0.24,2.21,0.42,0.01,*,0.00,0.00,1.30,0.03,0.37,0.09,1.92,1.60,0.62,0.00,26.00,*,0.00
SEMILLAS DE CEREALES Y DERIVADOS,"Maíz, blanco, tortilla",CEREALS AND BY-PRODUCTS,"Corn, tortilla ite corn",,1.00,853.00,204.00,47.80,0.80,1.00,0.10,0.40,0.80,0.00,5.40,44.90,*,*,4.40,4.10,124.00,123.00,0.20,*,*,*,0.33,2.44,*,*,*,*,2.00,*,*,0.10,0.04,1.02,*,*,*,*,*,*
SEMILLAS DE CEREALES Y DERIVADOS,Maiz Cacahuatzintle,CEREALS AND BY-PRODUCTS,Corn Cacahuatzintle,ea ma,0.92,1492.00,356.00,9.40,1.50,4.70,*,*,*,*,11.70,70.80,*,1.90,*,*,*,336.00,2.19,*,*,*,*,*,*,*,*,*,*,*,0.00,0.31,0.24,3.13,*,*,*,*,*,*
SEMILLAS DE CEREALES Y DERIVADOS,"Maiz, hojuelas cereal para desayuno",CEREALS AND BY-PRODUCTS,Corn ae breakfast cereal,,1.00,1599.00,381.00,3.61,2.70,0.48,0.12,0.07,0.20,0.00,7.19,84.23,9.50,0.90,3.30,2.80,2.54,44.00,3.03,799.95,93.21,7.19,0.10,0.15,0.15,0.01,*,1558.81,490.00,0.00,0.08,1.34,1.52,17.90,63.92,1.79,5.40,323.00,583.00,3.60
SEMILLAS DE CEREALES Y DERIVADOS,Maí Inao cereal para desayuno,CEREALS AND BY-PRODUCTS,"Corn, puffed, breakfast cereal",,1.00,1590.00,380.00,2.90,2.00,0.30,0.40,0.20,0.50,0.00,4.40,89.80,32.10,0.60,2.30,1.90,11.00,52.00,5.60,387.00,148.00,25.00,0.25,0.31,0.17,0.01,*,0.00,439.00,*,0.05,1.17,1.33,15.60,42.41,1.60,4.70,294.00,519.00,4.00
SEMILLAS DE CEREALES Y DERIVADOS,"Maiz, hojuelas, cereal para desayuno sabor fresa",CEREALS AND BY-PRODUCTS,Corn ae breaat cerea traberrie aore,,1.00,1584.00,379.00,3.20,1.90,0.25,*,*,*,*,5.05,89.05,*,0.55,*,*,*,*,*,*,*,*,*,*,*,*,*,*,*,*,*,*,*,*,*,*,*,*,*,*
SEMILLAS DE CEREALES Y DERIVADOS,"Maiz, hojuelas, cereal para desayuno con chocolate",CEREALS AND BY-PRODUCTS,"Corn, breakfast cereal it cocoate",,1.00,1618.00,387.00,2.15,1.90,0.40,*,*,*,*,6.30,88.20,*,1.05,*,*,5.00,55.00,3.00,739.00,*,*,*,*,*,*,*,*,*,*,*,*,*,*,*,*,*,*,*,*
SEMILLAS DE CEREALES Y DERIVADOS,"Maíz, cereal para desayuno hojuelas con chocolate",CEREALS AND BY-PRODUCTS,"Corn, breakfast cerea it cocoate",,1.00,1952.74,467.16,3.50,2.01,15.06,*,0.60,0.20,*,7.19,72.23,29.67,0.01,*,*,7.00,77.00,15.00,515.00,179.00,36.00,*,0.80,*,*,*,1667.00,*,*,*,1.25,1.42,16.70,20.00,1.67,5.00,333.00,553.00,3.30
SEMILLAS DE CEREALES Y DERIVADOS,"Maiz, hojuelas, cereal para desayuno sabor fresa-chocolate",CEREALS AND BY-PRODUCTS,Corn breaat cerea traberrie an cocoate aore,,1.00,1900.00,454.00,2.40,1.40,15.10,*,*,*,*,5.50,74.20,*,1.40,*,*,*,*,*,*,*,*,*,*,*,*,*,*,*,*,*,*,*,*,*,*,*,*,*,*
SEMILLAS DE CEREALES Y DERIVADOS,"Maiz, hojuelas, cereal para desayuno con cacahuate",CEREALS AND BY-PRODUCTS,"Corn, breakfast cereal it eant",,1.00,*,*,*,*,*,*,*,*,*,*,*,*,*,2.60,2.50,3.00,52.00,2.50,633.00,130.00,19.00,0.16,0.40,0.20,*,*,*,*,*,*,*,*,*,*,*,*,*,*,*
SEMILLAS DE CEREALES Y DERIVADOS,"Maíz, gluten ,",CEREALS AND BY-PRODUCTS,"Corn, gluten",,1.00,1284.00,307.00,8.20,1.70,6.10,*,*,*,*,61.20,21.90,*,0.90,55.20,54.60,*,*,*,*,*,*,*,*,*,*,*,*,*,*,*,*,*,*,*,*,*,*,*,*
SEMILLAS DE CEREALES Y DERIVADOS,"Maiz, grano, azúl",CEREALS AND BY-PRODUCTS,"Corn, grain, blue",ea ma L raa cnico norteo,0.92,1594.00,380.50,8.20,1.20,6.50,*,*,*,*,7.80,72.70,*,3.60,*,*,6.15,*,2.29,4.20,306.00,72.55,0.00,1.92,*,*,*,*,*,*,*,0.22,0.08,2.50,*,*,*,*,*,*
SEMILLAS DE CEREALES Y DERIVADOS,"Maiz, grano, rosa",CEREALS AND BY-PRODUCTS,"Corn, grain, pink",ea ma L raa cnico,0.92,1577.00,376.80,8.00,1.60,6.00,*,*,*,*,10.30,70.40,*,3.70,*,*,5.99,548.15,2.44,4.03,392.29,78.02,0.00,2.21,*,*,*,*,*,*,*,0.38,0.08,2.60,*,*,*,*,*,*
SEMILLAS DE CEREALES Y DERIVADOS,Mai arina amaria,CEREALS AND BY-PRODUCTS,Corn eo or,,1.00,1561.00,373.00,8.25,1.60,3.70,0.54,1.02,1.76,0.00,7.80,75.75,0.64,2.90,7.30,*,7.00,272.00,2.38,5.00,315.00,93.00,0.23,1.73,0.46,0.02,*,214.00,11.00,*,0.10,0.25,0.08,1.90,0.00,0.37,0.00,0.00,25.00,0.00
SEMILLAS DE CEREALES Y DERIVADOS,"Maiz, harina blanca",CEREALS AND BY-PRODUCTS,Corn ite or,,1.00,1532.00,366.00,9.70,1.65,3.90,0.54,1.02,1.76,0.00,8.85,72.80,0.64,3.10,7.30,*,7.00,272.00,2.38,5.00,315.00,93.00,*,1.73,*,*,*,3.00,0.00,0.30,0.30,0.25,0.08,1.90,0.00,0.37,0.00,0.00,25.00,0.00
SEMILLAS DE CEREALES Y DERIVADOS,"Maiz, harina eerminaa",CEREALS AND BY-PRODUCTS,Corn eerminate corn or,ea ma L raa cnico,1.00,1580.00,377.00,10.00,0.90,3.70,*,*,*,*,8.00,76.70,*,0.70,*,*,*,*,*,*,*,*,*,*,*,*,*,*,*,*,*,*,*,*,*,*,*,*,*,*
SEMILLAS DE CEREALES Y DERIVADOS,"Maiz, harina enriquecida",CEREALS AND BY-PRODUCTS,"Corn, enriched or",,1.00,1574.00,376.00,8.40,1.70,5.20,0.53,1.00,1.72,0.00,11.30,70.60,1.61,2.80,6.40,*,136.00,214.00,4.30,5.00,263.00,93.00,0.18,1.87,0.45,0.01,*,5.00,0.00,*,0.00,0.64,0.29,6.10,0.00,0.48,0.00,180.00,209.00,0.00
SEMILLAS DE CEREALES Y DERIVADOS,Mai arina nitamaiaa instantánea,CEREALS AND BY-PRODUCTS,Corn intant nitama rocee or,,1.00,1574.00,375.00,8.93,1.43,4.56,0.53,1.00,1.72,0.00,8.95,74.16,1.61,2.99,9.60,9.40,136.00,214.00,45.26,7.73,263.00,93.00,0.22,30.78,*,*,*,*,99.65,*,0.00,0.70,0.44,5.98,0.00,0.48,0.00,55.62,29.00,0.00
SEMILLAS DE CEREALES Y DERIVADOS,"Maiz, harina para atole",CEREALS AND BY-PRODUCTS,Corn mea or re,,1.00,1668.00,399.00,5.60,1.20,5.26,*,*,*,*,8.58,78.12,*,1.25,0.20,0.10,35.00,309.50,2.20,*,*,*,0.14,1.95,*,*,*,*,*,*,0.02,0.30,0.05,1.82,*,*,*,*,*,*
SEMILLAS DE CEREALES Y DERIVADOS,"Maiz, harina ara tamae",CEREALS AND BY-PRODUCTS,Corn or or tamae,,1.00,*,*,5.40,1.50,4.55,*,*,*,*,9.75,*,*,*,*,*,86.00,270.00,10.45,*,*,*,*,*,*,*,*,*,*,*,0.00,0.31,0.05,241.00,*,*,*,*,*,*
SEMILLAS DE CEREALES Y DERIVADOS,"Maiz, harina blanca para tortillas",CEREALS AND BY-PRODUCTS,Corn ite or tortilla,,1.00,1607.00,384.00,7.10,2.00,4.46,*,*,*,*,7.12,77.43,*,1.89,*,*,140.00,238.00,3.87,*,*,*,*,*,*,*,*,*,*,*,0.01,0.22,0.05,1.26,*,*,*,*,*,*
SEMILLAS DE CEREALES Y DERIVADOS,"Maiz, harina refinaa",CEREALS AND BY-PRODUCTS,Corn refine or,,1.00,1540.00,368.00,10.85,0.70,1.85,*,*,*,*,6.85,79.00,*,0.75,*,*,15.00,39.00,1.40,52.00,61.00,7.00,0.13,*,*,*,*,*,0.00,*,*,*,*,*,0.00,*,0.00,*,*,0.00
SEMILLAS DE CEREALES Y DERIVADOS,"Maiz, hojuelas, con cubierta sabor chocolate",CEREALS AND BY-PRODUCTS,"Corn, chocolate coate ae",,1.00,2118.00,499.30,1.40,1.70,22.90,*,*,*,*,3.40,70.00,*,0.60,*,*,45.26,*,5.00,206.53,182.69,40.71,*,2.77,*,*,*,94.80,,*,*,*,*,*,*,*,*,*,*,*
SEMILLAS DE CEREALES Y DERIVADOS,Mai maa amaria,CEREALS AND BY-PRODUCTS,Corn eo o,,1.00,790.78,189.00,62.20,*,2.20,0.20,0.60,1.20,0.00,4.40,38.50,*,*,3.30,3.10,88.00,*,1.70,*,*,*,0.45,1.93,*,*,*,*,6.00,*,0.00,0.22,0.11,1.10,0.00,*,*,*,*,*
SEMILLAS DE CEREALES Y DERIVADOS,Mai maa a,CEREALS AND BY-PRODUCTS,"Corn, blue dough",ea ma L raa cnico norteo,1.00,745.00,178.10,56.10,0.60,3.70,*,*,*,*,3.80,32.40,*,3.40,3.80,3.50,51.93,326.42,2.26,9.45,128.37,41.79,0.37,2.10,*,*,*,*,,*,*,*,*,1.20,*,*,*,*,*,*
SEMILLAS DE CEREALES Y DERIVADOS,Mai maa banca,CEREALS AND BY-PRODUCTS,Corn ite o,,1.00,644.34,154.00,62.20,*,1.90,0.20,0.50,1.00,0.00,3.50,31.80,*,*,3.30,2.90,70.00,*,1.60,*,*,*,0.22,2.86,*,*,*,*,0.00,*,*,0.13,0.04,0.60,0.00,*,*,*,*,*
SEMILLAS DE CEREALES Y DERIVADOS,Mai maa nitama,CEREALS AND BY-PRODUCTS,Corn nitama processed dough,,1.00,707.00,169.00,56.80,0.60,1.16,*,*,*,*,4.64,36.39,*,0.41,*,*,90.00,102.00,2.04,*,*,*,*,*,*,*,*,*,8.00,*,*,0.09,0.03,0.69,0.00,*,*,*,*,*
SEMILLAS DE CEREALES Y DERIVADOS,Mai maa ooe,CEREALS AND BY-PRODUCTS,"Corn, pozole dough",,1.00,573.00,137.00,65.40,0.40,1.14,*,*,*,*,3.86,29.20,*,0.00,*,*,59.00,81.00,5.32,*,*,*,*,*,*,*,*,*,*,*,*,0.06,0.04,0.48,*,*,*,*,*,*
SEMILLAS DE CEREALES Y DERIVADOS,Mai maa roa,CEREALS AND BY-PRODUCTS,"Corn, dough, pink",ea ma L raa cnico,1.00,694.00,165.90,59.37,0.50,2.70,*,*,*,*,4.70,30.70,*,1.70,*,*,50.89,318.98,1.69,9.78,171.75,39.65,0.00,1.14,*,*,*,*,*,*,*,0.03,0.03,1.20,*,*,*,*,*,*
SEMILLAS DE CEREALES Y DERIVADOS,Mai aomita con manteia,CEREALS AND BY-PRODUCTS,"Corn, popcorn it btter",,1.00,1678.00,401.00,4.57,4.58,8.40,*,*,*,*,9.81,71.62,*,1.02,*,*,*,*,*,1085.00,*,*,*,*,*,*,*,*,*,*,*,*,*,*,*,*,*,*,*,*
SEMILLAS DE CEREALES Y DERIVADOS,"Maiz, pozole",CEREALS AND BY-PRODUCTS,"Corn, pozole",,0.92,499.00,119.00,68.80,0.50,0.58,*,*,*,*,3.12,26.28,*,0.72,*,*,81.00,*,1.38,*,*,*,1.02,1.68,*,*,*,*,*,*,0.00,0.09,0.05,0.36,*,*,*,*,*,*
SEMILLAS DE CEREALES Y DERIVADOS,"Maiz, para pozole, cocido",CEREALS AND BY-PRODUCTS,"Corn, for pozole, cooked",ea ma L raa cnico,0.92,*,*,*,*,*,*,*,*,*,*,*,*,*,2.80,2.70,*,*,*,*,*,*,0.34,3.18,*,*,*,*,*,*,*,*,*,*,*,*,*,*,*,*
SEMILLAS DE CEREALES Y DERIVADOS,"Maiz, pepitilla",CEREALS AND BY-PRODUCTS,"Corn, Pepitilla",ea ma L,,1505.00,359.00,8.70,1.30,4.90,*,*,*,*,10.20,72.20,*,2.70,*,*,19.00,316.00,1.17,*,*,*,*,*,*,*,*,*,*,*,0.00,0.36,0.11,2.92,*,*,*,*,*,*
SEMILLAS DE CEREALES Y DERIVADOS,"Maiz, pinole",CEREALS AND BY-PRODUCTS,Corn fine ron,,1.00,1617.00,386.00,6.00,1.40,6.30,*,*,*,*,10.70,75.60,*,0.00,*,*,79.00,250.00,7.67,*,*,*,*,*,*,*,*,*,*,*,0.00,0.03,0.15,1.54,0.00,*,*,*,*,*
SEMILLAS DE CEREALES Y DERIVADOS,"Maíz, pinole con cacao, polvo para preparar bebida",CEREALS AND BY-PRODUCTS,Corn fine ron corn and cacao,ea ma L raa cnico,,1756.58,420.23,3.10,0.94,4.77,1.62,1.55,1.60,*,5.37,84.59,7.28,1.23,10.6,*,84.29,168.22,1.72,15.36,257.86,69.55,0.00,0.99,*,*,*,*,*,*,*,*,*,1.34,*,*,*,*,*,*
SEMILLAS DE CEREALES Y DERIVADOS,"Maíz,polvo para preparar bebida a bae e maí cacao totao tacaate co coa maí",CEREALS AND BY-PRODUCTS,Corn fine ron corn an cacao tacaate cacao an corn,,,1769.67,423.34,2.40,0.97,4.41,1.51,1.49,1.41,*,5.46,85.24,6.49,1.52,9.30,*,87.49,153.44,1.70,27.72,272.79,74.61,0.00,0.97,*,*,*,*,*,*,*,*,*,1.27,*,*,*,*,*,*
SEMILLAS DE CEREALES Y DERIVADOS,"Maiz, pozole con cacao",CEREALS AND BY-PRODUCTS,"Corn, pozole it cacao",,1.00,676.00,161.00,60.00,0.70,2.88,*,*,*,*,5.25,30.59,*,0.58,*,*,53.00,128.00,2.60,*,*,*,*,*,*,*,*,*,*,*,0.00,0.14,0.08,1.06,*,*,*,*,*,*
SEMILLAS DE CEREALES Y DERIVADOS,"Maiz, pozole rano amario",CEREALS AND BY-PRODUCTS,Corn eo grain pozole,,1.00,764.00,182.00,51.40,0.90,1.05,*,*,*,*,6.00,39.11,*,1.54,*,*,59.00,158.00,2.26,*,*,*,*,*,*,*,*,*,*,*,0.28,0.16,0.12,0.76,*,*,*,*,*,*
SEMILLAS DE CEREALES Y DERIVADOS,"Maiz, pozole grano blanco",CEREALS AND BY-PRODUCTS,Corn ite grain pozole,,1.00,704.00,168.00,62.90,0.55,1.07,*,*,*,*,4.07,30.41,*,1.01,*,*,53.50,105.00,2.73,*,*,*,*,*,*,*,*,*,*,*,*,0.16,0.05,0.94,*,*,*,*,*,*
SEMILLAS DE CEREALES Y DERIVADOS,"Maiz, reventador, amario",CEREALS AND BY-PRODUCTS,Corn eo brter,ea ma L,1.00,1499.00,358.00,9.00,1.80,4.60,0.64,0.99,1.48,*,12.20,71.10,0.91,1.30,*,*,17.00,324.00,1.75,7.00,274.00,123.00,*,2.75,*,*,*,*,*,*,*,0.60,0.14,2.55,*,0.29,*,*,*,*
SEMILLAS DE CEREALES Y DERIVADOS,"Maiz rosa, tortilla",CEREALS AND BY-PRODUCTS,"Corn, tortilla, pink",Raa cnico,1.00,1008.00,241.40,41.70,0.80,4.20,*,*,*,*,6.70,44.20,*,2.40,*,*,67.04,465.63,1.25,10.96,223.04,55.13,0.00,1.66,*,*,*,*,*,*,*,0.17,0.08,2.60,*,,*,*,*,*
SEMILLAS DE CEREALES Y DERIVADOS,Mai tama con carne de cerdo,CEREALS AND BY-PRODUCTS,"Corn, pork meat tamae",,1.00,719.00,172.00,60.49,1.57,10.60,*,3.24,2.05,*,7.47,21.85,*,1.72,10.02,*,75.50,120.00,0.87,421.40,152.00,29.80,*,2.40,*,*,*,4878.30,*,*,*,0.04,0.06,1.30,*,0.13,0.11,*,*,*
SEMILLAS DE CEREALES Y DERIVADOS,Mai tama de carne de res,CEREALS AND BY-PRODUCTS,Corn meat tamae,,1.00,1063.00,254.00,53.20,1.69,14.97,*,*,*,*,7.86,22.01,*,0.27,*,*,61.00,300.00,1.51,175.90,87.80,*,*,*,*,*,*,11.78,*,*,*,0.08,0.07,2.21,*,*,*,*,*,*
SEMILLAS DE CEREALES Y DERIVADOS,Mai tama e eote,CEREALS AND BY-PRODUCTS,Corn corn rain tamae,,1.00,899.00,215.00,55.70,2.79,10.79,2.63,2.44,1.55,0.00,4.95,24.66,*,1.11,*,*,108.10,420.00,0.70,585.80,218.30,29.00,*,0.62,*,*,*,11.78,2.00,*,*,0.08,0.01,1.59,*,0.18,*,*,*,*
SEMILLAS DE CEREALES Y DERIVADOS,Mai tama e rio,CEREALS AND BY-PRODUCTS,Corn bean tamae,,1.00,1080.00,258.00,52.70,1.80,18.00,*,*,*,*,3.70,22.80,*,1.00,*,*,61.40,*,*,282.30,*,45.20,*,0.90,*,*,*,9305.40,,*,*,0.05,0.03,*,*,*,*,*,*,*
SEMILLAS DE CEREALES Y DERIVADOS,Mai tama e nata,CEREALS AND BY-PRODUCTS,Corn cream tamae,,1.00,1182.74,279.01,42.46,1.24,12.28,*,*,*,*,2.66,39.45,*,1.90,5.25,*,149.38,53.02,0.00,80.43,83.73,37.77,0.00,0.00,*,*,*,*,*,*,*,0.05,*,*,*,*,*,*,*,*
SEMILLAS DE CEREALES Y DERIVADOS,Mai tama e oo,CEREALS AND BY-PRODUCTS,Corn cicen tamae,,1.00,1013.00,242.00,54.80,1.80,15.90,*,*,*,*,5.00,22.10,*,0.40,*,*,77.10,*,*,237.90,*,30.60,*,0.70,*,*,*,6809.05,,*,*,0.03,0.03,*,*,*,*,*,*,*
SEMILLAS DE CEREALES Y DERIVADOS,Mai tama e queso con rajas,CEREALS AND BY-PRODUCTS,"Corn, cheese and cie tri tamae",,1.00,1085.00,259.00,51.70,2.10,17.70,*,*,*,*,4.90,22.70,*,0.90,*,*,103.20,*,*,325.70,*,21.80,*,1.10,*,*,*,0.00,*,*,*,0.06,0.03,*,0.00,*,*,*,*,*
SEMILLAS DE CEREALES Y DERIVADOS,Mai tama roo,CEREALS AND BY-PRODUCTS,Corn re tamae,,1.00,*,*,*,*,*,*,*,*,*,*,*,*,*,*,*,*,*,*,*,*,*,*,*,*,*,*,*,*,*,*,*,*,*,*,*,*,*,*,*
SEMILLAS DE CEREALES Y DERIVADOS,Mai tama ere,CEREALS AND BY-PRODUCTS,Corn tamae in reen tomato ace,,1.00,831.00,257.00,55.53,0.80,10.85,*,*,*,*,2.85,28.97,*,0.55,2.90,2.60,*,*,*,*,*,*,0.39,1.88,*,*,*,*,*,*,*,*,*,*,*,*,*,*,*,*
SEMILLAS DE CEREALES Y DERIVADOS,"Maiz, tortilla",CEREALS AND BY-PRODUCTS,"Corn, tortilla",,1.00,879.00,210.00,45.20,0.99,1.20,0.45,0.69,1.42,0.00,5.21,46.85,0.88,1.56,6.18,*,253.32,160.80,3.05,11.00,214.00,62.00,0.10,1.40,0.40,0.01,*,2.00,0.00,0.00,0.06,0.16,0.09,0.95,0.00,0.22,0.00,0.00,5.00,0.00
SEMILLAS DE CEREALES Y DERIVADOS,"Maiz, tortilla con soya",CEREALS AND BY-PRODUCTS,"Corn, soybean tortilla",,1.00,928.00,222.00,43.80,1.20,4.10,*,*,*,*,6.80,41.94,*,2.16,*,*,128.00,172.00,4.85,*,*,*,*,*,*,*,*,*,*,*,*,0.25,0.07,1.17,*,*,*,*,*,*
SEMILLAS DE CEREALES Y DERIVADOS,"Maiz, tortilla con trigo",CEREALS AND BY-PRODUCTS,Corn eat tortia,,1.00,*,*,70.40,1.50,*,*,*,*,*,10.00,*,*,*,*,*,102.00,162.00,*,*,*,*,*,*,*,*,*,*,*,*,0.00,0.25,0.08,1.40,0.00,*,*,*,*,*
SEMILLAS DE CEREALES Y DERIVADOS,"Maiz, tostada deshidratada",CEREALS AND BY-PRODUCTS,"Corn, dehydrated toasted tortilla",,1.00,1839.00,438.00,1.46,2.53,13.07,*,*,*,*,8.27,71.77,1.58,1.09,7.96,*,74.35,195.51,2.48,350.54,216.17,97.57,0.00,1.77,*,*,*,*,*,*,*,*,*,*,*,*,*,*,*,*
SEMILLAS DE CEREALES Y DERIVADOS,"Maiz, tostada",CEREALS AND BY-PRODUCTS,"Corn, toasted tortilla",,1.00,2058.00,492.00,2.30,3.50,26.65,6.00,7.22,8.29,0.00,7.05,58.50,0.00,2.65,5.60,5.40,48.00,203.00,2.00,1036.00,237.00,76.00,0.22,1.63,0.36,0.02,*,*,*,*,*,0.35,0.09,1.55,*,0.36,*,*,*,*
SEMILLAS DE CEREALES Y DERIVADOS,Mai totaa nortea,CEREALS AND BY-PRODUCTS,"Corn, toasted tortilla, nortea",,1.00,2109.00,504.00,1.77,2.49,24.83,*,*,*,*,6.47,63.67,1.12,0.27,*,*,62.90,*,*,*,*,*,*,*,*,0.02,*,*,*,*,*,*,*,*,*,*,*,*,*,*
SEMILLAS DE CEREALES Y DERIVADOS,"Maiz, uchepo",CEREALS AND BY-PRODUCTS,"Corn, uchepo",,1.00,395.00,94.00,70.60,3.10,0.26,*,*,*,*,2.81,21.04,*,2.19,*,*,29.00,76.00,*,*,*,*,*,*,*,*,*,*,*,*,0.00,*,0.08,1.17,0.00,*,*,*,*,*
SEMILLAS DE CEREALES Y DERIVADOS,"Maiz, uchepo de leche",CEREALS AND BY-PRODUCTS,Corn mi ceo,,1.00,746.00,178.00,54.50,0.60,0.95,*,*,*,*,2.24,39.74,*,0.92,*,*,65.00,95.00,0.37,*,*,*,*,*,*,*,*,*,*,*,0.00,0.10,0.09,0.70,0.00,*,*,*,*,*
SEMILLAS DE CEREALES Y DERIVADOS,"Maiz, uchepo dulce",CEREALS AND BY-PRODUCTS,Corn eet ceo,,1.00,637.00,152.00,60.40,0.70,0.75,*,*,*,*,2.74,34.40,*,1.01,*,*,32.00,85.00,0.95,*,*,*,*,*,*,*,*,*,*,*,0.00,0.15,0.09,1.24,0.00,*,*,*,*,*
SEMILLAS DE CEREALES Y DERIVADOS,"Maiz, uchepo salado",CEREALS AND BY-PRODUCTS,"Corn, salted uchepo",,1.00,546.00,130.00,64.50,1.80,0.82,*,*,*,*,5.05,27.27,*,0.46,*,*,32.00,96.00,2.08,*,*,*,*,*,*,*,*,*,*,*,0.00,0.15,0.09,1.05,0.00,*,*,*,*,*
SEMILLAS DE CEREALES Y DERIVADOS,"Maiz, botana charritos",CEREALS AND BY-PRODUCTS,"Corn, snack charritos",,1.00,2100.00,502.00,2.18,4.43,30.75,3.61,7.913,14.01,0.00,7.04,53.68,1.16,1.92,5.30,*,164.00,157.00,1.32,545.00,135.00,84.00,*,1.58,*,*,*,0.00,0.00,*,*,0.02,0.64,0.36,0.00,0.12,0.00,*,13.00,0.00
SEMILLAS DE CEREALES Y DERIVADOS,"Maiz, botana chetos torcidos",CEREALS AND BY-PRODUCTS,"Corn, snack tite ceeto",,1.00,,563.00,1.68,*,36.56,5.51,10.90,19.64,7.00,5.87,53.00,3.03,*,1.70,*,36.00,70.00,2.80,840.00,154.00,13.00,0.20,0.70,0.20,*,*,161.00,48.00,*,*,0.16,0.16,4.71,0.00,0.08,0.48,*,89.00,0.00
SEMILLAS DE CEREALES Y DERIVADOS,"Maiz, botana fritos con a imn",CEREALS AND BY-PRODUCTS,"Corn, snack salt and emon rito",,1.00,1966.00,470.00,2.70,2.80,21.00,5.20,*,*,0.00,9.00,62.00,0.00,2.50,3.90,*,110.00,*,*,540.00,*,*,*,*,*,*,*,*,*,*,*,*,*,*,*,*,*,*,*,*
SEMILLAS DE CEREALES Y DERIVADOS,"Maiz, botana fritos con sal",CEREALS AND BY-PRODUCTS,"Corn, snack fritos",,1.00,2121.00,507.00,3.50,2.00,34.40,*,*,*,*,6.70,47.00,*,6.40,*,*,*,*,*,*,*,*,*,*,*,*,*,*,*,*,*,*,*,*,*,*,*,*,*,*
SEMILLAS DE CEREALES Y DERIVADOS,"Maiz, botana fritos con chile",CEREALS AND BY-PRODUCTS,"Corn, snack rito it cii",,1.00,2133.00,510.00,1.00,2.90,33.70,*,*,*,*,6.70,49.30,*,6.40,*,*,*,*,*,*,*,*,*,*,*,*,*,*,*,*,*,*,*,*,*,*,*,*,*,*
SEMILLAS DE CEREALES Y DERIVADOS,Mai botana aomita,CEREALS AND BY-PRODUCTS,"Corn, snack popcorn",,1.00,*,*,*,*,*,*,*,*,*,*,*,*,*,*,*,0.00,111.00,1.90,571.00,112.00,38.00,0.20,1.10,0.40,*,*,*,*,*,*,*,*,*,*,*,*,*,*,*
SEMILLAS DE CEREALES Y DERIVADOS,"Maiz, botana pizzerolas",CEREALS AND BY-PRODUCTS,"Corn, snack pizzerolas",,1.00,*,*,*,*,*,*,*,*,*,*,*,*,*,*,*,193.00,165.00,2.10,824.00,246.00,72.00,0.20,1.90,0.60,*,*,*,*,*,*,*,*,*,*,*,*,*,*,*
SEMILLAS DE CEREALES Y DERIVADOS,"Maiz, botana tostaditas",CEREALS AND BY-PRODUCTS,"Corn, snack ma toate tortia",,1.00,*,*,*,*,*,*,*,*,*,*,*,*,*,*,*,147.00,150.00,2.40,1273.00,180.00,71.00,0.30,1.60,0.70,*,*,*,*,*,*,*,*,*,*,*,*,*,*,*
SEMILLAS DE CEREALES Y DERIVADOS,"Mijo, grano",CEREALS AND BY-PRODUCTS,"Millet, grain",anicm miiacem L,,1582.00,378.00,8.67,3.25,4.22,0.72,0.77,2.13,0.00,11.02,72.85,*,*,8.50,*,8.00,285.00,3.01,5.00,195.00,114.00,0.75,168.00,1.63,0.00,*,0.00,0.00,*,*,0.42,0.29,4.72,0.00,0.38,0.00,0.00,85.00,0.00
SEMILLAS DE CEREALES Y DERIVADOS,"Sorgo, grano Martin Combineeari",CEREALS AND BY-PRODUCTS,Sorm rain Martin Combine,Sorm bicoor L Moench,,1572.00,376.00,9.30,1.50,3.29,0.46,0.99,1.37,0.00,11.85,72.87,*,1.60,6.30,2.04,18.00,189.00,2.55,6.00,350.00,687.00,0.74,1.80,4.30,0.01,*,*,0.00,*,0.02,0.30,0.05,4.06,0.00,*,0.00,*,*,*
SEMILLAS DE CEREALES Y DERIVADOS,"Sorgo, harina",CEREALS AND BY-PRODUCTS,Sorm mea,,1.00,1510.00,361.00,9.00,1.62,3.00,0.48,0.88,1.37,*,8.76,77.47,1.87,0.90,6.60,*,12.00,288.00,2.99,4.00,311.00,120.00,0.22,1.44,1.26,0.01,*,*,*,*,*,0.28,0.05,5.19,0.00,0.35,*,0.00,*,*
SEMILLAS DE CEREALES Y DERIVADOS,"Trigo, barra tipo panecillo",CEREALS AND BY-PRODUCTS,eat ma bread-type bar,anicm miiacem L,1.00,1538.00,367.00,16.40,2.50,15.10,*,*,*,*,21.60,43.30,*,1.10,*,*,92.00,24.40,76.90,385.30,348.00,65.40,0.30,6.10,*,*,*,*,*,*,*,0.19,0.48,,2.57,*,*,*,*,*
SEMILLAS DE CEREALES Y DERIVADOS,"Trigo, bisquet “light”",CEREALS AND BY-PRODUCTS,eat o fat biscuit,Sorm bicoor L Moench,1.00,1038.00,248.00,36.70,3.20,2.70,*,*,*,*,10.60,*,*,1.50,*,*,*,*,*,*,*,*,*,*,*,*,*,*,*,*,*,*,*,*,*,*,*,*,*,*
SEMILLAS DE CEREALES Y DERIVADOS,"Trigo, botana con cie a imn fritos",CEREALS AND BY-PRODUCTS,"Wheat, snack chile, at an emon rito",,1.00,1878.00,449.00,3.90,7.70,21.00,5.30,*,*,0.00,8.00,57.00,0.00,2.40,5.50,*,67.00,*,*,2500.00,*,*,*,*,*,*,*,*,*,*,*,*,*,*,*,*,*,*,*,*
SEMILLAS DE CEREALES Y DERIVADOS,"Trigo, botana Crrmai con imn",CEREALS AND BY-PRODUCTS,"Wheat, snack emon Crrmai",anicm miiacem L,1.00,*,*,*,*,*,*,*,*,*,*,*,*,*,*,*,141.00,174.00,4.70,655.00,241.00,75.00,0.20,2.10,0.70,*,*,*,*,*,*,*,*,*,*,*,*,*,*,*
SEMILLAS DE CEREALES Y DERIVADOS,"Trigo, botana Sabritones",CEREALS AND BY-PRODUCTS,"Wheat, snack Sabritones",,1.00,2006.00,480.00,5.36,6.73,28.38,*,*,*,*,8.02,51.54,*,0.87,*,*,119.00,206.00,13.70,2088.00,157.00,25.00,0.20,1.70,0.90,*,*,*,*,*,*,*,*,*,*,*,*,*,*,*
SEMILLAS DE CEREALES Y DERIVADOS,Trio ceat,CEREALS AND BY-PRODUCTS,eat Grain ceat,aorm ecentm Moench,,1435.11,343.00,9.75,1.72,3.40,0.74,1.04,1.04,0.00,13.25,71.50,*,*,10.00,2.10,18.00,347.00,2.20,1.00,460.00,231.00,0.58,2.40,1.50,0.01,*,0.00,0.00,*,*,0.10,0.43,7.02,0.00,0.21,0.00,*,30.00,0.00
SEMILLAS DE CEREALES Y DERIVADOS,"Trigo, cereal para desayuno con relleno de fresa",CEREALS AND BY-PRODUCTS,"Wheat, breakfast cereal traberrfie",,1.00,1874.00,441.70,3.60,1.50,12.90,*,*,*,*,6.10,75.30,*,0.60,*,*,34.89,*,2.64,220.67,192.50,31.54,*,0.88,*,*,*,2284.15,,*,*,*,*,*,*,*,*,*,*,*
SEMILLAS DE CEREALES Y DERIVADOS,"Trigo, cereal para desayuno tio A ran ibra Uno",CEREALS AND BY-PRODUCTS,"Wheat, breakfast cereal te A ran an ibra Uno",,1.00,1431.00,342.00,4.20,5.50,1.93,0.64,0.67,2.11,0.00,14.20,67.60,15.69,7.10,26.27,23.90,97.50,555.00,11.25,906.50,1082.50,292.50,0.94,5.53,9.15,0.01,*,1747.00,522.00,0.00,*,2.27,2.71,14.80,20.00,12.00,18.80,1249.00,2198.00,4.30
SEMILLAS DE CEREALES Y DERIVADOS,"Trigo, hojuelas, cereal para desayuno",CEREALS AND BY-PRODUCTS,eat ae Breakfast Cereal,,1.00,1514.00,362.00,4.50,4.10,1.25,0.40,0.50,1.10,0.00,11.85,75.80,17.00,3.80,17.50,*,48.00,277.00,4.40,846.00,443.00,122.00,0.20,4.08,2.00,0.01,*,2586.00,776.00,0.00,*,5.20,5.90,69.00,207.00,7.00,20.70,1360.00,2331.00,3.50
SEMILLAS DE CEREALES Y DERIVADOS,Trio fibra con aa cereal para desayuno,CEREALS AND BY-PRODUCTS,eatfiber it raiin breakfast cereal,,1.00,1429.00,342.00,5.90,4.50,2.00,0.48,0.34,0.95,0.00,12.00,69.65,31.30,12.70,11.40,*,50.00,210.00,3.30,482.00,747.00,91.00,0.50,1.60,2.50,0.00,*,1289.00,386.00,*,0.00,0.75,1.08,13.80,0.00,1.84,4.30,182.00,328.00,3.90
SEMILLAS DE CEREALES Y DERIVADOS,Trio aao con fibra cerea ara eano,CEREALS AND BY-PRODUCTS,"Wheat, bran fiber breakfast cereal",,1.00,1330.00,318.00,2.40,5.70,3.50,0.77,0.80,2.72,0.00,16.80,60.40,*,11.20,41.30,*,66.00,1314.00,13.88,27.90,895.40,606.00,1.09,11.23,17.38,*,*,0.00,0.00,*,*,1.10,0.45,20.62,0.00,0.68,0.23,152.00,299.00,0.00
SEMILLAS DE CEREALES Y DERIVADOS,Trio inao cerea para desayuno,CEREALS AND BY-PRODUCTS,"Wheat, puffed breakfast cereal",,1.00,1601.00,383.00,3.80,1.72,0.65,0.41,0.31,1.07,0.00,5.77,87.59,16.10,0.59,15.40,*,24.00,331.00,4.41,5.00,364.00,133.00,0.45,3.07,*,0.12,*,11.00,0.00,0.00,0.00,0.64,0.40,5.29,0.00,0.13,0.42,122.00,240.00,0.00
SEMILLAS DE CEREALES Y DERIVADOS,"Trigo, galleta con relleno de fruta",CEREALS AND BY-PRODUCTS,"Wheat, cookie it rit fiin",,1.00,2033.00,486.00,11.70,0.93,17.95,2.83,5.94,1.51,40.00,6.80,66.40,*,0.40,1.20,0.70,32.40,89.00,1.90,17.20,288.00,36.90,0.23,0.38,0.25,*,*,74.00,22.00,*,*,0.07,0.09,0.77,3.90,0.04,0.13,0.00,16.00,*
SEMILLAS DE CEREALES Y DERIVADOS,Trio aeta oorn,CEREALS AND BY-PRODUCTS,"Wheat, cookie, crmb cae",,1.00,2031.00,485.00,2.25,1.03,21.78,*,*,*,*,9.50,64.15,*,0.93,*,*,33.70,56.00,1.03,45.35,153.30,20.00,0.20,0.80,0.20,*,*,*,*,*,*,0.05,0.00,*,1.50,*,*,*,*,*
SEMILLAS DE CEREALES Y DERIVADOS,Trio aeta tio anic con reeno cremoo,CEREALS AND BY-PRODUCTS,eat aaiian cracker,,1.00,1926.00,461.00,4.65,1.23,21.25,6.38,8.50,3.55,0.00,5.78,72.80,41.01,0.25,2.80,*,22.00,100.00,8.68,460.00,215.00,49.00,0.36,0.89,0.68,0.02,*,2.00,0.00,0.00,0.00,0.14,0.12,2.19,0.00,0.00,0.00,58.00,111.00,0.00
SEMILLAS DE CEREALES Y DERIVADOS,"Trigo, galleta tipo María",CEREALS AND BY-PRODUCTS,"Wheat, cookie María type",,1.00,1999.95,478.00,4.80,1.20,21.10,5.43,11.84,2.66,51.00,5.10,67.90,*,0.50,5.10,4.10,24.00,82.00,1.70,661.00,113.00,26.00,0.22,1.03,1.00,*,*,*,26.00,*,*,0.23,0.21,2.69,0.00,0.06,0.19,42.00,82.00,*
SEMILLAS DE CEREALES Y DERIVADOS,"Trigo, galleta salada tipo Ritz",CEREALS AND BY-PRODUCTS,"Wheat, cookie, Ritz type",,1.00,2058.00,492.00,3.12,2.93,23.21,5.45,6.28,10.90,*,7.23,63.51,8.14,*,2.30,*,8.00,35.00,0.80,504.00,46.00,8.00,0.10,0.40,0.40,0.00,*,*,*,*,*,0.44,0.27,4.88,*,0.06,*,55.00,,*
SEMILLAS DE CEREALES Y DERIVADOS,"Trigo, galleta cuadritos con chocolate",CEREALS AND BY-PRODUCTS,eat cooie it chocolate squares,,1.00,1898.00,454.00,8.35,1.08,20.62,9.95,7.28,2.68,0.00,4.90,65.05,37.85,*,2.40,*,296.40,71.00,0.70,26.20,124.20,9.90,0.24,0.63,0.42,0.00,*,0.00,0.00,*,*,0.13,0.09,1.78,*,0.00,*,25.00,64.00,*
SEMILLAS DE CEREALES Y DERIVADOS,"Trigo, galleta",CEREALS AND BY-PRODUCTS,"Wheat, cookie",,1.00,1901.00,454.00,8.60,1.55,18.88,4.32,6.93,4.16,3.00,10.01,62.89,2.18,1.06,1.50,*,235.00,164.00,2.90,580.00,121.00,18.00,0.08,0.55,0.38,0.02,*,82.00,*,*,*,0.36,0.31,2.95,0.20,0.04,0.08,49.00,95.00,*
SEMILLAS DE CEREALES Y DERIVADOS,"Trigo, galleta con cobertura de sabores",CEREALS AND BY-PRODUCTS,"Wheat, cookie, diferent Icing",,1.00,2056.00,491.00,4.19,1.37,23.08,7.69,0.07,1.04,0.00,7.59,62.80,10.70,0.90,3.10,*,58.00,134.00,3.58,302.00,209.00,58.00,0.43,0.97,0.73,0.01,*,16.00,5.00,*,0.00,0.15,0.17,2.18,0.00,0.07,0.00,10.00,27.00,0.00
SEMILLAS DE CEREALES Y DERIVADOS,"Trigo, galleta con relleno de piloncillo",CEREALS AND BY-PRODUCTS,"Wheat, cookie fie ioncio",,1.00,2067.84,487.90,6.10,1.44,23.62,*,*,*,*,6.51,62.33,*,0.00,*,*,41.93,79.13,3.87,348.47,173.87,36.41,0.00,1.17,*,*,*,*,*,*,*,*,*,*,*,*,*,*,*,*
SEMILLAS DE CEREALES Y DERIVADOS,"Trigo, galleta e animaito",CEREALS AND BY-PRODUCTS,eat anima cracer,,1.00,1581.00,378.00,6.40,2.20,3.40,3.46,7.66,1.87,0.00,6.40,80.50,13.93,1.10,1.10,*,43.00,114.00,2.75,407.00,100.00,18.00,0.16,0.64,0.42,0.01,*,0.00,0.00,*,0.00,0.35,0.33,3.47,0.00,0.02,0.05,89.00,165.00,0.00
SEMILLAS DE CEREALES Y DERIVADOS,"Trigo, galleta de cuatro granos",CEREALS AND BY-PRODUCTS,"Wheat, four grains cookie",,1.00,1766.00,422.00,7.20,4.20,14.50,*,*,*,*,9.40,63.50,*,1.20,*,*,*,*,*,*,*,*,*,*,*,*,*,*,*,*,*,*,*,*,*,*,*,*,*,*
SEMILLAS DE CEREALES Y DERIVADOS,"Trigo, galleta e manteia",CEREALS AND BY-PRODUCTS,"Wheat, cookie butter",,1.00,2125.00,508.00,2.10,0.80,24.30,11.05,5.52,0.98,117.00,4.70,67.70,20.24,0.40,0.80,*,29.00,102.00,2.22,184.14,111.00,12.00,0.20,0.38,0.17,0.01,*,673.00,165.00,*,0.04,0.37,0.34,3.19,0.00,0.04,0.36,70.00,125.00,0.40
SEMILLAS DE CEREALES Y DERIVADOS,"Trigo, galleta de ostioncitos",CEREALS AND BY-PRODUCTS,"Wheat, oyster cracker",,1.00,1878.00,449.00,4.30,2.70,15.70,2.00,2.25,4.07,0.00,10.00,67.00,2.22,0.30,2.90,*,119.00,111.00,5.13,198.00,724.00,25.00,0.16,0.82,0.84,0.01,*,0.00,0.00,0.00,0.00,0.61,0.33,5.24,0.00,0.06,0.09,117.00,221.00,0.00
SEMILLAS DE CEREALES Y DERIVADOS,"Trigo, galleta Vienesa, con relleno de chocolate",CEREALS AND BY-PRODUCTS,"Wheat, chocolate- fie Viennee atr",,1.00,2174.00,520.00,1.30,1.35,26.30,3.68,10.63,2.26,0.00,6.15,64.55,*,0.50,1.50,*,27.00,75.00,2.21,161.12,187.00,48.00,*,0.98,*,*,*,*,0.00,*,*,0.26,0.24,2.69,0.00,0.00,0.03,48.00,87.00,*
SEMILLAS DE CEREALES Y DERIVADOS,"Trigo, galleta traiciona e manteca",CEREALS AND BY-PRODUCTS,"Wheat, traditional lard cookie",,1.00,2289.00,547.00,1.10,0.60,32.00,11.00,*,*,39.00,7.10,57.80,18.00,1.00,*,0.00,4.00,7.10,0.20,118.00,*,*,*,*,*,*,*,*,*,*,*,*,*,*,*,*,*,*,*,*
SEMILLAS DE CEREALES Y DERIVADOS,"Trigo, galleta light",CEREALS AND BY-PRODUCTS,eat oat cooie,,1.00,1895.20,446.80,3.70,2.10,14.80,1.87,5.24,4.76,0.00,12.20,66.20,3.24,1.00,0.90,*,106.70,73.00,1.30,126.47,195.76,29.77,0.15,0.77,0.34,0.00,*,0.00,0.00,*,0.00,0.48,0.23,3.66,0.00,0.02,0.00,63.00,114.00,0.00
SEMILLAS DE CEREALES Y DERIVADOS,Trio ermen,CEREALS AND BY-PRODUCTS,eat erm,Triticm atim Lam,1.00,1562.00,373.00,10.30,3.65,12.30,1.66,1.25,5.98,0.00,24.20,50.15,*,2.85,11.90,*,52.36,365.00,5.73,*,938.00,210.00,1.00,16.50,16.70,0.00,*,0.00,0.00,0.00,0.15,0.71,0.34,5.58,1.59,0.60,0.21,317.00,892.00,0.00
SEMILLAS DE CEREALES Y DERIVADOS,"Trigo, granillo",CEREALS AND BY-PRODUCTS,"Wheat, grits",Triticm atim Lam,1.00,1523.00,364.00,9.30,2.10,2.26,*,*,*,*,12.90,71.08,*,2.36,*,*,145.00,470.00,3.30,*,*,*,*,*,*,*,*,*,*,*,0.02,1.06,0.16,3.69,*,*,*,*,*,*
SEMILLAS DE CEREALES Y DERIVADOS,"Trigo, grano",CEREALS AND BY-PRODUCTS,"Wheat, grain",Triticm atim Lam,,1567.00,375.00,10.00,1.83,1.48,0.45,0.34,0.98,0.00,11.46,70.81,*,3.16,12.20,10.40,61.00,320.00,9.20,2.00,431.00,144.00,0.55,4.16,3.01,0.09,*,0.00,0.00,*,0.01,0.48,0.09,4.57,0.00,0.42,0.00,0.00,43.00,0.00
SEMILLAS DE CEREALES Y DERIVADOS,Trio arina refinaa,CEREALS AND BY-PRODUCTS,eat refine or,,1.00,1502.00,359.00,11.78,0.86,1.35,0.16,0.09,0.41,0.00,11.81,74.09,0.27,3.45,1.93,2.30,33.49,1.66,1.14,3.16,140.16,14.89,0.00,0.92,0.68,0.03,*,0.00,0.00,0.00,0.00,0.31,0.08,1.51,0.00,0.04,0.00,154.00,291.00,0.00
SEMILLAS DE CEREALES Y DERIVADOS,"Trigo, harina especial",CEREALS AND BY-PRODUCTS,eat ecia or,,1.00,1526.00,364.00,11.20,0.50,0.90,*,*,*,*,11.50,75.40,*,0.50,*,*,*,*,*,30.34,78.73,*,*,*,*,*,*,*,*,*,*,0.21,0.04,*,*,*,*,*,*,*
SEMILLAS DE CEREALES Y DERIVADOS,"Trigo, harina integral",CEREALS AND BY-PRODUCTS,eat oe eat or,,1.00,1497.00,357.00,8.00,1.68,2.26,0.43,0.28,1.17,0.00,11.34,74.26,0.41,2.88,10.70,*,24.61,0.00,3.66,1.58,297.16,76.85,0.16,2.33,*,*,*,9.00,0.00,0.00,*,0.41,0.06,4.96,0.00,0.41,0.00,25.00,44.00,0.00
SEMILLAS DE CEREALES Y DERIVADOS,"Trigo, harina para bolillos",CEREALS AND BY-PRODUCTS,"Wheat, bread ro or",,1.00,1569.00,375.00,9.40,1.00,1.60,0.24,0.14,0.73,0.00,11.50,76.50,0.31,0.00,2.40,1.75,44.00,122.00,4.79,2.00,100.00,25.00,0.18,0.85,0.79,0.04,*,2.00,0.00,0.00,*,0.52,0.08,1.50,0.00,0.04,0.00,150.00,288.00,0.00
SEMILLAS DE CEREALES Y DERIVADOS,"Trigo, harina para galletas light",CEREALS AND BY-PRODUCTS,eat oat cooie mi,,1.00,1568.90,369.30,7.50,2.20,2.50,3.97,8.58,2.01,2.00,10.30,76.40,4.02,1.10,2.10,*,106.96,585.00,1.12,168.69,197.17,30.01,0.15,0.85,0.34,0.01,*,4.00,2.00,*,*,0.58,0.44,4.54,0.30,0.08,0.39,91.00,189.00,0.00
SEMILLAS DE CEREALES Y DERIVADOS,"Trigo, harina preparada para hot cakes",CEREALS AND BY-PRODUCTS,eat ancae mi,,1.00,1435.00,343.00,13.50,4.30,1.06,0.24,0.28,0.61,0.00,9.46,67.20,2.90,1.20,1.40,1.20,449.00,782.00,9.85,494.65,198.60,104.00,0.35,1.64,2.24,0.01,*,192.40,2.00,*,*,1.18,1.16,6.70,2.60,0.23,0.00,28.00,102.00,*
SEMILLAS DE CEREALES Y DERIVADOS,"Trigo, harina para pastel",CEREALS AND BY-PRODUCTS,eat bain or,,1.00,1515.00,362.00,12.51,0.39,0.86,0.13,0.07,0.38,0.00,8.20,78.03,0.31,*,0.80,0.60,14.00,85.00,7.32,2.00,105.00,16.00,0.24,0.95,0.63,0.00,*,0.00,0.00,*,0.00,0.89,0.43,6.79,0.00,0.03,0.00,138.00,282.00,0.00
SEMILLAS DE CEREALES Y DERIVADOS,"Trigo, harina para pastel light",CEREALS AND BY-PRODUCTS,eat oat cae mi,,1.00,1550.90,365.10,8.00,3.30,3.10,1.25,3.48,3.18,0.00,11.50,72.80,4.11,1.30,*,*,67.55,296.00,0.90,289.84,192.25,29.90,0.06,0.69,0.30,0.00,*,0.00,0.00,*,*,0.29,0.18,2.40,0.00,0.02,0.00,60.00,111.00,*
SEMILLAS DE CEREALES Y DERIVADOS,"Trigo, harina para repostería",CEREALS AND BY-PRODUCTS,eat atr or,,1.00,1621.00,387.00,6.00,0.70,1.22,*,0.07,0.38,*,11.15,80.50,*,0.43,1.70,*,32.00,132.00,0.27,*,*,*,*,*,*,*,*,*,*,0.00,*,0.18,0.20,1.00,0.00,*,*,*,*,*
SEMILLAS DE CEREALES Y DERIVADOS,"Trigo, pan Virginia tradicional",CEREALS AND BY-PRODUCTS,"Wheat, traditional Virginia bread",,1.00,1180.00,282.00,29.50,0.96,3.11,*,*,*,*,9.24,55.93,*,*,3.49,*,34.38,48.00,3.96,258.27,190.04,27.05,*,1.28,*,*,*,*,*,*,0.00,0.59,0.52,4.13,0.00,*,*,*,*,*
SEMILLAS DE CEREALES Y DERIVADOS,"Trigo, pan bolillo",CEREALS AND BY-PRODUCTS,"Wheat, bread roll",,1.00,1272.00,304.00,27.38,1.03,0.32,2.50,*,*,5.00,9.42,60.15,15.00,0.55,1.20,1.20,34.37,106.00,2.35,331.50,115.50,25.35,0.24,1.43,0.80,*,*,*,*,*,0.00,0.26,0.09,0.95,0.00,*,*,*,*,*
SEMILLAS DE CEREALES Y DERIVADOS,"Trigo, pan bolillo integral",CEREALS AND BY-PRODUCTS,eat oe eat brea ro,,1.00,1361.00,325.00,18.90,2.10,0.40,*,*,*,*,10.58,67.76,*,0.26,*,*,62.00,123.00,2.99,*,*,*,*,*,*,*,*,*,*,0.00,0.00,0.20,0.07,1.70,0.00,*,*,*,*,*
SEMILLAS DE CEREALES Y DERIVADOS,"Trigo, pan bolita",CEREALS AND BY-PRODUCTS,"Wheat, “bolita” bread",,1.00,1393.00,333.00,18.80,1.60,2.30,*,*,*,*,10.20,66.20,*,0.90,*,*,*,*,*,*,*,*,*,*,*,*,*,*,*,*,*,*,*,*,*,*,*,*,*,*
SEMILLAS DE CEREALES Y DERIVADOS,"Trigo, pan bollo tradicional",CEREALS AND BY-PRODUCTS,"Wheat ,traditional ambrer bn",,1.00,1983.00,474.00,19.45,*,30.54,1.18,1.30,2.78,3.00,8.15,40.23,*,*,2.00,*,41.00,115.00,2.00,303.50,153.00,29.70,*,1.06,*,*,*,*,22.00,*,*,0.41,0.38,3.59,0.00,0.05,0.06,49.00,125.00,*
SEMILLAS DE CEREALES Y DERIVADOS,"Trigo, pan e Acambaro",CEREALS AND BY-PRODUCTS,eat Acambaro brea,,1.00,1544.68,364.00,18.36,0.52,9.26,*,*,*,*,8.22,61.93,*,1.70,5.99,*,21.67,50.60,1.98,81.96,106.49,18.69,0.00,0.00,*,*,*,*,*,*,*,0.06,*,*,*,*,*,*,*,*
SEMILLAS DE CEREALES Y DERIVADOS,"Trigo, pan de caja blanco",CEREALS AND BY-PRODUCTS,eat ite brea oa,,1.00,1115.00,267.00,35.73,1.90,2.78,0.80,0.54,1.61,0.00,9.85,49.90,6.08,0.90,1.80,1.40,53.00,122.00,2.60,611.00,127.50,21.20,0.17,1.50,0.70,0.03,*,2.00,0.00,0.00,0.00,0.47,0.27,5.93,0.20,0.11,0.00,20.00,99.00,0.00
SEMILLAS DE CEREALES Y DERIVADOS,"Trigo, pan de caja, 5 granos bajo en sodio",CEREALS AND BY-PRODUCTS,eat rain o oim brea,,1.00,1125.50,265.20,37.90,2.30,6.40,*,*,*,*,12.60,39.30,1.50,1.50,*,*,22.68,*,3.47,260.89,283.58,51.34,0.00,2.40,*,*,*,*,*,*,*,*,*,*,*,*,*,*,*,*
SEMILLAS DE CEREALES Y DERIVADOS,"Trigo, pan de fieta eria",CEREALS AND BY-PRODUCTS,"Wheat, festival brea air",,1.00,1366.20,321.80,26.30,0.40,5.80,*,*,*,*,5.80,61.60,*,0.10,*,*,11.78,*,0.00,0.51,*,*,*,0.61,*,*,*,*,*,*,*,*,*,*,*,*,*,*,*,*
SEMILLAS DE CEREALES Y DERIVADOS,"Trigo, pan de sal, bisquets",CEREALS AND BY-PRODUCTS,"Wheat, salted eni mfin",,1.00,1611.00,385.00,23.00,2.80,17.80,7.10,*,*,10.70,5.00,51.30,3.60,0.00,1.80,*,20.00,78.00,1.00,950.00,82.00,19.00,0.20,1.40,0.50,*,*,*,*,*,*,*,*,*,*,*,*,*,*,*
SEMILLAS DE CEREALES Y DERIVADOS,"Trigo, pan de sal, bisquet integral",CEREALS AND BY-PRODUCTS,"Wheat, salted, oe biit",,1.00,1805.80,426.20,17.60,2.90,22.20,*,*,*,*,8.00,48.60,7.90,0.70,*,*,358.45,*,2.85,380.89,190.70,50.55,0.00,1.61,*,*,*,*,*,*,*,*,*,*,*,*,*,*,*,*
SEMILLAS DE CEREALES Y DERIVADOS,"Trigo, pan dulce Amarai",CEREALS AND BY-PRODUCTS,eat eet brea Amarai,,1.00,1164.90,275.70,23.30,1.10,27.30,*,*,*,*,6.70,40.80,12.10,0.80,*,*,66.42,*,4.14,48.74,172.91,43.41,0.00,1.52,*,*,*,*,*,*,*,*,*,*,*,*,*,*,*,*
SEMILLAS DE CEREALES Y DERIVADOS,"Trigo, pan dulce, borrachos",CEREALS AND BY-PRODUCTS,eat eet brea “borrachos”,,1.00,*,*,*,*,*,*,*,*,*,*,*,*,*,*,*,10.00,64.00,1.20,22.00,104.00,20.00,0.10,1.40,0.40,*,*,*,*,*,*,*,*,*,*,*,*,*,*,*
SEMILLAS DE CEREALES Y DERIVADOS,"Trigo, pan dulce, beo",CEREALS AND BY-PRODUCTS,eat eet brea fritters,,1.00,1724.00,412.00,17.90,1.10,18.30,4.67,10.45,2.29,11.00,3.10,59.50,35.11,*,1.20,*,14.00,41.00,1.00,62.00,42.00,13.00,0.20,0.60,0.20,0.00,*,8.00,2.00,*,0.00,0.18,0.23,2.13,0.00,0.02,0.05,34.00,66.00,0.00
SEMILLAS DE CEREALES Y DERIVADOS,"Trigo, pan dulce, cocol",CEREALS AND BY-PRODUCTS,eat eet brea “cocol”,,1.00,1874.00,448.00,11.40,1.30,21.60,*,*,*,*,9.70,55.40,*,0.60,*,*,*,*,*,*,*,*,*,*,*,*,*,*,*,*,*,*,*,*,*,*,*,*,*,*
SEMILLAS DE CEREALES Y DERIVADOS,"Trigo, pan dulce, conchita tradicional",CEREALS AND BY-PRODUCTS,eat eet brea traditional “conchita”,,1.00,1596.00,381.00,19.96,0.67,14.24,*,*,*,*,9.00,55.59,12.50,*,2.87,*,34.00,48.00,4.17,283.17,205.33,16.40,0.24,1.30,*,0.03,*,*,*,0.00,*,0.04,0.03,3.94,0.00,*,*,*,*,*
SEMILLAS DE CEREALES Y DERIVADOS,"Trigo, pan dulce, cuerno tradicional",CEREALS AND BY-PRODUCTS,eat eet brea traditional croissant,,1.00,1803.00,429.00,18.81,1.70,20.16,10.70,5.53,1.09,21.40,9.17,52.74,6.05,0.35,1.00,*,10.57,72.00,1.46,288.98,134.78,15.12,0.20,1.21,0.70,0.02,*,744.00,206.00,*,*,0.39,0.24,2.19,0.20,0.06,0.16,60.00,130.00,0.00
SEMILLAS DE CEREALES Y DERIVADOS,"Trigo, pan dulce dona tradicional",CEREALS AND BY-PRODUCTS,eat eet brea traditional doughnut,,1.00,1885.00,451.00,17.84,2.40,24.51,3.02,8.10,7.08,20.00,7.82,49.80,21.58,*,2.20,*,30.00,104.00,3.90,312.50,176.50,18.15,0.11,1.05,0.86,0.02,*,12.00,3.00,*,0.00,0.22,0.24,1.85,0.20,0.10,0.17,5.00,24.00,0.00
SEMILLAS DE CEREALES Y DERIVADOS,"Trigo, pan dulce, emanaa e caabaa",CEREALS AND BY-PRODUCTS,eat eet brea squash pasty,,1.00,1506.00,360.00,28.00,1.10,15.70,7.10,*,*,14.30,5.70,48.60,23.00,0.50,1.40,*,11.00,71.00,1.30,280.00,92.00,18.00,0.20,1.60,0.60,*,*,*,*,*,*,*,*,*,*,*,*,*,*,*
SEMILLAS DE CEREALES Y DERIVADOS,"Trigo, pan dulce, marranito an con meaa aní",CEREALS AND BY-PRODUCTS,eat eet bre a marranito brea it moae an anie,,1.00,1636.00,391.00,14.00,1.90,12.50,5.40,*,*,8.90,7.10,64.30,32.00,0.00,1.40,*,20.00,*,1.30,509.00,*,*,*,*,*,*,*,*,*,*,*,*,*,*,*,*,*,*,*,*
SEMILLAS DE CEREALES Y DERIVADOS,"Trigo, pan dulce, mfin intera",CEREALS AND BY-PRODUCTS,eat eet brea oe mfin,,1.00,1642.30,317.50,24.30,1.30,18.30,0.33,0.51,0.83,0.00,7.20,48.50,14.90,0.40,6.70,*,131.60,282.00,2.43,166.44,153.79,38.00,0.00,1.38,1.79,0.04,*,5.00,0.00,*,0.00,0.30,0.14,3.41,0.00,0.16,0.00,0.00,49.00,0.00
SEMILLAS DE CEREALES Y DERIVADOS,"Trigo, pan dulce, novias",CEREALS AND BY-PRODUCTS,eat eet brea “novias”,,1.00,*,*,*,*,*,*,*,*,*,*,*,*,*,*,*,13.00,65.00,1.20,16.00,112.00,15.00,0.20,1.30,0.50,*,*,*,*,*,*,*,*,*,*,*,*,*,*,*
SEMILLAS DE CEREALES Y DERIVADOS,"Trigo, pan dulce, panque con nuez",CEREALS AND BY-PRODUCTS,eat eet brea on cae it nt,,1.00,*,*,*,*,*,*,*,*,*,*,*,*,*,1.30,1.00,*,*,*,*,*,*,0.34,1.14,*,*,*,*,*,*,*,*,*,*,*,*,*,*,*,*
SEMILLAS DE CEREALES Y DERIVADOS,"Trigo, pan dulce panqués de tienda",CEREALS AND BY-PRODUCTS,eat eet brea store-bought pound cake,,1.00,1748.91,418.00,21.29,1.45,21.70,*,*,*,*,6.62,48.94,28.77,*,1.00,*,206.00,59.00,1.20,269.00,75.00,17.00,0.20,1.30,0.30,0.02,*,*,*,*,*,0.08,0.15,0.62,*,0.03,*,*,*,*
SEMILLAS DE CEREALES Y DERIVADOS,"Trigo, pan dulce, pintos",CEREALS AND BY-PRODUCTS,eat eet brea “pintos”,,1.00,*,*,*,*,*,*,*,*,*,*,*,*,*,*,*,17.00,72.00,1.20,157.00,84.00,18.00,0.20,1.10,0.30,*,*,*,*,*,*,*,*,*,*,*,*,*,*,*
SEMILLAS DE CEREALES Y DERIVADOS,"Trigo, pan dulce, marranito roca e ce manteca",CEREALS AND BY-PRODUCTS,eat eet brea ar an ar rinae brea,,1.00,1950.00,466.00,7.00,1.20,21.20,*,*,*,*,7.00,63.10,*,0.50,*,*,*,69.00,1.20,447.00,107.00,19.50,0.25,1.70,0.70,*,*,*,*,*,*,*,*,*,*,*,*,*,*,*
SEMILLAS DE CEREALES Y DERIVADOS,"Trigo, pan dulce, emita e aní",CEREALS AND BY-PRODUCTS,eat eet brea Anie emita,,1.00,*,*,*,*,*,*,*,*,*,*,*,*,*,*,*,25.00,66.00,1.80,13.00,159.00,24.00,0.20,2.20,0.90,*,*,*,*,*,*,*,*,*,*,*,*,*,*,*
SEMILLAS DE CEREALES Y DERIVADOS,"Trigo, pan dulce, teacamie",CEREALS AND BY-PRODUCTS,eat eet brea tecamie,,1.00,*,*,*,*,*,*,*,*,*,*,*,*,*,*,*,6.00,61.00,1.40,377.00,79.00,14.00,0.20,1.10,0.40,*,*,*,*,*,*,*,*,*,*,*,*,*,*,*
SEMILLAS DE CEREALES Y DERIVADOS,"Trigo, pan dulce, tostadas de dulce",CEREALS AND BY-PRODUCTS,eat eet brea sugar toast,,1.00,*,*,*,*,*,*,*,*,*,*,*,*,*,*,*,262.00,66.00,2.10,202.00,72.00,17.00,0.20,1.20,1.30,*,*,*,*,*,*,*,*,*,*,*,*,*,*,*
SEMILLAS DE CEREALES Y DERIVADOS,"Trigo, pan enriquecido rebanado",CEREALS AND BY-PRODUCTS,"Wheat, sliced enriched bread",,1.00,1285.00,307.00,27.03,1.83,3.50,*,*,*,*,9.38,58.37,*,0.40,*,*,108.00,114.00,33.90,*,*,*,*,*,*,*,*,*,*,*,*,0.45,0.23,3.13,0.00,*,*,*,*,*
SEMILLAS DE CEREALES Y DERIVADOS,Trio an intera caa,CEREALS AND BY-PRODUCTS,eat oe brea oa,,1.00,1101.00,263.00,33.50,1.70,0.64,0.92,1.68,1.00,*,8.70,54.02,2.10,1.44,6.10,5.40,41.00,233.00,4.65,527.00,25.00,2.00,0.23,2.00,1.50,0.04,*,*,0.00,0.00,*,0.31,0.18,1.09,0.00,0.18,0.01,0.00,50.00,0.00
SEMILLAS DE CEREALES Y DERIVADOS,Trio an moio,CEREALS AND BY-PRODUCTS,"Wheat, ground brea crmb",,1.00,1652.68,395.00,6.51,2.87,5.30,0.34,1.02,2.06,0.00,13.35,71.98,6.20,*,4.50,*,39.00,95.00,1.20,439.00,80.00,16.00,0.10,0.70,0.50,0.03,*,0.00,0.00,0.00,0.00,0.97,0.40,6.63,0.00,0.12,0.35,82.00,164.00,0.00
SEMILLAS DE CEREALES Y DERIVADOS,"Trigo, pan tradici o n a l de Sonora baao e ce e ioncio",CEREALS AND BY-PRODUCTS,eat traition a brea rom Sonora bate in ioncio r,,,2001.60,472.30,8.30,1.10,22.70,*,,,*,6.90,60.10,*,0.90,*,*,*,*,*,*,*,*,*,*,*,*,*,*,*,*,*,*,*,*,*,*,*,*,*,*
SEMILLAS DE CEREALES Y DERIVADOS,Trio an mtirano,CEREALS AND BY-PRODUCTS,eat mtirain brea,,1.00,1108.00,265.00,36.94,*,4.23,0.87,0.76,1.87,0.00,13.96,43.34,6.39,*,7.40,*,47.00,173.00,4.30,599.00,192.00,54.00,0.80,3.00,2.40,*,*,0.00,0.00,*,0.00,0.28,0.13,4.04,0.10,0.26,0.00,0.00,75.00,0.00
SEMILLAS DE CEREALES Y DERIVADOS,"Trigo, pan negro oaa",CEREALS AND BY-PRODUCTS,eat bron brea oa,,1.00,1213.00,290.00,28.80,2.40,2.10,*,*,*,*,7.95,58.28,1.80,0.47,5.10,*,49.00,139.00,4.25,550.00,210.00,75.00,0.23,1.60,*,*,*,*,0.00,0.00,0.00,0.23,0.14,1.32,0.00,0.08,0.00,21.00,36.00,0.00
SEMILLAS DE CEREALES Y DERIVADOS,"Trigo, pan para hot dog",CEREALS AND BY-PRODUCTS,"Wheat, hot dog bun",,1.00,1164.00,278.00,34.18,2.06,3.76,0.89,0.90,1.59,0.00,9.87,50.15,6.37,*,1.70,1.30,173.00,107.00,3.43,500.00,127.00,24.00,0.33,0.92,0.55,0.02,*,1.00,0.00,*,0.00,0.64,0.21,4.77,1.30,0.07,0.20,86.00,171.00,0.00
SEMILLAS DE CEREALES Y DERIVADOS,"Trigo, pan dulce, ambao",CEREALS AND BY-PRODUCTS,eat eet brea ambao,,1.00,*,*,*,*,*,*,*,*,*,*,*,*,*,*,*,12.00,74.00,1.10,433.00,105.00,20.00,0.20,1.60,0.60,*,*,*,*,*,*,*,*,*,*,*,*,*,*,*
SEMILLAS DE CEREALES Y DERIVADOS,"Trigo, pan tostado",CEREALS AND BY-PRODUCTS,"Wheat, toast",,1.00,1722.00,411.00,3.40,1.60,6.50,0.92,1.97,0.74,0.00,13.10,73.80,5.77,1.60,9.20,2.00,90.00,144.00,4.69,493.00,326.00,99.00,0.67,2.15,2.55,0.01,*,4.00,0.00,0.00,0.00,0.20,0.28,1.67,0.00,0.24,0.00,0.00,52.00,0.00
SEMILLAS DE CEREALES Y DERIVADOS,Trio ata eca fina,CEREALS AND BY-PRODUCTS,"Wheat, dry pasta",,1.00,2325.00,549.00,4.67,0.62,30.19,*,*,*,*,6.58,60.39,21.40,0.97,1.40,*,44.36,*,4.02,45.92,123.94,*,*,0.92,*,*,*,37.21,*,*,*,*,*,*,0.00,*,*,*,*,*
SEMILLAS DE CEREALES Y DERIVADOS,"Trigo, pasta para oa fieo",CEREALS AND BY-PRODUCTS,eat ermicei o pasta,,1.00,1558.00,372.00,9.60,0.80,0.65,0.28,0.17,0.46,0.00,11.41,76.67,2.67,0.40,3.20,*,21.00,189.00,3.30,6.00,223.00,53.00,0.36,1.33,0.92,0.06,*,0.00,0.00,0.00,0.00,0.89,0.40,7.18,0.00,0.14,0.00,219.00,391.00,0.00
SEMILLAS DE CEREALES Y DERIVADOS,"Trigo, pasta para sopa e moa MooCoo S aetti ieo",CEREALS AND BY-PRODUCTS,eat o ata,,1.00,1337.35,314.91,24.80,1.56,4.07,*,*,*,*,4.46,65.11,*,*,*,*,*,*,182.84,5.55,*,*,*,67.84,*,*,*,*,*,*,*,*,*,*,*,*,*,*,*,*
SEMILLAS DE CEREALES Y DERIVADOS,"Trigo, pasta para sopa con huevo",CEREALS AND BY-PRODUCTS,eat o egg pasta,,1.00,1553.00,371.00,7.80,0.70,0.30,1.18,1.25,1.33,84.00,11.30,78.40,1.88,1.50,3.30,*,35.00,241.00,4.01,21.00,244.00,58.00,0.30,1.92,0.86,0.08,*,62.00,17.00,*,*,1.13,0.42,8.39,0.00,0.22,0.29,201.00,370.00,11.00
SEMILLAS DE CEREALES Y DERIVADOS,"Trigo, pasta para sopa, cocida",CEREALS AND BY-PRODUCTS,eat o ata cooked,,1.00,416.00,97.00,77.70,0.82,2.23,0.18,0.13,0.32,0.00,2.76,16.43,0.56,0.05,4.00,0.90,39.30,15.00,0.54,349.80,48.30,18.00,0.48,1.24,0.32,0.03,*,11.78,0.00,0.00,0.00,0.27,0.00,0.61,0.00,0.05,0.00,66.00,119.00,0.00
SEMILLAS DE CEREALES Y DERIVADOS,"Trigo, pastel light",CEREALS AND BY-PRODUCTS,eat oat cae,,1.00,830.50,195.60,51.70,1.80,3.20,*,*,*,*,8.30,33.40,2.19,1.60,1.00,*,34.47,160.00,0.43,147.83,139.75,17.89,0.11,0.29,*,*,*,*,80.00,0.00,*,0.11,0.24,0.60,0.00,0.08,1.00,10.00,*,1.02
SEMILLAS DE CEREALES Y DERIVADOS,Trio ateito reeno cremoo mermeaa e a b o r con in cobertura de chocolate,CEREALS AND BY-PRODUCTS,eat atrie cre a m in fiin an am itot coerae tate it chocolate,,1.00,1613.00,386.00,17.00,2.02,9.73,*,*,*,*,3.88,65.63,*,0.40,1.00,0.50,*,*,*,*,*,*,0.21,0.75,*,*,*,*,*,*,*,*,*,*,*,*,*,*,*,*
SEMILLAS DE CEREALES Y DERIVADOS,"Trigo, pastelill o c on relleno cremoo cbierto con a de chocolate",CEREALS AND BY-PRODUCTS,eat atrie cream fie cocoate coere it a,,1.00,699.00,167.00,11.90,1.70,11.70,*,*,*,*,4.10,11.70,*,1.00,2.84,2.00,*,*,*,*,*,*,0.35,0.75,*,*,*,*,*,*,*,*,*,*,*,*,*,*,*,*
SEMILLAS DE CEREALES Y DERIVADOS,"Trigo, pastelito de chocolate con reeno crema rea",CEREALS AND BY-PRODUCTS,eat ma cocoate cae it traberr cream fiin,,1.00,1314.00,314.00,16.90,1.10,23.30,*,*,*,*,3.30,23.50,*,0.90,2.10,2.00,75.00,76.00,2.40,306.00,190.00,40.00,0.38,0.97,1.00,*,*,*,*,*,*,*,*,*,*,*,*,*,*,*
SEMILLAS DE CEREALES Y DERIVADOS,Trio oorn e diferentes sabores,CEREALS AND BY-PRODUCTS,eat crmb cae o ierent aor,,1.00,2047.00,489.00,4.21,1.91,22.89,*,*,*,*,9.19,61.58,*,0.62,*,*,*,*,*,*,*,*,*,*,*,*,*,*,*,*,*,*,*,*,*,*,*,*,*,*
SEMILLAS DE CEREALES Y DERIVADOS,"Trigo, salvado",CEREALS AND BY-PRODUCTS,"Wheat, bran",Triticm atim Lam,1.00,1329.00,317.00,10.50,7.15,2.05,0.63,0.64,2.21,0.00,16.05,59.23,0.41,9.83,42.80,39.50,201.33,1240.00,12.53,52.00,1182.00,611.00,1.00,7.27,11.50,0.08,*,9.00,0.00,0.01,0.03,0.76,0.23,19.73,1.62,1.30,0.00,0.00,79.00,0.00
SEMILLAS DE CEREALES Y DERIVADOS,Trio moa,CEREALS AND BY-PRODUCTS,eat emoa,Triticm aetim L,1.00,1497.69,352.50,13.20,0.83,1.74,0.15,0.12,0.43,0.00,10.11,74.10,*,0.02,3.90,*,17.00,136.00,1.23,1.00,186.00,47.00,0.19,1.05,0.62,*,*,0.00,0.00,0.00,*,0.28,0.08,3.31,0.00,0.10,0.00,0.00,72.00,0.00
SEMILLAS DE CEREALES Y DERIVADOS,"Trigo, tortillas de harina",CEREALS AND BY-PRODUCTS,eat or tortia Norteo te,,1.00,1568.00,374.00,22.68,2.72,13.87,4.00,*,*,0.00,8.81,50.58,0.00,0.43,4.80,4.00,15.50,67.50,1.86,647.67,259.70,23.00,0.23,2.86,*,*,*,*,*,0.00,*,0.08,0.07,3.09,0.00,*,*,*,*,*
SEMILLAS DE CEREALES Y DERIVADOS,"Trigo, tortilla de arina aa",CEREALS AND BY-PRODUCTS,eat or tortia ater,,1.00,1135.00,271.00,26.93,1.93,4.45,0.70,2.77,0.92,*,8.00,53.12,*,*,5.57,*,33.00,88.00,1.30,579.00,265.00,9.00,*,0.90,*,*,*,*,*,0.00,*,0.02,0.06,3.51,0.00,*,*,*,*,*
SEMILLAS DE CEREALES Y DERIVADOS,"Trigo, tortilla de arina comercia",CEREALS AND BY-PRODUCTS,eat or tortia commercia,,1.00,1236.00,295.00,27.65,3.34,9.78,*,*,*,*,7.15,47.66,*,*,4.51,*,109.00,80.00,1.20,760.00,279.00,22.00,*,0.70,*,*,*,*,*,0.00,*,0.04,0.07,3.35,0.00,*,*,*,*,*
SEMILLAS DE CEREALES Y DERIVADOS,"Trigo, tortilla de harina con azúcar tostada",CEREALS AND BY-PRODUCTS,eat or tortia it toate ar,,1.00,2213.00,529.00,0.30,0.60,26.70,5.70,*,*,25.70,7.70,62.80,20.00,0.20,0.00,*,20.00,*,0.60,64.50,*,*,*,*,*,*,*,*,*,*,*,*,*,*,*,*,*,*,*,*
SEMILLAS DE CEREALES Y DERIVADOS,"Trigo, tortilla, harina integral con ajonjolí tostada",CEREALS AND BY-PRODUCTS,eat or tortia it roate eame ee,,1.00,2234.00,534.00,0.60,1.00,28.60,5.70,*,*,25.70,8.60,60.00,17.10,1.20,4.05,3.90,50.00,*,0.50,48.60,*,*,0.45,3.13,*,*,*,*,*,*,*,*,*,*,*,*,*,*,*,*
SEMILLAS DE CEREALES Y DERIVADOS,"Triticale, grano",CEREALS AND BY-PRODUCTS,"Triticale, grain",Triticm e Secae e triticae,,1406.00,336.00,10.51,2.23,2.09,0.37,0.21,0.91,0.00,13.05,72.13,*,*,6.74,*,37.00,358.00,2.57,5.00,332.00,130.00,0.46,3.45,3.21,*,*,0.00,0.00,*,*,0.42,0.13,1.43,0.00,0.14,0.00,0.00,73.00,0.00
SEMILLAS DE CEREALES Y DERIVADOS,"Triticale, harina",CEREALS AND BY-PRODUCTS,Triticae or,,1.00,1414.00,338.00,10.01,1.85,1.81,0.32,0.18,0.79,0.00,9.51,73.14,*,*,14.60,*,35.00,321.00,2.59,2.00,466.00,28.42,0.56,2.66,4.19,*,*,0.00,0.00,*,*,0.38,0.13,2.86,0.00,0.40,0.00,0.00,74.00,0.00
SEMILLAS DE CEREALES Y DERIVADOS,"Varios, barra de cereal",CEREALS AND BY-PRODUCTS,"Miscellaneous, cereal bar",,1.00,2087.70,492.50,1.70,1.80,21.70,*,*,*,*,5.20,69.10,*,0.50,*,*,47.29,*,6.55,426.17,187.52,36.94,*,4.73,*,*,*,2118.88,*,*,*,*,*,*,*,*,*,*,*,*
SEMILLAS DE CEREALES Y DERIVADOS,"Varios, cereal con cubierta sabor a chocolate",CEREALS AND BY-PRODUCTS,"Miscellaneous, chocolate- coated cereal bar",,1.00,2090.50,493.20,1.90,1.70,22.00,*,*,*,*,5.20,68.60,*,0.60,*,*,50.25,*,4.02,197.65,233.70,50.74,*,1.06,*,*,*,141.78,*,*,*,*,*,*,*,*,*,*,*,*
SEMILLAS DE LEGUMINOSAS Y DERIVADOS,Alubia Chica,LEGUMES AND BY-PRODUCTS,ine ean Sma,Phaseolus vulgaris L.,1.00,*,*,9.20,3.70,*,*,*,*,*,20.30,*,*,*,*,*,157.00,406.00,6.60,*,*,*,*,*,*,*,*,3.33,*,*,0.01,0.11,0.18,1.82,3.10,*,*,*,*,*
SEMILLAS DE LEGUMINOSAS Y DERIVADOS,Alubia. fabada enlatada,LEGUMES AND BY-PRODUCTS,"Kidney, bean fabada canned",,1.00,307.00,73.00,79.10,1.10,4.40,*,*,*,*,4.00,5.60,*,5.80,*,*,*,*,*,*,*,*,*,*,*,*,*,*,*,*,*,*,*,*,*,*,*,*,*,*
SEMILLAS DE LEGUMINOSAS Y DERIVADOS,Alubia Grande,LEGUMES AND BY-PRODUCTS,Kidney Bean Large,Phaseolus vulgaris L.,1.00,*,*,11.40,3.70,*,*,*,*,*,20.20,*,*,*,*,*,108.00,362.00,6.60,*,*,*,*,*,*,0.03,*,8.30,*,*,0.05,0.81,0.20,2.14,3.00,*,*,*,*,*
SEMILLAS DE LEGUMINOSAS Y DERIVADOS,"Alubia Grande, cocida",LEGUMES AND BY-PRODUCTS,"Kidney Bean Large, cooked",Phaseolus vulgaris L.,1.00,*,*,*,*,*,*,*,*,*,*,*,*,*,*,*,39.00,75.00,1.50,17.00,263.00,33.00,0.20,0.70,*,*,*,*,*,*,*,*,*,*,*,*,*,*,*,*
SEMILLAS DE LEGUMINOSAS Y DERIVADOS,"Alubia, harina",LEGUMES AND BY-PRODUCTS,ine ean or,Phaseolus vulgaris L.,1.00,1360.00,325.00,7.70,4.90,2.78,*,*,*,*,19.40,58.62,*,6.60,*,*,84.00,246.00,8.36,*,*,*,*,*,*,*,*,*,*,*,0.00,0.03,0.41,2.38,0.00,*,*,*,*,*
SEMILLAS DE LEGUMINOSAS Y DERIVADOS,"Alubia, puré",LEGUMES AND BY-PRODUCTS,"Kidney Bean, purée",,1.00,546.00,130.00,68.50,2.60,3.90,*,*,*,*,5.90,19.00,*,0.10,*,*,*,*,*,*,*,*,*,*,*,*,*,*,*,*,*,*,*,*,*,*,*,*,*,*
SEMILLAS DE LEGUMINOSAS Y DERIVADOS,Aern rano,LEGUMES AND BY-PRODUCTS,Meao Green ea ee,im atim L ar rm,1.00,*,*,10.20,3.10,*,*,*,*,*,20.49,*,*,*,*,*,72.00,287.00,6.65,*,*,*,*,*,*,0.05,*,33.33,*,*,0.02,0.91,0.18,2.30,0.00,*,*,*,*,*
SEMILLAS DE LEGUMINOSAS Y DERIVADOS,"Cacahuate, crudo",LEGUMES AND BY-PRODUCTS,eant ra,Arachys hypogaea L.,1.00,2172.00,519.00,6.05,2.56,38.96,6.83,24.43,15.56,0.00,26.95,19.34,3.10,1.48,8.50,*,49.50,362.33,5.28,16.75,634.52,173.42,0.00,2.88,1.93,0.07,*,3.30,0.00,0.00,0.00,0.17,16.44,0.70,0.00,0.35,0.00,0.00,240.00,0.00
SEMILLAS DE LEGUMINOSAS Y DERIVADOS,"Cacahuate, dorado",LEGUMES AND BY-PRODUCTS,"Peanut, roasted",,1.00,2308.70,545.20,1.00,3.50,33.60,*,*,*,*,12.70,48.00,*,1.20,*,*,79.33,182.50,3.41,1029.77,359.44,90.49,0.08,2.26,*,*,*,*,*,*,*,*,*,*,*,*,*,*,*,*
SEMILLAS DE LEGUMINOSAS Y DERIVADOS,"Cacahuate, enchilado",LEGUMES AND BY-PRODUCTS,eant ice it cie,,1.00,2649.00,626.00,0.50,5.10,51.85,*,*,*,*,20.05,19.85,*,2.65,*,*,46.54,221.37,4.85,1146.37,696.99,165.69,0.08,3.32,*,*,*,*,*,*,*,*,*,*,*,*,*,*,*,*
SEMILLAS DE LEGUMINOSAS Y DERIVADOS,Cacaate eao,LEGUMES AND BY-PRODUCTS,"Peanut, spanish",,1.00,2762.60,653.30,0.50,3.10,55.70,7.56,22.07,17.01,0.00,22.90,15.10,*,2.70,8.90,*,53.75,245.60,1.21,307.35,660.71,192.77,0.46,3.57,*,*,*,0.00,0.00,*,*,0.32,0.09,14.93,0.00,0.26,0.00,*,126.00,0.00
SEMILLAS DE LEGUMINOSAS Y DERIVADOS,"Cacahuate, estilo japonés",LEGUMES AND BY-PRODUCTS,"Peanut, japanese style",,1.00,2205.00,522.00,2.73,2.70,29.88,*,*,*,*,18.83,44.48,10.75,0.70,*,*,39.75,221.00,6.53,390.51,392.65,98.16,0.38,2.27,*,*,*,*,*,*,*,*,*,*,4.20,*,*,*,*,*
SEMILLAS DE LEGUMINOSAS Y DERIVADOS,Cacaate araiao,LEGUMES AND BY-PRODUCTS,"Peanut, sugar-coated",,1.00,2155.00,512.00,2.97,1.60,25.46,*,*,*,*,12.54,58.16,*,0.46,*,*,38.25,158.44,0.94,13.36,410.99,108.26,0.18,1.76,*,*,*,*,*,*,*,*,*,*,*,*,*,*,*,*
SEMILLAS DE LEGUMINOSAS Y DERIVADOS,"Cacahuate, pasta untable, dulce",LEGUMES AND BY-PRODUCTS,eant btter eet,Arachys hypogaea L.,1.00,2520.00,602.00,1.20,1.95,43.45,7.61,23.12,13.93,0.00,27.60,49.80,8.41,1.75,8.00,*,45.00,319.00,1.90,486.00,745.00,160.00,*,2.79,*,*,*,0.00,0.00,0.00,*,0.11,0.11,13.70,0.00,0.42,0.00,53.00,92.00,0.00
SEMILLAS DE LEGUMINOSAS Y DERIVADOS,Cacaate maan,LEGUMES AND BY-PRODUCTS,eant marian,Arachys hypogaea L.,1.00,1978.00,473.00,1.10,1.13,18.25,*,*,*,*,14.95,57.46,*,1.40,*,*,*,*,*,*,*,*,*,*,*,*,*,*,*,*,*,*,*,*,*,*,*,*,*,*
SEMILLAS DE LEGUMINOSAS Y DERIVADOS,"Cacahuate, palanqueta",LEGUMES AND BY-PRODUCTS,"Peanut, brittle",Arachys hypogaea L.,1.00,2078.00,495.00,2.63,1.60,37.65,*,*,*,*,16.87,48.98,16.00,1.73,1.30,*,120.00,374.00,19.79,7.53,*,*,*,*,*,0.02,*,1.86,*,*,0.00,0.11,19.53,*,*,*,*,*,*,*
SEMILLAS DE LEGUMINOSAS Y DERIVADOS,"Cacahuate, palanqueta mita",LEGUMES AND BY-PRODUCTS,eant mie britte,,1.00,1694.00,405.00,4.30,1.70,8.70,*,*,*,*,9.00,73.90,*,2.40,*,*,*,*,*,*,*,*,*,*,*,*,*,*,*,*,*,*,*,*,*,*,*,*,*,*
SEMILLAS DE LEGUMINOSAS Y DERIVADOS,"Cacahuate, pasta para atole",LEGUMES AND BY-PRODUCTS,"Peanut, gruel paste",,1.00,1709.00,408.00,9.60,0.50,11.30,*,*,*,*,6.10,71.90,*,0.60,*,*,*,*,*,*,*,*,*,*,*,*,*,*,*,*,*,*,*,*,*,*,*,*,*,*
SEMILLAS DE LEGUMINOSAS Y DERIVADOS,Cacaate oorn,LEGUMES AND BY-PRODUCTS,eant crmb cae,,1.00,2061.00,493.00,1.25,0.75,23.80,*,*,*,*,10.25,63.35,*,0.60,*,*,*,*,*,*,*,*,*,*,*,*,*,*,*,*,*,*,*,*,*,*,*,*,*,*
SEMILLAS DE LEGUMINOSAS Y DERIVADOS,"Cacahuate, salado, echilado, salado con cutícula y pepita salada",LEGUMES AND BY-PRODUCTS,eant ate it cie ate it ctice ate min ee,,1.00,2582.00,616.00,1.73,3.56,52.98,32.00,*,*,0.00,24.73,15.78,0.00,3.10,7.10,*,43.38,225.05,1.07,682.13,791.31,192.93,0.08,3.05,*,*,*,*,*,*,*,*,*,*,*,*,*,*,*,*
SEMILLAS DE LEGUMINOSAS Y DERIVADOS,"Cacahuate, tostado",LEGUMES AND BY-PRODUCTS,"Peanut, roasted",Arachys hypogaea L.,0.71,2550.00,610.00,2.55,2.32,48.86,6.89,24.64,15.69,0.00,27.98,15.89,4.18,2.20,8.00,*,102.17,431.50,3.49,70.25,582.44,204.50,0.63,1.93,1.20,*,*,0.68,0.00,0.00,0.00,0.14,14.98,13.53,0.00,0.46,0.00,0.00,145.00,0.00
SEMILLAS DE LEGUMINOSAS Y DERIVADOS,bano maro,LEGUMES AND BY-PRODUCTS,i Tamarin rie,iteceobim eicae,,2016.00,482.00,3.30,3.80,25.00,*,*,*,*,35.30,29.10,*,*,13.20,*,*,*,*,*,*,*,*,*,*,*,*,*,*,*,*,*,*,*,*,*,*,*,*,*
SEMILLAS DE LEGUMINOSAS Y DERIVADOS,bano maro totao,LEGUMES AND BY-PRODUCTS,i Tamarin rie toate,iteceobim eicae,,2079.00,497.00,2.60,3.60,27.00,*,*,*,*,35.90,27.60,*,*,12.20,*,*,*,*,*,*,*,*,*,*,*,*,*,*,*,*,*,*,*,*,*,*,*,*,*
SEMILLAS DE LEGUMINOSAS Y DERIVADOS,"Ébano, tierno",LEGUMES AND BY-PRODUCTS,i Tamarin tener,iteceobim eicae,,677.00,162.00,66.70,0.10,6.60,*,*,*,*,12.70,13.00,*,*,3.50,*,*,*,*,*,*,*,*,*,*,*,*,*,*,*,*,*,*,*,*,*,*,*,*,*
SEMILLAS DE LEGUMINOSAS Y DERIVADOS,"Ébano, tierno cocido",LEGUMES AND BY-PRODUCTS,i Tamarin tener cooked,iteceobim eicae,,828.00,198.00,62.30,0.70,10.80,*,*,*,*,13.70,11.60,*,*,4.90,*,*,*,*,*,*,*,*,*,*,*,*,*,*,*,*,*,*,*,*,*,*,*,*,*
SEMILLAS DE LEGUMINOSAS Y DERIVADOS,amboan arina descascarillada,LEGUMES AND BY-PRODUCTS,"Royal Ponciana, dehulled or",eoni reia o e oo Ra,1.00,1399.00,334.00,9.45,6.60,9.65,*,*,*,*,62.15,10.90,*,2.60,*,*,*,*,*,*,*,*,*,*,*,*,*,*,*,*,*,*,*,*,*,*,*,*,*,*
SEMILLAS DE LEGUMINOSAS Y DERIVADOS,amboan arina intera,LEGUMES AND BY-PRODUCTS,Roa onciana oe or,eoni reia o e oo Ra,1.00,1170.00,280.00,8.20,4.05,2.90,*,*,*,*,21.00,44.85,*,19.10,*,*,*,*,*,*,*,*,*,*,*,*,*,*,*,*,*,*,*,*,*,*,*,*,*,*
SEMILLAS DE LEGUMINOSAS Y DERIVADOS,rio Aa e Len,LEGUMES AND BY-PRODUCTS,Bean Leon Water,Phaseolus vulgaris L.,1.00,1361.00,325.00,8.30,5.10,1.39,*,*,*,*,25.40,55.44,*,4.37,*,*,*,473.00,6.14,*,*,*,*,*,*,*,*,*,*,*,0.00,0.93,0.17,1.76,0.00,*,*,*,*,*
SEMILLAS DE LEGUMINOSAS Y DERIVADOS,"Frijol, aislado, harina de emia enrecia",LEGUMES AND BY-PRODUCTS,"Bean, protein isolate, arene or",,1.00,1435.00,343.00,6.00,4.00,5.20,*,*,*,*,72.70,11.60,*,0.50,*,*,*,*,*,*,*,*,*,*,*,*,*,*,*,*,*,*,*,*,*,*,*,*,*,*
SEMILLAS DE LEGUMINOSAS Y DERIVADOS,rio Amario,LEGUMES AND BY-PRODUCTS,ean eo,Phaseolus vulgaris L.,1.00,1407.00,336.00,7.50,5.20,1.67,0.67,0.23,1.12,0.00,14.20,67.09,*,4.34,25.10,*,347.00,478.00,4.75,12.00,1042.00,222.00,0.64,2.83,1.29,12.80,*,0.00,0.00,*,0.00,0.62,0.12,2.05,0.00,0.44,0.00,0.00,389.00,0.00
SEMILLAS DE LEGUMINOSAS Y DERIVADOS,Frijol Ayocote,LEGUMES AND BY-PRODUCTS,Bean Wild Beans,Phaseolus coccineus L.,1.00,*,*,11.70,3.60,*,*,*,*,*,15.00,*,*,*,*,*,116.00,262.00,5.90,*,*,*,*,*,*,*,*,9.99,*,*,0.03,0.42,0.19,1.92,1.30,*,*,*,*,*
SEMILLAS DE LEGUMINOSAS Y DERIVADOS,Frijol Azufrado,LEGUMES AND BY-PRODUCTS,Bean Sulphureous,Phaseolus vulgaris L.,1.00,1412.00,337.00,4.80,5.70,1.52,*,*,*,*,20.90,61.85,*,5.23,*,*,254.00,483.00,5.31,*,*,*,*,*,*,*,*,*,*,*,0.00,0.52,0.14,1.27,0.00,*,*,*,*,*
SEMILLAS DE LEGUMINOSAS Y DERIVADOS,"Frijol Bayo, deshidratado",LEGUMES AND BY-PRODUCTS,ean Lit ron rie,,1.00,1661.09,397.39,7.90,5.86,1.24,0.38,0.13,0.36,0.00,19.63,60.87,7.92,4.50,24.33,*,146.00,*,13.50,4007.15,1464.00,182.00,*,2.55,*,*,*,*,0.00,*,*,0.03,0.03,1.70,0.00,0.16,0.00,0.00,394.00,*
SEMILLAS DE LEGUMINOSAS Y DERIVADOS,Frijol Bayo Gordo,LEGUMES AND BY-PRODUCTS,ean at Lit ron,Phaseolus vulgaris L.,1.00,1389.00,332.00,10.45,4.00,1.82,*,*,*,*,22.73,58.47,*,4.41,*,*,123.50,361.33,6.99,*,*,*,*,*,*,0.01,*,*,*,*,0.00,0.69,0.14,2.04,0.00,*,*,*,*,*
SEMILLAS DE LEGUMINOSAS Y DERIVADOS,"Frijol Bayo, picante enlatado",LEGUMES AND BY-PRODUCTS,ean Lit ron ic canned,,1.00,285.00,68.00,76.85,1.75,0.40,*,*,*,*,4.25,12.25,*,1.50,*,*,*,*,*,*,*,*,*,*,*,*,*,*,*,*,*,*,*,*,*,*,*,*,*,*
SEMILLAS DE LEGUMINOSAS Y DERIVADOS,"Frijol Bayo, harina",LEGUMES AND BY-PRODUCTS,ean Lit ron or,,1.00,1372.00,328.00,8.00,5.40,1.40,*,*,*,*,19.60,61.10,*,4.40,*,*,*,*,*,*,*,*,*,*,*,*,*,*,*,*,*,*,*,*,*,*,*,*,*,*
SEMILLAS DE LEGUMINOSAS Y DERIVADOS,"Frijol Bayo, puré",LEGUMES AND BY-PRODUCTS,ean Lit ron re,,1.00,468.00,112.00,71.00,2.30,2.30,*,*,*,*,9.50,14.70,*,0.20,*,*,*,*,*,*,*,*,*,*,*,*,*,*,*,*,*,*,*,*,*,*,*,*,*,*
SEMILLAS DE LEGUMINOSAS Y DERIVADOS,Frijol Blanco,LEGUMES AND BY-PRODUCTS,Bean White,Phaseolus vulgaris L.,1.00,1306.00,312.00,14.00,4.00,2.69,0.22,0.07,0.36,0.00,22.50,52.01,2.11,4.80,15.20,*,185.00,450.00,4.59,16.00,1795.00,190.00,0.98,3.67,1.80,0.01,*,0.00,0.00,0.40,0.00,0.60,0.15,1.82,0.00,0.32,0.00,0.00,388.00,0.00
SEMILLAS DE LEGUMINOSAS Y DERIVADOS,Frijol Canelo,LEGUMES AND BY-PRODUCTS,Bean Canelo,Phaseolus vulgaris L.,1.00,1462.00,349.00,3.30,4.90,1.74,*,*,*,*,24.00,61.82,*,4.24,*,*,285.00,398.00,4.79,*,*,*,*,*,*,*,*,*,*,*,0.00,0.60,0.16,1.23,0.00,*,*,*,*,*
SEMILLAS DE LEGUMINOSAS Y DERIVADOS,Frijol Chino,LEGUMES AND BY-PRODUCTS,Bean “Chino” variety,,1.00,598.40,141.20,70.40,2.10,6.80,*,*,*,*,10.50,9.50,*,0.70,12.40,11.40,61.72,,0.83,355.26,428.27,73.53,0.11,1.14,*,*,*,*,*,*,287.45,0.14,0.09,0.98,5.72,*,*,*,*,*
SEMILLAS DE LEGUMINOSAS Y DERIVADOS,rio cocio entero,LEGUMES AND BY-PRODUCTS,ean cooe oe,Phaseolus vulgaris L.,1.00,317.00,75.50,76.24,1.26,0.37,*,*,*,*,5.90,12.89,*,1.20,5.49,*,46.50,127.00,1.85,226.00,272.00,24.00,*,0.70,*,*,*,*,*,0.00,0.00,0.07,0.04,0.36,0.00,*,*,*,*,*
SEMILLAS DE LEGUMINOSAS Y DERIVADOS,rio Ccona,LEGUMES AND BY-PRODUCTS,Bean Cocona,Phaseolus vulgaris L.,1.00,*,*,10.20,3.70,*,*,*,*,*,20.50,*,*,*,*,*,180.50,351.00,9.30,*,*,*,*,*,*,*,*,*,*,*,0.02,0.98,0.16,1.51,2.35,*,*,*,*,*
SEMILLAS DE LEGUMINOSAS Y DERIVADOS,"Frijol, con carne de cerdo, enlatado",LEGUMES AND BY-PRODUCTS,ean it or meat canned,,1.00,305.00,73.00,78.10,1.90,0.50,0.60,0.67,0.20,7.00,5.30,12.50,*,1.70,5.50,*,53.00,108.00,1.70,414.00,309.00,34.00,0.22,1.46,0.36,0.00,*,0.00,0.00,*,*,0.05,0.04,0.45,2.00,0.06,0.00,0.00,36.00,0.00
SEMILLAS DE LEGUMINOSAS Y DERIVADOS,"Frijol, con carne de res, enlatado",LEGUMES AND BY-PRODUCTS,ean it bee canne,,1.00,251.00,60.00,83.20,0.90,0.90,1.68,1.39,0.21,22.00,4.20,9.40,*,1.40,*,*,45.00,81.00,1.60,475.00,320.00,25.00,0.30,1.20,0.60,0.01,*,213.00,11.00,*,*,0.05,0.05,0.94,1.80,0.09,0.00,0.00,43.00,0.00
SEMILLAS DE LEGUMINOSAS Y DERIVADOS,rio con tomatecorio enlatado,LEGUMES AND BY-PRODUCTS,ean it tomatocorio canned,,1.00,301.00,72.00,80.10,1.60,1.20,*,*,*,*,4.40,11.50,*,1.20,*,*,*,*,*,*,*,*,*,*,*,*,*,*,*,*,*,*,*,*,*,*,*,*,*,*
SEMILLAS DE LEGUMINOSAS Y DERIVADOS,"Frijol, enlatado",LEGUMES AND BY-PRODUCTS,"Bean, canned",,1.00,371.20,87.40,76.50,1.70,1.00,0.07,0.37,0.19,0.00,4.80,14.80,1.60,1.00,6.68,*,23.63,90.00,1.08,207.24,162.38,17.55,0.00,0.56,0.17,0.01,*,0.00,0.00,*,*,0.12,0.05,0.41,0.00,0.07,0.00,0.00,36.00,0.00
SEMILLAS DE LEGUMINOSAS Y DERIVADOS,"Frijol, entero seco e instantáneo",LEGUMES AND BY-PRODUCTS,ean oe rie and instant,,1.00,1448.00,346.00,14.00,*,0.80,*,*,*,*,8.23,76.30,*,*,*,*,*,*,*,*,*,*,*,*,*,*,*,*,*,*,*,*,*,*,*,*,*,*,*,*
SEMILLAS DE LEGUMINOSAS Y DERIVADOS,"Frijol Flor de Mayo, cocido",LEGUMES AND BY-PRODUCTS,"Bean Flor de Mayo, cooked",Phaseolus vulgaris L.,1.00,*,*,*,*,*,*,*,*,*,*,*,*,*,*,*,49.00,57.00,1.00,196.00,356.00,39.00,0.20,0.70,*,*,*,*,*,*,*,*,*,*,*,*,*,*,*,*
SEMILLAS DE LEGUMINOSAS Y DERIVADOS,Frijol Garbancillo,LEGUMES AND BY-PRODUCTS,Bean Garbancillo,Phaseolus vulgaris L.,1.00,1421.00,539.00,6.30,4.80,1.68,*,*,*,*,16.00,66.36,*,4.89,*,*,300.00,531.00,4.93,*,*,*,*,*,*,*,*,*,*,*,0.00,0.54,0.14,1.69,0.00,*,*,*,*,*
SEMILLAS DE LEGUMINOSAS Y DERIVADOS,"Frijol Garbancillo, cocido",LEGUMES AND BY-PRODUCTS,"Bean Garbancillo, cooked",Phaseolus vulgaris L.,1.00,*,*,*,*,*,*,*,*,*,*,*,*,*,*,*,41.00,49.00,0.80,10.00,230.00,25.00,0.20,0.50,*,*,*,*,*,*,*,*,*,*,*,*,*,*,*,*
SEMILLAS DE LEGUMINOSAS Y DERIVADOS,rio iao cao,LEGUMES AND BY-PRODUCTS,ean tee ater,Phaseolus vulgaris L.,1.00,497.00,119.00,70.39,1.31,5.11,0.07,0.04,0.28,0.00,6.79,12.33,*,1.58,6.58,*,47.50,124.00,3.12,133.00,300.00,24.00,0.22,1.00,0.43,1.10,*,0.00,0.00,0.00,0.00,0.10,0.42,0.42,0.00,0.12,0.00,0.00,130.00,0.00
SEMILLAS DE LEGUMINOSAS Y DERIVADOS,rio iao eco,LEGUMES AND BY-PRODUCTS,ean tee r,Phaseolus vulgaris L.,1.00,727.00,173.00,60.71,1.18,12.16,*,*,*,*,6.28,10.46,*,*,9.21,*,59.00,122.00,2.80,163.00,283.00,25.00,*,1.40,*,*,*,*,*,0.00,*,0.12,0.06,0.32,0.00,*,*,*,*,*
SEMILLAS DE LEGUMINOSAS Y DERIVADOS,rio arina emia reca,LEGUMES AND BY-PRODUCTS,ean or re,,1.00,1410.00,337.00,8.38,4.40,2.43,*,*,*,*,21.50,59.47,*,4.58,*,*,146.00,280.00,13.50,*,*,*,*,*,*,*,*,*,*,*,0.00,0.03,0.67,1.73,0.00,*,*,*,*,*
SEMILLAS DE LEGUMINOSAS Y DERIVADOS,Frijol Mexicano,LEGUMES AND BY-PRODUCTS,Bean Mexican,Phaseolus vulgaris L.,1.00,1426.00,341.00,4.70,5.10,1.77,*,*,*,*,20.20,62.91,*,5.32,*,*,285.00,230.00,4.35,*,*,*,*,*,*,*,*,*,*,*,0.00,0.44,0.20,1.10,0.00,*,*,*,*,*
SEMILLAS DE LEGUMINOSAS Y DERIVADOS,rio moio,LEGUMES AND BY-PRODUCTS,"Bean, ground",Phaseolus vulgaris L.,1.00,1339.00,320.00,9.80,6.20,1.60,*,*,*,*,17.90,60.00,*,4.50,*,*,185.30,26.00,12.40,190.30,965.00,131.90,0.70,8.40,*,*,*,*,*,*,*,*,*,*,*,*,*,*,*,*
SEMILLAS DE LEGUMINOSAS Y DERIVADOS,"Frijol Mongo, entero",LEGUMES AND BY-PRODUCTS,ean Mn oe,,1.00,1419.00,339.00,6.99,3.32,1.60,0.35,0.16,0.38,0.00,22.10,61.18,6.60,4.93,16.30,*,132.00,367.00,6.74,15.00,1246.00,189.00,0.94,2.68,1.04,0.01,*,114.00,6.00,*,0.07,0.62,0.23,2.25,4.80,0.38,0.00,0.00,625.00,0.00
SEMILLAS DE LEGUMINOSAS Y DERIVADOS,Frijol Negro,LEGUMES AND BY-PRODUCTS,Bean Black,Phaseolus vulgaris L.,1.00,1374.00,328.00,11.62,3.66,1.88,0.37,0.12,0.61,0.00,20.84,55.88,2.12,4.10,15.50,*,183.00,367.00,7.83,5.00,1483.00,171.00,0.84,3.65,1.06,0.03,*,17.00,0.00,*,0.00,0.76,0.19,1.84,0.00,0.29,0.00,0.00,444.00,0.00
SEMILLAS DE LEGUMINOSAS Y DERIVADOS,"Frijol Negro, cocido",LEGUMES AND BY-PRODUCTS,"Bean Black, cooked",Phaseolus vulgaris L.,1.00,552.00,132.00,65.74,1.15,0.54,0.14,0.05,0.23,0.00,8.86,23.71,*,*,6.30,5.30,67.00,121.00,2.40,10.00,470.00,25.00,0.44,1.10,0.44,0.00,*,6.00,0.00,*,*,0.24,0.06,0.51,0.00,0.07,0.00,0.00,149.00,0.00
SEMILLAS DE LEGUMINOSAS Y DERIVADOS,"Frijol Negro, deshidratado",LEGUMES AND BY-PRODUCTS,"Bean Black, dried",,1.00,1701.05,406.95,6.70,5.80,0.87,0.38,0.13,0.36,0.00,21.58,62.34,8.98,2.71,18.02,*,146.00,*,13.50,4056.28,1464.00,182.00,*,2.55,*,*,*,*,0.00,*,*,0.03,0.03,1.70,0.00,0.16,0.00,0.00,394.00,*
SEMILLAS DE LEGUMINOSAS Y DERIVADOS,rio into arina cro,LEGUMES AND BY-PRODUCTS,ean into or ra,,1.00,1402.00,335.00,6.97,5.90,1.47,*,*,*,*,20.33,61.33,*,3.43,*,*,146.00,*,13.50,8.00,1464.00,182.00,*,2.55,*,*,*,*,0.00,*,*,0.03,0.67,1.70,0.00,0.16,0.00,463.00,*,*
SEMILLAS DE LEGUMINOSAS Y DERIVADOS,rio into arina rito,LEGUMES AND BY-PRODUCTS,ean into or rie,,1.00,1590.00,380.00,5.90,6.80,11.20,*,*,*,*,17.90,55.10,*,3.10,*,*,*,*,*,*,*,*,*,*,*,*,*,*,*,*,*,*,*,*,*,*,*,*,*,*
SEMILLAS DE LEGUMINOSAS Y DERIVADOS,"Frijol Negro, puré",LEGUMES AND BY-PRODUCTS,"Bean Black, purée",,1.00,439.00,105.00,73.40,1.90,2.50,*,*,*,*,8.60,13.40,*,0.20,*,*,*,*,*,*,*,*,*,*,*,*,*,*,*,*,*,*,*,*,*,*,*,*,*,*
SEMILLAS DE LEGUMINOSAS Y DERIVADOS,Frijol Ojo de Liebre,LEGUMES AND BY-PRODUCTS,Bean Ojo de Liebre,Phaseolus vulgaris L.,1.00,1362.00,325.00,8.00,5.70,1.48,*,*,*,*,17.50,62.01,*,5.31,*,*,307.00,430.00,5.20,*,*,*,*,*,*,*,*,*,*,*,0.00,0.72,0.13,1.49,0.00,*,*,*,*,*
SEMILLAS DE LEGUMINOSAS Y DERIVADOS,Frijol Palacio,LEGUMES AND BY-PRODUCTS,Bean Palacio,Phaseolus vulgaris L.,1.00,*,*,10.60,3.30,*,*,*,*,*,22.25,*,*,*,*,*,159.00,369.00,6.90,*,*,*,*,*,*,*,*,*,*,*,0.03,0.85,0.13,1.57,2.10,*,*,*,*,*
SEMILLAS DE LEGUMINOSAS Y DERIVADOS,rio arraeo,LEGUMES AND BY-PRODUCTS,Bean Parral,Phaseolus vulgaris L.,1.00,1442.00,344.00,4.30,4.90,1.72,*,*,*,*,23.60,61.02,*,4.41,*,*,*,*,*,*,*,*,*,*,*,*,*,*,*,*,0.03,0.65,0.10,1.50,0.00,*,*,*,*,*
SEMILLAS DE LEGUMINOSAS Y DERIVADOS,"Frijol Peruano, cocido y deshidratado",LEGUMES AND BY-PRODUCTS,"Bean Peruvian, cooked and dehydrated",,1.00,1448.00,346.00,4.30,6.55,2.23,*,*,*,*,22.80,60.99,*,3.40,*,*,*,*,20.14,*,*,*,*,*,*,*,*,*,*,*,*,*,*,*,*,*,*,*,*,*
SEMILLAS DE LEGUMINOSAS Y DERIVADOS,rio into ortificao,LEGUMES AND BY-PRODUCTS,ean into ortifie,,,*,*,5.80,5.96,10.75,*,*,*,*,18.15,43.08,*,16.26,*,*,85.51,503.76,12.75,1071.09,1139.63,134.61,0.00,6.78,*,*,*,*,*,*,*,*,*,*,*,*,*,*,*,*
SEMILLAS DE LEGUMINOSAS Y DERIVADOS,"Frijol, refrito, enlatado",LEGUMES AND BY-PRODUCTS,"Bean, refried, canned",,1.00,512.00,123.00,69.30,1.70,3.55,0.39,0.38,0.33,0.00,6.05,17.65,0.46,1.75,7.00,4.90,26.50,94.50,1.60,353.50,371.00,39.50,0.20,0.75,*,*,*,0.00,0.00,*,*,0.04,0.02,0.42,6.00,0.11,0.00,0.00,11.00,0.00
SEMILLAS DE LEGUMINOSAS Y DERIVADOS,Frijol Rosita,LEGUMES AND BY-PRODUCTS,Bean Pink,Phaseolus vulgaris L.,1.00,1431.00,342.00,3.70,5.90,1.55,*,*,*,*,22.90,61.44,*,4.51,*,*,262.00,533.00,4.53,*,*,*,*,*,*,*,*,*,*,*,0.00,0.59,0.10,1.11,0.00,*,*,*,*,*
SEMILLAS DE LEGUMINOSAS Y DERIVADOS,"Frijol, sopa condensada",LEGUMES AND BY-PRODUCTS,"Bean, condensed soup",,1.00,485.00,116.00,72.60,3.00,4.70,0.34,0.48,0.41,0.00,5.80,13.90,2.49,0.00,6.80,*,35.00,75.00,1.50,970.00,250.00,33.00,0.30,1.10,0.50,*,*,445.00,22.00,*,*,0.04,0.04,0.41,0.20,0.07,0.00,0.00,66.00,*
SEMILLAS DE LEGUMINOSAS Y DERIVADOS,Frijol Xinacalteca,LEGUMES AND BY-PRODUCTS,Bean Xinacalteca,Phaseolus vulgaris L.,1.00,1370.00,327.00,7.50,4.80,1.20,*,*,*,*,24.20,57.35,*,4.95,*,*,*,367.00,5.54,*,*,*,*,*,*,*,*,*,*,*,0.00,0.66,0.16,1.96,0.00,*,*,*,*,*
SEMILLAS DE LEGUMINOSAS Y DERIVADOS,"Gandul, harina cocida integral",LEGUMES AND BY-PRODUCTS,ieon ea oe cooe or,Caan caan L t,1.00,1308.00,313.00,14.95,3.61,2.59,*,*,*,*,18.03,56.12,*,7.60,*,*,*,*,*,*,*,*,*,*,*,*,*,*,*,*,*,0.29,0.65,*,0.00,*,*,*,*,*
SEMILLAS DE LEGUMINOSAS Y DERIVADOS,"Gandul, harina cruda integral",LEGUMES AND BY-PRODUCTS,ieon ea ra oe or,Caan caan L t,1.00,1233.00,295.00,11.39,4.06,2.30,*,*,*,*,18.49,59.33,*,7.37,*,*,83.10,94.15,5.95,*,*,*,*,*,*,*,*,*,*,*,*,0.32,0.75,*,0.00,*,*,*,*,*
SEMILLAS DE LEGUMINOSAS Y DERIVADOS,"Garbanzo, cocido",LEGUMES AND BY-PRODUCTS,"Chick Pea, cooked",Cicer arietinm L,1.00,493.71,118.00,69.49,0.68,0.39,0.05,0.08,0.17,0.00,8.34,21.10,*,2.00,5.60,5.30,14.00,99.00,1.29,2.00,362.00,36.00,0.52,2.20,*,*,*,*,0.00,*,*,0.19,0.06,0.89,0.00,0.05,0.00,0.00,65.00,*
SEMILLAS DE LEGUMINOSAS Y DERIVADOS,"Garbanzo, concentrado",LEGUMES AND BY-PRODUCTS,"Chick Pea, concentrated",,1.00,1774.00,424.00,*,4.90,17.30,*,*,*,*,67.80,10.80,*,*,*,*,96.80,26.30,*,306.80,*,*,*,*,*,*,*,*,*,*,*,*,*,*,*,*,*,*,*,*
SEMILLAS DE LEGUMINOSAS Y DERIVADOS,"Garbanzo, enchilado",LEGUMES AND BY-PRODUCTS,Cic ea ice it cie,,1.00,1824.90,430.40,5.10,6.40,17.20,*,*,*,*,16.90,52.00,*,2.40,*,*,75.08,241.47,11.59,1389.57,856.32,109.27,0.27,3.48,*,*,*,*,*,*,*,*,*,*,*,*,*,*,*,*
SEMILLAS DE LEGUMINOSAS Y DERIVADOS,"Garbanzo, enlatado",LEGUMES AND BY-PRODUCTS,"Chick Pea, canned",,1.00,470.00,112.00,69.00,1.50,1.80,0.20,0.44,0.88,0.00,5.50,19.20,*,3.00,4.40,*,35.00,80.00,1.23,278.00,144.00,27.00,*,0.69,*,*,*,15.00,1.00,*,*,0.03,0.02,0.13,0.10,0.47,0.00,*,25.00,0.00
SEMILLAS DE LEGUMINOSAS Y DERIVADOS,"Garbanzo, extracto",LEGUMES AND BY-PRODUCTS,"Chick Pea, extract",,1.00,50.00,12.00,*,0.26,0.35,*,*,*,*,1.70,0.75,*,*,*,*,*,*,*,*,*,*,*,*,*,*,*,*,*,*,*,*,*,*,*,*,*,*,*,*
SEMILLAS DE LEGUMINOSAS Y DERIVADOS,"Garbanzo, extracto acuoso",LEGUMES AND BY-PRODUCTS,Cic ea ater etract,,1.00,1623.00,388.00,*,8.50,11.40,*,*,*,*,55.60,24.50,*,*,*,*,*,*,*,*,*,*,*,*,*,*,*,*,*,*,*,*,*,*,*,*,*,*,*,*
SEMILLAS DE LEGUMINOSAS Y DERIVADOS,"Garbanzo, harina",LEGUMES AND BY-PRODUCTS,Cic ea or,Cicer arietinm L,1.00,1494.00,357.00,8.05,3.74,7.37,*,*,*,*,21.35,57.06,*,3.27,*,*,100.00,345.00,7.00,*,*,*,*,*,*,*,*,*,*,*,0.02,0.12,0.33,0.74,0.00,*,*,*,*,*
SEMILLAS DE LEGUMINOSAS Y DERIVADOS,Garbano emia,LEGUMES AND BY-PRODUCTS,"Chick Pea, seed",Cicer arietinm L,1.00,1469.00,351.00,8.40,3.05,5.50,0.63,1.36,2.69,0.00,23.03,56.95,*,5.25,17.40,11.10,105.00,401.00,8.85,24.00,875.00,115.00,0.45,2.40,2.70,0.05,*,*,3.00,0.18,0.07,0.75,0.17,1.54,1.30,0.54,0.00,0.00,557.00,*
SEMILLAS DE LEGUMINOSAS Y DERIVADOS,Girasol Maíz de Texas,LEGUMES AND BY-PRODUCTS,Snoer Tea Corn,Helianthus annus L.,0.75,2253.00,538.00,6.70,3.70,51.30,4.46,18.53,23.14,0.00,25.37,5.21,2.62,7.70,8.60,3.80,117.00,671.00,8.10,9.00,645.00,325.00,1.80,5.00,1.95,0.05,*,6.75,*,*,0.00,0.15,9.40,3.33,1.40,1.35,0.00,0.00,227.00,0.00
SEMILLAS DE LEGUMINOSAS Y DERIVADOS,"Guaje Blanco, huajillo",LEGUMES AND BY-PRODUCTS,"Lead Tree White, huajillo",Lecaena macroa ent macro- phylla,1.00,1218.00,291.00,7.50,5.10,2.30,*,*,*,*,33.80,38.00,*,13.30,*,*,*,*,*,*,*,*,*,*,*,*,*,*,*,*,*,*,*,*,*,*,*,*,*,*
SEMILLAS DE LEGUMINOSAS Y DERIVADOS,Gae arina inmara,LEGUMES AND BY-PRODUCTS,Lea Tree reen or,Leucaena sp,1.00,1116.00,267.00,23.00,6.10,4.40,*,*,*,*,27.70,32.90,*,5.90,*,*,*,*,*,*,*,*,*,*,*,*,*,*,*,*,*,*,*,*,*,*,*,*,*,*
SEMILLAS DE LEGUMINOSAS Y DERIVADOS,Gae arina mara,LEGUMES AND BY-PRODUCTS,Lea Tree rie or,Leucaena sp,1.00,1362.00,325.00,6.50,6.00,6.00,*,*,*,*,34.70,38.10,*,8.70,*,*,*,*,*,*,*,*,*,*,*,*,*,*,*,*,*,*,*,*,*,*,*,*,*,*
SEMILLAS DE LEGUMINOSAS Y DERIVADOS,Gae Morao emia frescas,LEGUMES AND BY-PRODUCTS,"Lead Tree Purple, fresh deed",Leucaena sp,1.00,354.00,84.50,75.35,1.40,0.53,*,*,*,*,8.22,12.70,*,1.81,*,*,106.00,156.00,3.16,*,*,*,*,*,*,*,*,1.89,*,*,0.19,0.23,1.57,23.90,*,*,*,*,*,*
SEMILLAS DE LEGUMINOSAS Y DERIVADOS,"Guaje Rojo, harina descascarillada",LEGUMES AND BY-PRODUCTS,"Lead Tree Red, dehulled or",Leucaena esculenta (Moc et Sessé ex A. C ent ecenta,1.00,1401.00,335.00,10.00,5.40,9.10,*,*,*,*,34.80,34.00,*,6.70,*,*,*,*,*,*,*,*,*,*,*,*,*,*,*,1.47,*,0.36,0.17,3.88,20.00,*,*,*,*,*
SEMILLAS DE LEGUMINOSAS Y DERIVADOS,"Guaje Rojo, harina integral",LEGUMES AND BY-PRODUCTS,Lea Tree Re oe or,Leucaena esculenta (Moc et Sessé ex A. C ent ecenta,1.00,1350.00,323.00,8.20,4.50,5.40,*,*,*,*,28.60,43.80,*,9.50,*,*,*,*,*,*,*,*,*,*,*,*,*,*,*,*,*,*,*,*,*,*,*,*,*,*
SEMILLAS DE LEGUMINOSAS Y DERIVADOS,Gae emia mara,LEGUMES AND BY-PRODUCTS,"Lead Tree, ripe seed",Leucaena leucocephala,1.00,1343.00,321.00,8.74,4.67,4.40,*,*,*,*,26.00,44.83,*,*,51.30,*,322.00,411.00,15.20,*,*,*,*,*,*,*,*,4.79,*,*,2.25,0.21,4.00,31.30,*,*,*,*,*,*
SEMILLAS DE LEGUMINOSAS Y DERIVADOS,Gae Vere emia frescas,LEGUMES AND BY-PRODUCTS,"Lead Tree Green, fresh seed",Lecaena ecoceaa Lam e it abrata Roe S rate,1.00,395.00,94.50,72.70,1.33,0.75,*,*,*,*,8.41,*,*,*,*,*,*,*,*,*,*,*,*,*,*,*,*,2.73,*,*,0.16,0.89,1.81,44.00,*,*,*,*,*,*
SEMILLAS DE LEGUMINOSAS Y DERIVADOS,Gamci amci emia cocia,LEGUMES AND BY-PRODUCTS,Mania Tamarin cooked seed,iteceobim ce Rob ent,1.00,889.00,212.00,50.00,1.76,8.26,*,*,*,*,10.00,26.73,*,3.25,*,*,*,*,*,*,*,*,*,*,*,*,*,*,*,*,*,*,*,*,*,*,*,*,*,*
SEMILLAS DE LEGUMINOSAS Y DERIVADOS,Gamci amci emia totaa,LEGUMES AND BY-PRODUCTS,Mania Tamarin toasted seed,iteceobim ce Rob ent,1.00,1344.00,393.00,5.75,2.70,13.62,*,*,*,*,20.87,50.88,*,6.19,*,*,22.13,*,4.08,*,*,*,*,*,*,*,*,*,*,*,*,1.00,0.08,2.34,*,*,*,*,*,*
SEMILLAS DE LEGUMINOSAS Y DERIVADOS,"Haba, enchilada",LEGUMES AND BY-PRODUCTS,"Faba Bean, spiced it cie",,1.00,1914.50,451.70,3.20,3.90,20.90,*,*,*,*,21.60,44.30,*,6.10,*,*,97.68,238.40,6.12,773.61,920.31,111.98,0.56,3.94,*,*,*,*,*,*,*,*,*,*,*,*,*,*,*,*
SEMILLAS DE LEGUMINOSAS Y DERIVADOS,"Haba, harina",LEGUMES AND BY-PRODUCTS,aba ean or,Vicia faba L.,1.00,1456.00,348.00,7.30,3.50,1.90,0.22,0.26,0.50,0.00,27.60,58.05,*,1.65,*,*,78.00,225.00,18.20,13.00,1062.00,192.00,*,3.14,*,*,*,*,5.00,*,0.03,0.45,0.29,2.03,0.00,0.37,0.00,423.00,*,*
SEMILLAS DE LEGUMINOSAS Y DERIVADOS,"Haba, seca",LEGUMES AND BY-PRODUCTS,"Faba Bean, dried",Vicia faba L.,0.80,1427.00,341.00,8.90,3.20,1.53,0.25,0.30,0.63,0.00,22.60,58.29,5.70,*,25.00,*,49.00,439.00,7.30,13.00,1062.00,192.00,*,3.14,*,0.04,*,29.97,3.00,*,0.08,0.91,0.31,2.30,4.90,0.37,0.00,0.00,423.00,0.00
SEMILLAS DE LEGUMINOSAS Y DERIVADOS,Ibe emia,LEGUMES AND BY-PRODUCTS,"Sieva Bean, seed",Phaseolus lunatus L,1.00,1309.00,313.00,12.00,3.00,0.66,0.16,0.06,0.31,0.00,19.40,59.09,8.50,5.85,19.00,*,84.00,223.00,5.56,18.00,1724.00,224.00,0.74,2.83,1.67,0.01,*,0.00,0.00,*,0.00,0.29,0.15,1.54,0.00,0.51,*,0.00,395.00,0.00
SEMILLAS DE LEGUMINOSAS Y DERIVADOS,"Lentejas, con verduras deshidratadas sabor a cerdo",LEGUMES AND BY-PRODUCTS,Lenti it eetabe or aor,,,1730.47,413.99,8.10,4.53,0.78,*,*,*,*,24.49,60.52,*,1.58,*,*,210.63,403.37,6.59,848.46,923.69,180.05,0.55,5.59,*,*,*,*,*,*,*,*,*,*,*,*,*,*,*,*
SEMILLAS DE LEGUMINOSAS Y DERIVADOS,"Lentejas, con verduras deshidratadas sabor a pollo",LEGUMES AND BY-PRODUCTS,Lenti it eetabe cicen aor,,,1701.3,407.01,9.5,5.53,0.14,*,*,*,*,21.39,60.9,*,2.54,*,*,363.41,363.93,41.99,247.55,1066.95,199.28,4.65,*,*,*,*,*,*,*,*,*,*,*,*,*,*,*,*,*
SEMILLAS DE LEGUMINOSAS Y DERIVADOS,"Lenteja, harina",LEGUMES AND BY-PRODUCTS,Lenti or,Lens culinaris Medic,1.00,1376.00,329.00,8.90,4.50,1.64,*,*,*,*,24.60,56.53,*,3.83,*,*,55.00,245.00,20.10,*,*,*,*,*,*,*,*,*,*,*,0.05,0.68,0.21,2.47,0.00,*,*,*,*,*
SEMILLAS DE LEGUMINOSAS Y DERIVADOS,"Lenteja, puré",LEGUMES AND BY-PRODUCTS,"Lentils, purée",,1.00,456.00,109.00,72.30,2.00,2.90,*,*,*,*,5.60,16.00,*,1.20,*,*,*,*,*,*,*,*,*,*,*,*,*,*,*,*,*,*,*,*,*,*,*,*,*,*
SEMILLAS DE LEGUMINOSAS Y DERIVADOS,Lentea emia,LEGUMES AND BY-PRODUCTS,"Lentils, seed",Lens culinaris Medic,1.00,1376.00,329.00,9.83,3.33,1.64,0.16,0.19,0.52,0.00,22.73,56.53,2.03,3.83,30.50,*,74.33,318.67,7.47,6.00,955.00,122.00,0.52,4.78,1.33,0.05,*,39.00,2.00,0.00,0.07,0.69,0.19,1.98,5.35,0.54,0.00,0.00,479.00,0.00
SEMILLAS DE LEGUMINOSAS Y DERIVADOS,"Mezquite, entero",LEGUMES AND BY-PRODUCTS,Meite oe,Prosopis laevigata,,1148.00,274.00,5.15,4.45,2.15,*,*,*,*,10.05,54.40,*,23.80,*,*,95.90,57.00,5.80,*,*,*,*,*,*,*,*,0.16,*,*,0.15,0.08,0.95,1.41,*,*,*,*,*,*
SEMILLAS DE LEGUMINOSAS Y DERIVADOS,Meite amenra,LEGUMES AND BY-PRODUCTS,Meite amon,Prosopis spp,,1314.00,312.00,8.30,7.60,6.30,*,*,*,*,37.20,32.10,*,8.50,*,*,*,*,*,*,*,*,*,*,*,*,*,*,*,*,*,*,*,*,*,*,*,*,*,*
SEMILLAS DE LEGUMINOSAS Y DERIVADOS,"Mezquite, cascarilla",LEGUMES AND BY-PRODUCTS,"Mesquite, hull",Prosopis spp,,1004.00,240.00,5.40,4.20,1.80,*,*,*,*,11.30,45.70,*,31.60,*,*,*,*,*,*,*,*,*,*,*,*,*,*,*,*,*,*,*,*,*,*,*,*,*,*
SEMILLAS DE LEGUMINOSAS Y DERIVADOS,"Mezquite, pericarpio",LEGUMES AND BY-PRODUCTS,"Mesquite, pericarp",Prosopis spp,1.00,1097.00,262.00,10.10,6.40,2.70,*,*,*,*,10.50,49.90,*,20.40,*,*,*,*,*,*,*,*,*,*,*,*,*,*,*,*,*,*,*,*,*,*,*,*,*,*
SEMILLAS DE LEGUMINOSAS Y DERIVADOS,"Mezquite, sin vaina",LEGUMES AND BY-PRODUCTS,"Mesquite, podless",Prosopis laevigata,1.00,975.00,233.00,4.30,3.30,1.90,*,*,*,*,12.30,42.80,*,35.40,*,*,*,*,*,*,*,*,*,*,*,*,*,*,*,*,*,*,*,*,*,*,*,*,*,*
SEMILLAS DE LEGUMINOSAS Y DERIVADOS,"Mezquite, tostado",LEGUMES AND BY-PRODUCTS,"Mesquite, toasted",Prosopis laevigata,1.00,820.00,196.00,3.50,4.50,1.50,*,*,*,*,12.50,34.40,*,43.60,*,*,*,*,*,*,*,*,*,*,*,*,*,*,*,*,*,*,*,*,*,*,*,*,*,*
SEMILLAS DE LEGUMINOSAS Y DERIVADOS,"Mezquite, vaina entera",LEGUMES AND BY-PRODUCTS,Meite oe o,Prosopis spp,,1114.00,266.00,9.00,5.50,3.20,*,*,*,*,14.70,46.30,*,21.30,*,*,*,*,*,*,*,*,*,*,*,*,*,*,*,*,*,*,*,*,*,*,*,*,*,*
SEMILLAS DE LEGUMINOSAS Y DERIVADOS,Ne e Macaamia tostada con sal,LEGUMES AND BY-PRODUCTS,"Nuts, dried roasted and ate Macaamia",,1.00,2971.00,710.00,1.35,1.75,66.45,11.95,59.28,1.50,0.00,9.35,27.50,4.14,2.45,8.00,*,70.00,198.00,2.65,34.82,363.00,118.00,*,1.29,*,*,*,0.00,0.00,*,*,0.71,0.09,2.27,0.70,0.36,0.00,*,10.00,0.00
SEMILLAS DE LEGUMINOSAS Y DERIVADOS,Parota,LEGUMES AND BY-PRODUCTS,Ear Tree,Enteroobim ccocarm Grieb,,1569.00,375.00,1.45,3.25,3.90,*,*,*,*,36.90,52.67,*,2.03,*,*,30.00,547.00,4.60,*,*,*,*,*,*,*,*,9.10,*,*,0.04,0.23,1.77,6.65,*,*,*,*,*,*
SEMILLAS DE LEGUMINOSAS Y DERIVADOS,"Parota, harina cruda integral",LEGUMES AND BY-PRODUCTS,Ear Tree ra ee or,Enteroobim ccocarm,1.00,1427.00,341.00,7.27,3.15,3.28,*,*,*,*,37.48,45.15,*,3.69,*,*,138.00,282.00,7.20,*,*,*,*,*,*,*,*,*,*,*,*,4.16,0.77,10.75,*,*,*,*,*,*
SEMILLAS DE LEGUMINOSAS Y DERIVADOS,Soa oa aiao comercia,LEGUMES AND BY-PRODUCTS,"Soybean, protein isolate, commercia",,1.00,1376.00,329.00,5.98,3.10,0.15,0.42,0.65,1.65,0.00,82.70,8.20,0.00,0.30,5.60,*,178.00,776.00,14.50,1005.00,81.00,39.00,*,4.03,*,*,*,0.00,0.00,*,*,0.18,0.10,1.44,0.00,1.00,0.00,*,176.00,0.00
SEMILLAS DE LEGUMINOSAS Y DERIVADOS,Soa Soa oarro,LEGUMES AND BY-PRODUCTS,"Soybean, soyarroz",,,1677.16,401.24,8.70,3.25,0.53,*,*,*,*,25.67,61.05,7.96,0.80,*,*,*,*,*,1576.59,*,*,*,*,*,*,*,*,*,*,*,*,*,*,*,*,*,*,*,*
SEMILLAS DE LEGUMINOSAS Y DERIVADOS,Soa Soa con maní ito ara conmo ortificao con it minerae,LEGUMES AND BY-PRODUCTS,Sobean it eant rea or conmtion ortifie it itamin an minera,,,2075.26,496.00,2.70,5.00,31.62,6.00,23.24,15.19,5.22,19.99,39.78,10.73,0.91,*,*,680.63,963.38,18.67,54.61,721.84,79.26,0.97,1.66,0.02,0.00,*,*,*,*,*,*,*,*,*,*,*,*,*,*
SEMILLAS DE LEGUMINOSAS Y DERIVADOS,Soa Soa con arina e maí ara rearar atoe con minerae aminoeao,LEGUMES AND BY-PRODUCTS,Sobean it cornmea to mae re it minera aminoeae,,1.00,1856.25,444.08,5.50,4.82,5.65,*,*,*,*,22.03,59.08,9.16,2.92,24.65,*,600.00,530.00,22.00,25.08,1030.00,220.00,0.61,23.00,1.60,0.01,*,5900.00,1770.00,*,*,1.93,0.61,27.00,*,0.69,1.50,187.00,*,*
SEMILLAS DE LEGUMINOSAS Y DERIVADOS,Soa Soa cerea instantáneo,LEGUMES AND BY-PRODUCTS,"Soybean, instant cereal",,1.00,1607.00,378.00,3.50,2.91,2.20,*,*,*,*,9.10,85.70,*,0.20,*,*,196.61,*,6.61,213.19,784.93,139.14,0.00,2.15,*,*,*,*,*,*,*,*,*,*,*,*,*,*,*,*
SEMILLAS DE LEGUMINOSAS Y DERIVADOS,Soa Soa concentrao,LEGUMES AND BY-PRODUCTS,"Soybean, concentrate",,1.00,1410.00,337.00,4.80,4.80,3.50,*,*,*,*,64.00,20.30,*,2.60,*,*,*,*,*,*,*,*,*,*,*,*,*,*,*,*,*,*,*,*,*,*,*,*,*,*
SEMILLAS DE LEGUMINOSAS Y DERIVADOS,Soa Soa emia,LEGUMES AND BY-PRODUCTS,"Soybean, seed",Gcine ma,1.00,1586.00,3.79,7.33,4.67,16.57,2.88,4.40,11.26,0.00,41.57,23.67,7.33,7.55,9.30,*,259.00,704.00,13.65,2.00,1797.00,280.00,1.20,4.89,2.70,0.02,*,22.00,1.00,0.38,0.00,1.00,0.26,2.37,6.00,0.38,0.00,0.00,375.00,0.00
SEMILLAS DE LEGUMINOSAS Y DERIVADOS,Soa Soa rio ariea júpiter,LEGUMES AND BY-PRODUCTS,"Soybean, bean jupiter variety",Gcine ma,1.00,1753.00,419.00,6.70,4.80,22.90,*,*,*,*,36.70,24.70,*,4.20,*,*,*,*,*,*,*,*,*,*,*,*,*,*,*,*,*,*,*,*,*,*,*,*,*,*
SEMILLAS DE LEGUMINOSAS Y DERIVADOS,Soa Soa aeta proteinada,LEGUMES AND BY-PRODUCTS,"Soybean, protein-enriched cookies",,1.00,*,*,4.50,1.77,21.30,*,*,*,*,9.80,*,*,*,*,*,*,*,*,*,*,*,*,*,*,*,*,*,*,*,*,*,*,*,*,*,*,*,*,*
SEMILLAS DE LEGUMINOSAS Y DERIVADOS,Soa oa aeta ntritia,LEGUMES AND BY-PRODUCTS,"Soybean, nutritius cookies",,,2057.18,492.15,2.80,2.62,14.53,*,*,*,*,18.00,60.43,*,1.62,*,*,*,*,*,331.95,*,*,*,*,*,*,*,*,*,*,*,*,*,*,*,*,*,*,*,*
SEMILLAS DE LEGUMINOSAS Y DERIVADOS,Soa Soa arina,LEGUMES AND BY-PRODUCTS,Sobean or,Gcine ma,1.00,1761.00,421.00,3.83,4.54,20.40,2.99,4.56,11.66,0.00,40.66,26.87,7.50,3.46,9.60,*,206.00,494.00,6.37,13.00,2515.00,429.00,*,3.92,4.00,*,*,120.00,6.00,0.00,0.08,0.58,1.16,4.32,0.00,0.46,0.00,190.00,345.00,0.00
SEMILLAS DE LEGUMINOSAS Y DERIVADOS,"Soa Soa arina desgrasada, cruda",LEGUMES AND BY-PRODUCTS,Sobean nonat or ra,Gcine ma,1.00,1380.00,3.27,6.46,6.49,1.81,0.97,1.48,3.78,0.00,47.43,34.37,13.40,3.73,10.20,*,187.00,537.00,8.34,18.00,2570.00,299.00,*,1.18,*,*,*,0.00,*,*,0.01,0.70,0.10,1.57,0.00,0.52,0.00,0.00,410.00,0.00
SEMILLAS DE LEGUMINOSAS Y DERIVADOS,Soa Soa arina intera,LEGUMES AND BY-PRODUCTS,Sobean at or,,1.00,1852.00,443.00,3.13,4.53,24.50,*,*,*,*,41.25,20.05,*,2.30,*,*,*,*,*,*,*,*,*,*,*,*,*,*,*,*,*,*,*,*,*,*,*,*,*,*
SEMILLAS DE LEGUMINOSAS Y DERIVADOS,Soa Soa intantnea sabor vainilla,LEGUMES AND BY-PRODUCTS,Sobean aniaaore instant,,1.00,1707.00,399.00,2.54,3.60,3.50,*,*,*,*,19.92,62.09,27.05,1.28,*,*,115.37,*,2.81,476.95,790.28,122.99,0.00,3.21,*,*,*,0.00,*,*,*,*,*,*,*,*,*,*,*,*
SEMILLAS DE LEGUMINOSAS Y DERIVADOS,Soa Soa ece,LEGUMES AND BY-PRODUCTS,Sobean o mi,,1.00,2072.70,489.30,3.00,8.80,27.30,*,*,*,*,23.50,37.40,*,*,*,*,*,*,*,*,*,*,*,*,*,*,*,*,*,*,*,*,*,*,*,*,*,*,*,*
SEMILLAS DE LEGUMINOSAS Y DERIVADOS,Soa Soa ece ia,LEGUMES AND BY-PRODUCTS,Sobean mi,,1.00,284.00,68.00,87.70,0.70,5.20,0.21,0.40,0.96,0.00,2.90,3.50,3.99,*,0.60,*,25.00,52.00,0.64,51.00,118.00,25.00,0.10,0.12,0.20,*,*,3.00,0.00,*,*,0.06,0.07,0.51,0.00,0.08,0.00,0.00,18.00,0.00
SEMILLAS DE LEGUMINOSAS Y DERIVADOS,Soa Soa ece en oo,LEGUMES AND BY-PRODUCTS,Sobean mi,,1.00,1376.00,329.00,6.60,6.20,1.10,*,*,*,*,31.50,51.70,*,2.90,*,*,597.00,717.00,10.70,*,*,*,*,*,*,*,*,*,10.00,*,*,1.17,1.67,5.76,53.00,*,*,*,*,*
SEMILLAS DE LEGUMINOSAS Y DERIVADOS,Soa Soa an Oara remanente e a rearacin e a ece e oa,LEGUMES AND BY-PRODUCTS,"Soybean, Okara bread",,,1507.54,360.66,31.2,0.48,10.34,*,*,*,*,5.32,47.61,0.00,5.05,*,*,*,*,*,*,*,*,*,*,*,*,*,*,*,*,*,*,*,*,*,*,*,*,*,*
SEMILLAS DE LEGUMINOSAS Y DERIVADOS,Soa Soa otre a,LEGUMES AND BY-PRODUCTS,Sobean eert,,1.00,*,*,35.30,1.70,3.60,*,*,*,*,4.70,54.10,*,0.60,*,*,124.64,*,2.62,233.99,185.30,23.65,0.32,1.51,*,*,*,0.00,*,*,*,0.03,0.00,*,0.00,*,*,*,*,*
SEMILLAS DE LEGUMINOSAS Y DERIVADOS,Soa Soa roteína,LEGUMES AND BY-PRODUCTS,"Soybean, protein",,1.00,1522.00,361.00,5.00,7.70,5.00,*,*,*,*,47.60,35.65,*,1.90,*,*,*,*,*,*,*,*,*,*,*,*,*,*,*,*,*,*,*,*,*,*,*,*,*,*
SEMILLAS DE LEGUMINOSAS Y DERIVADOS,Soa Soa emento aimenticio,LEGUMES AND BY-PRODUCTS,Sobean ietar ement,,,1946.58,465.69,4.80,3.45,4.25,*,*,*,*,39.84,46.80,*,0.86,*,*,*,*,*,873.10,*,*,*,*,*,*,*,*,*,*,*,*,*,*,*,*,*,*,*,*
SEMILLAS DE LEGUMINOSAS Y DERIVADOS,Soa Soa tetriaa diferentes variedades sabor a carne,LEGUMES AND BY-PRODUCTS,"Soybean, texturized ierent aor",,1.00,1472.00,348.00,6.99,6.70,4.22,*,*,*,*,41.84,38.84,*,1.94,*,*,*,*,*,*,*,*,*,*,*,0.03,*,*,*,*,*,*,*,*,*,*,*,*,*,*
SEMILLAS DE LEGUMINOSAS Y DERIVADOS,Soa Soa tio carne guten,LEGUMES AND BY-PRODUCTS,Sobean ten in meat,,1.00,852.00,200.00,59.00,3.14,10.91,1.44,1.78,2.02,5.00,20.74,4.15,1.07,0.00,4.90,*,91.45,287.41,3.34,1317.46,126.43,15.93,0.00,1.28,*,*,*,*,*,*,*,2.65,0.24,3.75,4.50,0.30,2.01,*,124.00,0.00
SEMILLAS DE LEGUMINOSAS Y DERIVADOS,Ua e Gato arina intera,LEGUMES AND BY-PRODUCTS,Catca oe or,Acacia ritii,1.00,1405.00,336.00,6.40,4.00,5.00,*,*,*,*,18.70,54.00,*,*,13.97,*,*,*,*,*,*,*,*,*,*,*,*,*,*,*,*,*,*,*,*,*,*,*,*,*
SEMILLAS DE LEGUMINOSAS Y DERIVADOS,Ua e Gato arina sin testas,LEGUMES AND BY-PRODUCTS,Catca or itot ea,Acacia ritii,1.00,1577.00,377.00,9.20,3.40,5.90,*,*,*,*,20.20,60.90,*,*,2.94,*,*,*,*,*,*,*,*,*,*,*,*,*,*,*,*,*,*,*,*,*,*,*,*,*
OTRAS SEMILLAS,"Aceituna, fruto",MISCELLANEOUS SEEDS,"Olive, fruit",Olea europea L.,0.80,481.00,115.00,79.99,5.80,10.68,1.42,7.89,0.94,0.00,0.84,6.26,0.00,1.20,3.20,2.11,88.00,3.00,1.90,735.00,8.00,4.00,0.27,0.22,0.06,*,*,4.03,20.00,0.30,0.28,0.00,0.00,0.04,0.90,0.00,*,*,0.00,0.00
OTRAS SEMILLAS,Aonoí araiao,MISCELLANEOUS SEEDS,Seame ee araiao carameie can,,1.00,2314.90,547.00,1.20,3.80,39.40,*,*,*,*,16.40,31.70,*,7.45,*,*,*,*,*,0.00,*,*,*,*,*,*,*,*,*,*,*,*,*,*,*,*,*,*,*,*
OTRAS SEMILLAS,"Ajonjolí, grano",MISCELLANEOUS SEEDS,Seame ee,Seamm inicm L/ Seamm orientae L,1.00,2262.00,540.00,4.28,5.04,50.48,6.96,18.76,21.77,0.00,21.32,12.11,0.30,7.86,11.80,*,1038.00,627.00,9.24,11.00,468.00,351.00,*,7.75,*,0.04,*,9.00,0.00,*,*,1.25,0.25,4.99,0.00,0.79,0.00,*,97.00,0.00
OTRAS SEMILLAS,"Ajonjolí, harina",MISCELLANEOUS SEEDS,Seame ee or,Seamm inicm L,1.00,1410.00,337.00,4.60,7.30,2.20,*,*,*,*,44.80,35.20,*,5.90,61.60,61.30,*,*,*,*,*,*,*,*,*,*,*,*,*,*,*,*,*,*,3.89,*,*,*,*,*
OTRAS SEMILLAS,"Ajonjolí, harina residual",MISCELLANEOUS SEEDS,Seame ee reia or,,1.00,1182.00,282.50,8.90,12.20,5.50,0.20,0.54,630.00,*,32.90,26.50,*,14.00,57.80,53.80,149.00,757.00,14.22,39.00,397.00,338.00,*,10.00,*,*,*,64.00,3.00,*,*,2.52,0.27,12.53,0.00,0.00,0.00,*,29.00,0.00
OTRAS SEMILLAS,Aonoí arina emia descascarrillada,MISCELLANEOUS SEEDS,Seame See or dehulled seed,Seamm inicm L,1.00,1309.00,313.00,7.68,7.66,3.87,*,*,*,*,44.25,31.34,*,5.20,*,*,*,*,*,*,*,*,*,*,*,*,*,*,*,*,*,*,*,*,*,*,*,*,*,*
OTRAS SEMILLAS,"Ajonjolí, pasta residual desgrasada",MISCELLANEOUS SEEDS,Seame See nonat reia mea,Seamm inicm L,,2372.00,567.00,5.00,*,48.00,6.72,18.13,21.04,0.00,16.96,26.04,*,*,*,*,153.00,774.00,14.55,39.00,406.00,346.00,*,10.23,*,*,*,66.00,3.00,*,*,2.57,0.28,12.82,0.00,0.15,0.00,*,30.00,0.00
OTRAS SEMILLAS,"Alelon, grano",MISCELLANEOUS SEEDS,"Alelon, grain",,,1360.00,325.00,10.10,0.30,2.67,*,*,*,*,8.30,67.33,*,11.30,*,*,12.00,224.00,15.80,*,*,*,*,*,*,*,*,*,*,*,0.05,0.38,*,*,*,*,*,*,*,*
OTRAS SEMILLAS,Aon arina,MISCELLANEOUS SEEDS,Cottonee or,Goim erbacem,1.00,1502.00,359.00,2.80,5.30,30.20,1.59,1.13,2.96,0.00,35.30,40.54,*,*,3.00,*,478.00,1597.00,12.66,35.00,1772.00,721.00,*,11.69,*,*,*,434.00,22.00,*,*,2.10,0.40,4.07,2.40,0.77,0.00,*,229.00,0.00
OTRAS SEMILLAS,Amenra,MISCELLANEOUS SEEDS,Amon,rnn ama,0.98,2255.00,539.00,3.54,3.00,42.91,3.73,30.89,12.07,0.00,24.48,23.39,3.89,2.70,12.20,12.40,264.00,484.00,3.72,1.00,705.00,268.00,0.14,3.08,1.90,0.06,*,1.00,0.00,120.00,120.00,0.21,1.01,3.29,0.00,0.14,0.00,0.00,50.00,0.00
OTRAS SEMILLAS,Amenra amenrn,MISCELLANEOUS SEEDS,Amon maabar amon,Terminaia cataa L,0.98,2377.00,568.00,2.70,2.40,54.60,*,*,*,*,27.50,3.85,*,9.20,*,*,497.00,957.00,2.40,*,*,*,*,*,*,*,*,*,*,*,0.00,0.71,0.28,0.74,*,*,*,*,*,*
OTRAS SEMILLAS,Amaranto aería,MISCELLANEOUS SEEDS,Amarant aería,Amarant crent,1.00,1502.00,359.00,8.40,1.60,3.80,*,*,*,*,7.20,76.50,*,2.50,*,*,*,*,*,*,*,*,*,*,*,*,*,*,*,*,*,*,*,*,*,*,*,*,*,*
OTRAS SEMILLAS,Amaranto aeria con cacahuate,MISCELLANEOUS SEEDS,Amarant aería it peanut,,1.00,1737.77,409.35,2.00,1.34,7.87,*,*,*,*,9.48,75.15,9.75,4.16,4.07,*,*,*,*,26.97,*,*,*,*,*,*,*,*,*,*,*,*,*,*,*,*,*,*,*,*
OTRAS SEMILLAS,Amaranto aeria con chocolate,MISCELLANEOUS SEEDS,Amarant aeria it chocolate,,1.00,1738.75,409.62,2.00,1.43,8.54,*,*,*,*,6.23,76.96,10.79,4.84,10.95,*,*,*,*,24.45,*,*,*,*,*,*,*,*,*,*,*,*,*,*,*,*,*,*,*,*
OTRAS SEMILLAS,Amaranto barra con chocolate,MISCELLANEOUS SEEDS,Amarant ma bar it chocolate,,1.00,2182.20,515.00,1.40,1.40,26.20,*,*,*,*,4.70,64.90,*,1.20,*,*,*,*,*,25.68,*,*,0.00,*,*,*,*,*,*,*,*,*,*,*,*,*,*,*,*,*
OTRAS SEMILLAS,Amaranto barra energética,MISCELLANEOUS SEEDS,Amarant energetic bar,,1.00,2095.32,494.62,5.40,2.15,27.26,*,*,*,*,9.95,52.37,*,2.87,*,*,95.98,173.52,4.59,25.74,502.73,190.31,0.00,2.36,*,*,*,*,*,*,*,*,*,*,*,*,*,*,*,*
OTRAS SEMILLAS,Amaranto barra tio alegría,MISCELLANEOUS SEEDS,Amarant aeria amarant can bar,,1.00,1653.00,395.00,4.65,1.29,3.68,*,*,*,*,8.00,80.80,*,1.58,*,*,*,*,*,*,*,*,*,*,*,*,*,*,*,*,*,*,*,*,*,*,*,*,*,*
OTRAS SEMILLAS,Amaranto barrita con chocolate,MISCELLANEOUS SEEDS,Amarant ma bar it cocoate,,1.00,1625.00,389.00,4.30,1.10,3.30,*,*,*,*,5.10,84.30,*,1.90,*,*,*,*,*,*,*,*,*,*,*,*,*,*,*,*,*,*,*,*,*,*,*,*,*,*
OTRAS SEMILLAS,Amaranto barrita con chocolate y nuez,MISCELLANEOUS SEEDS,Amarant ma bar it chocolate and nuts,,1.00,1664.00,398.00,5.50,1.30,10.00,*,*,*,*,9.60,69.00,*,4.60,*,*,*,*,*,*,*,*,*,*,*,*,*,*,*,*,*,*,*,*,*,*,*,*,*,*
OTRAS SEMILLAS,Amaranto botana etria en orma e crrito,MISCELLANEOUS SEEDS,Amarant etre nac,,1.00,2042.21,481.99,4.50,3.72,24.99,*,*,*,*,10.33,53.94,*,2.52,*,*,76.05,*,8.48,905.85,337.15,146.62,0.00,2.29,*,*,*,*,*,*,*,*,*,*,*,*,*,*,*,*
OTRAS SEMILLAS,Amaranto cerea con mie acar,MISCELLANEOUS SEEDS,Amarant it one and sugar,Amarant crent,1.00,1671.00,397.00,2.00,1.35,4.65,*,*,*,*,7.70,81.05,*,3.25,*,*,101.12,*,3.60,34.24,340.60,*,*,3.60,*,*,*,13270.67,*,*,*,0.05,0.50,5.74,8.47,*,*,*,*,*
OTRAS SEMILLAS,"Amaranto cerea ara ea- no, hojuela con chocolate",MISCELLANEOUS SEEDS,Amarant breaat cerea it cocoate,,1.00,1978.04,466.64,3.00,2.46,17.66,*,*,*,*,7.97,68.90,*,0.00,*,*,201.36,*,4.70,630.16,326.20,41.39,0.00,2.97,*,*,*,*,*,*,*,*,*,*,*,*,*,*,*,*
OTRAS SEMILLAS,Amaranto con cacaate y pepita,MISCELLANEOUS SEEDS,Amarant it eant an min ee,,1.00,1949.30,468.40,3.70,1.50,18.40,*,*,*,*,12.80,62.90,*,0.70,*,*,*,*,*,30.31,*,*,*,*,*,*,*,*,*,*,*,*,*,*,*,*,*,*,*,*
OTRAS SEMILLAS,Amaranto con cocoate,MISCELLANEOUS SEEDS,Amarant it cocoate,,1.00,2016.00,476.00,1.40,1.44,26.03,*,*,*,*,6.57,68.86,*,3.40,*,*,130.03,229.98,4.44,8.13,458.33,116.00,0.18,2.21,*,*,*,*,*,*,*,*,*,*,*,*,*,*,*,*
OTRAS SEMILLAS,Amaranto con moa,MISCELLANEOUS SEEDS,Amarant it mocca,,1.00,1555.10,366.13,8.78,2.14,3.81,*,*,*,*,14.52,68.44,*,2.31,*,*,*,*,*,*,*,*,*,*,*,*,*,*,*,*,*,*,*,*,*,*,*,*,*,*
OTRAS SEMILLAS,Amaranto con aomita e maí,MISCELLANEOUS SEEDS,Amarant it ocorn,,1.00,1805.01,425.37,5.20,1.29,11.25,*,*,*,*,5.80,75.23,*,1.23,*,*,35.02,101.23,0.00,0.00,232.82,55.53,0.00,0.00,*,*,*,*,*,*,*,*,*,*,*,*,*,*,*,*
OTRAS SEMILLAS,Amaranto en ce barra,MISCELLANEOUS SEEDS,Amarant aeria amarant can bar,,1.00,1647.80,388.00,6.00,1.40,4.80,*,*,*,*,7.80,78.40,*,1.60,*,*,*,*,*,*,*,*,*,*,*,*,*,*,*,*,*,*,*,*,*,*,*,*,*,*
OTRAS SEMILLAS,Amaranto aeta,MISCELLANEOUS SEEDS,Amarant cooie,,1.00,1989.00,472.00,3.10,1.43,21.47,*,*,*,*,9.63,62.13,*,0.22,*,*,86.72,170.59,4.88,203.41,199.86,62.59,0.00,0.96,*,*,*,*,*,*,*,*,*,*,*,*,*,*,*,*
OTRAS SEMILLAS,Amaranto rano,MISCELLANEOUS SEEDS,Amarant ee,Amarant ioconriac U A M/ Amarant caat/Amarant crent,1.00,1540.00,366.00,9.00,2.69,6.13,1.46,1.69,2.78,0.00,13.38,65.50,1.69,2.94,6.70,*,174.75,572.67,19.00,0.00,537.98,281.47,0.00,2.55,3.00,*,*,2.00,0.00,*,*,0.12,0.20,0.92,4.02,0.59,0.00,0.00,82.00,0.00
OTRAS SEMILLAS,Amaranto rano,MISCELLANEOUS SEEDS,Amarant ee,,1.00,1552.11,365.34,8.10,1.77,2.34,0.66,1.69,2.78,0.00,7.11,78.96,12.17,1.72,6.70,*,159.00,557.00,7.61,37.71,508.00,248.00,0.53,2.87,3.33,18.70,*,2.00,0.00,*,*,0.12,0.20,0.92,4.20,0.59,0.00,0.00,82.00,0.00
OTRAS SEMILLAS,Amaranto ranoa,MISCELLANEOUS SEEDS,Amarant ranoa,,1.00,2218.85,530.83,3.10,1.99,23.53,4.06,9.53,9.22,0.00,14.27,55.93,17.08,1.18,9.00,*,*,456.00,4.23,25.00,540.00,175.00,*,4.03,*,*,*,19.00,1.00,*,*,0.74,0.29,2.14,1.20,0.29,0.00,0.00,82.00,0.00
OTRAS SEMILLAS,Amaranto arina erminaa,MISCELLANEOUS SEEDS,Amarant erminate or,Amarant crent,1.00,1456.00,348.00,11.80,2.70,6.20,*,*,*,*,18.30,57.30,*,3.70,*,*,*,*,*,*,*,*,*,*,*,*,*,*,*,*,*,*,*,*,*,*,*,*,*,*
OTRAS SEMILLAS,Amaranto arina integral,MISCELLANEOUS SEEDS,Amarant oe or,Amarant crent,1.00,1913.00,369.00,8.70,2.50,6.60,*,*,*,*,14.50,64.70,*,3.00,*,*,*,*,*,*,*,*,*,*,*,*,*,*,*,*,*,*,*,*,*,*,*,*,*,*
OTRAS SEMILLAS,Amaranto arina reventada,MISCELLANEOUS SEEDS,Amarant brt or,Amarant crent,1.00,1606.00,384.00,4.20,3.00,6.70,*,*,*,*,14.80,68.10,*,3.20,*,*,*,*,*,*,*,*,*,*,*,*,*,*,*,*,*,*,*,*,*,*,*,*,*,*
OTRAS SEMILLAS,Amaranto oa,MISCELLANEOUS SEEDS,Amarant ea,Amarant ioconriac,,254.19,59.86,79.70,4.06,0.86,0.09,0.08,0.15,0.00,5.57,7.46,*,2.35,*,*,890.12,50.00,7.78,7.04,331.61,209.69,0.00,0.00,*,*,*,2917.00,146.00,*,*,0.03,0.16,0.66,43.30,0.19,0.00,*,85.00,0.00
OTRAS SEMILLAS,Amaranto maaan con cacahuate,MISCELLANEOUS SEEDS,Amarant marian it eant,,1.00,2166.13,511.47,2.10,5.63,30.47,*,*,*,*,19.43,39.88,*,2.49,*,*,1602.83,*,0.00,7.34,428.45,147.89,0.00,1.99,*,*,*,*,*,*,*,*,*,*,*,*,*,*,*,*
OTRAS SEMILLAS,Amaranto obea,MISCELLANEOUS SEEDS,Amarant aer,,1.00,1610.83,379.03,2.90,0.89,0.19,0.06,0.05,0.09,*,9.67,84.66,20.49,1.69,*,*,14.20,*,9.21,165.49,165.85,20.92,0.00,0.00,*,*,*,*,*,*,*,*,*,*,*,*,*,*,*,*
OTRAS SEMILLAS,Amaranto obea,MISCELLANEOUS SEEDS,Amarant aer,,,1770.00,423.00,2.60,1.79,0.69,*,*,*,*,10.45,84.47,12.67,0.00,4.53,*,*,*,*,288.70,*,*,*,*,*,*,*,*,*,*,*,*,*,*,*,*,*,*,*,*
OTRAS SEMILLAS,Amaranto aaneta,MISCELLANEOUS SEEDS,Amarant britte,Amarant crent,1.00,1669.00,398.00,3.00,1.61,11.20,*,*,*,*,9.38,75.73,*,2.43,*,*,88.32,245.66,5.87,11.66,383.71,153.92,0.34,1.99,*,*,*,*,*,*,*,*,*,*,*,*,*,*,*,*
OTRAS SEMILLAS,Amaranto eitoria,MISCELLANEOUS SEEDS,Amarant can it min seeds and pilloncillo,,1.00,1076.11,401.76,4.30,1.19,5.48,*,*,*,*,9.93,78.18,*,0.92,*,*,40.32,211.52,5.41,81.51,273.06,103.27,0.00,1.51,*,*,*,*,*,*,*,*,*,*,*,*,*,*,*,*
OTRAS SEMILLAS,Amaranto an,MISCELLANEOUS SEEDS,Amarant eet brea,,1.00,1725.11,407.11,22.60,1.02,20.43,*,*,*,*,8.90,46.91,*,0.14,*,*,58.60,179.30,4.26,110.20,87.12,46.19,0.00,1.16,*,*,*,*,*,*,*,*,*,*,*,*,*,*,*,*
OTRAS SEMILLAS,Amaranto an con fruta seca,MISCELLANEOUS SEEDS,Amarant eet brea it rie rit,,1.00,1548.00,370.00,25.00,3.10,20.60,*,*,*,*,7.90,41.90,*,*,*,*,*,*,*,*,*,*,*,*,*,*,*,*,*,*,*,*,*,*,*,*,*,*,*,*
OTRAS SEMILLAS,Amaranto oo ara mateaa con amaranto abor cocoate,MISCELLANEOUS SEEDS,Amarant amarantbae ae oer cocoate aore,,1.00,1703.00,407.00,2.39,2.20,5.28,*,*,*,*,8.72,79.78,*,1.63,*,*,*,*,*,*,*,*,*,*,*,*,*,*,*,*,*,*,*,*,*,*,*,*,*,*
OTRAS SEMILLAS,Amaranto roceao,MISCELLANEOUS SEEDS,Amarant rocee,Amarant caat,1.00,1602.00,383.00,3.00,2.90,4.40,*,*,*,*,10.90,74.90,*,3.90,*,*,*,*,*,*,*,*,*,*,*,*,*,*,*,*,*,*,*,*,*,*,*,*,*,*
OTRAS SEMILLAS,Amaranto reentao a 100%,MISCELLANEOUS SEEDS,Amarant brt,,1.00,1747.87,411.73,0.90,2.80,7.93,*,*,*,*,13.74,71.35,*,3.27,*,*,144.54,587.35,8.60,0.00,542.82,287.72,0.00,3.95,*,*,*,*,*,*,*,*,*,*,*,*,*,*,*,*
OTRAS SEMILLAS,Amaranto oo,MISCELLANEOUS SEEDS,Amarant ain,,1.00,1805.00,425.40,3.00,2.50,11.80,*,*,*,*,16.60,63.20,*,2.90,*,*,*,*,*,*,*,*,*,*,*,*,*,*,*,*,*,*,*,*,*,*,*,*,*,*
OTRAS SEMILLAS,"Cacao, atole de chocolate",MISCELLANEOUS SEEDS,"Cacao, chocolate gruel",,1.00,332.00,79.00,80.20,0.30,0.86,*,*,*,*,4.25,14.10,*,0.29,*,*,11.00,*,*,*,*,*,*,*,*,*,*,*,*,*,0.00,0.02,0.06,0.18,0.00,*,*,*,*,*
OTRAS SEMILLAS,"Cacao, chocolate",MISCELLANEOUS SEEDS,"Cacao, chocolate",,1.00,1519.00,363.00,5.30,5.60,2.20,*,*,*,*,72.80,14.00,*,1.10,15.00,*,63.00,287.00,3.20,19.00,397.00,100.00,1.40,1.90,0.92,0.00,*,*,*,*,*,*,*,*,*,50.00,*,10.00,*,*
OTRAS SEMILLAS,"Cacao, chocolate en barra",MISCELLANEOUS SEEDS,"Cacao, chocolate bar",,1.00,1628.00,389.00,1.10,2.80,24.10,*,*,*,*,6.05,76.00,*,2.10,*,*,*,*,*,*,*,*,*,*,*,*,*,*,*,*,*,*,*,*,*,*,*,*,*,*
OTRAS SEMILLAS,"Cacao, chocolate en polvo",MISCELLANEOUS SEEDS,Cacao oere chocolate,,1.00,1541.00,368.00,1.00,6.50,3.40,2.38,1.33,0.11,1.00,6.50,77.70,*,1.30,3.60,*,949.00,971.00,5.65,16.25,712.00,83.00,*,1.46,*,*,*,*,1.00,*,*,1.57,1.53,2.71,0.00,0.11,0.38,0.00,0.00,*
OTRAS SEMILLAS,"Cacao, chocolate en polvo con soya",MISCELLANEOUS SEEDS,Cacao oere cocoate it obean,,1.00,2167.00,518.00,1.40,1.70,26.60,*,*,*,*,8.10,61.60,*,0.60,*,*,*,*,*,*,*,*,*,*,*,*,*,*,*,*,*,*,*,*,*,*,*,*,*,*
OTRAS SEMILLAS,"Cacao, chocolate en polvo con itamina minerae",MISCELLANEOUS SEEDS,Cacao cocoa oer it itamin an minera,,1.00,1714.00,403.00,0.80,1.00,2.55,*,*,*,*,2.55,92.56,54.20,0.55,2.35,*,72.46,*,10.99,95.99,289.09,77.17,0.61,0.94,*,*,*,0.00,*,*,*,0.24,1.05,*,0.00,*,*,*,*,*
OTRAS SEMILLAS,"Cacao, chocolate sin acar amaro",MISCELLANEOUS SEEDS,"Cacao, bitter chocolate itot ar",Teobroma cacao L,1.00,2171.00,519.00,3.20,3.70,38.70,*,*,*,*,11.84,36.24,*,4.36,15.00,*,134.00,15.00,4.30,19.00,397.00,100.00,1.40,1.90,0.92,0.00,*,*,*,*,*,0.16,0.09,2.12,*,50.00,*,10.00,*,*
OTRAS SEMILLAS,"Cacao, cocoa (parte raa e cacao",MISCELLANEOUS SEEDS,"Cacao, cocoa (fat portion o cacao",Teobroma cacao L/ere,1.00,1350.00,323.00,6.69,6.16,4.69,*,*,*,*,22.93,51.98,*,11.88,*,*,372.00,471.00,*,*,*,*,*,*,*,*,*,*,,*,0.00,0.04,0.22,0.26,*,*,*,*,*,*
OTRAS SEMILLAS,"Cacao, cocoa en polvo",MISCELLANEOUS SEEDS,Cacao oere cocoa,Teobroma cacao L,1.00,1301.00,311.00,7.40,7.30,5.20,8.07,4.57,0.44,0.00,19.80,46.30,*,14.00,33.20,*,128.00,734.00,13.86,21.00,1524.00,499.00,3.80,6.81,2.50,*,*,*,0.00,*,*,0.08,0.24,2.18,0.00,0.12,0.00,0.00,32.00,*
OTRAS SEMILLAS,"Cacao, criollo con cáscara",MISCELLANEOUS SEEDS,Cacao creoe it,Teobroma cacao L,0.90,2308.00,551.00,3.60,3.00,47.00,*,*,*,*,15.00,26.10,*,5.30,*,*,134.00,538.00,*,*,*,*,*,*,*,*,*,*,*,*,*,0.11,0.10,3.00,*,*,*,*,*,*
OTRAS SEMILLAS,"Cacao, criollo sin cáscara",MISCELLANEOUS SEEDS,"Cacao, creole dehulled",Teobroma cacao L,1.00,2325.00,556.00,4.60,4.30,49.50,*,*,*,*,16.00,21.10,*,4.50,*,*,85.00,*,3.14,*,*,*,*,*,*,*,*,*,*,*,*,0.27,0.11,0.62,*,*,*,*,*,*
OTRAS SEMILLAS,Cacao meca eirataa para bebida,MISCELLANEOUS SEEDS,"Cacao, dry blend for beverage",,1.00,1171.00,280.00,1.43,2.72,3.89,*,*,*,*,8.74,80.31,*,1.42,*,*,29.44,127.74,20.67,13.13,318.78,52.63,0.00,8.88,*,*,*,*,*,*,*,*,1.66,19.30,*,*,*,*,*,*
OTRAS SEMILLAS,Cacao pataste,MISCELLANEOUS SEEDS,Cacao pataste,Teobroma bicoor mb et on,0.90,1552.00,371.00,10.70,0.90,4.17,*,*,*,*,1.81,81.04,*,1.38,*,*,249.00,74.00,1.60,*,*,*,*,*,*,*,*,*,*,*,0.00,0.03,0.09,0.84,*,*,*,*,*,*
OTRAS SEMILLAS,Café,MISCELLANEOUS SEEDS,Coffee,Coffea arabica L.,,1498.00,358.00,6.00,3.90,12.00,*,*,*,*,12.50,52.60,*,25.50,*,*,98.00,156.00,23.00,2.40,1860.00,220.00,*,*,*,0.00,*,*,*,*,*,0.02,0.00,1.13,*,0.14,*,20.00,*,*
OTRAS SEMILLAS,"Café, con azúcar",MISCELLANEOUS SEEDS,Coee it ar,,1.00,1456.00,348.00,1.10,3.80,11.30,*,*,*,*,11.90,49.60,*,22.30,*,*,*,*,*,*,*,*,*,*,*,*,*,*,*,*,*,*,*,*,*,*,*,*,*,*
OTRAS SEMILLAS,Ca e atra totao mo- io con acar carameiaa,MISCELLANEOUS SEEDS,Coee i atiteron rote an ron it carameie ar,,1.00,1258.00,306.60,4.50,8.80,10.60,25.13,1.71,0.58,0.00,10.90,41.90,*,23.30,0.50,*,18.00,135.00,0.06,0.00,909.00,2.00,*,0.02,*,*,*,14.00,1.00,*,*,0.00,0.00,0.19,0.00,0.00,0.00,*,1.00,0.00
OTRAS SEMILLAS,"Café, puro",MISCELLANEOUS SEEDS,"Coffee, pure",,1.00,1410.00,337.00,1.30,4.10,15.10,*,*,*,*,15.80,34.50,*,29.20,*,*,*,*,*,*,*,*,*,*,*,*,*,*,*,*,*,*,*,*,*,*,*,*,*,*
OTRAS SEMILLAS,"Café, soluble",MISCELLANEOUS SEEDS,"Coffee, soluble",,1.00,1565.00,374.00,1.00,5.80,0.18,0.20,0.04,0.20,0.00,10.10,82.92,0.00,0.00,0.00,*,147.00,202.00,7.15,37.00,3535.00,327.00,0.14,0.35,1.71,0.01,*,0.00,0.00,*,0.00,0.01,0.07,35.00,0.00,0.03,0.00,0.00,0.00,0.00
OTRAS SEMILLAS,"Café, tostado",MISCELLANEOUS SEEDS,"Coffee, roasted",Coffea arabica L.,1.00,1389.00,332.00,3.20,5.10,14.30,*,*,*,*,15.30,39.10,*,23.00,1.50,*,145.00,196.00,21.40,12.00,1653.00,201.00,1.70,0.71,,0.00,*,*,*,*,0.00,0.07,0.05,36.83,*,1.00,*,22.00,*,*
OTRAS SEMILLAS,"Calabaza, de Castilla, emia",MISCELLANEOUS SEEDS,"Squash, seed Castilian",Cucurbita pepo L.,0.70,*,*,4.90,5.10,*,*,*,*,*,31.00,*,*,*,*,*,39.00,834.00,11.00,*,*,*,*,*,*,*,*,*,*,*,0.05,0.26,0.17,2.30,0.00,*,*,*,*,*
OTRAS SEMILLAS,"Calabaza de India, emia",MISCELLANEOUS SEEDS,"Squash, seed, India",Cucurbita pepo L.,,*,*,4.20,4.90,*,*,*,*,*,32.30,*,*,*,*,*,37.00,655.00,8.90,*,*,*,*,*,*,*,*,*,*,*,0.06,0.36,0.23,3.28,0.10,*,*,*,*,*
OTRAS SEMILLAS,"Calabaza, entera con cáscara",MISCELLANEOUS SEEDS,Sa oe it,,1.00,2339.00,559.00,2.30,11.70,38.00,8.66,16.24,20.98,0.00,28.70,10.71,1.40,*,6.00,*,46.00,1233.00,8.82,7.00,809.00,592.00,*,7.81,*,*,*,16.00,1.00,*,*,0.27,0.15,4.99,1.90,0.14,0.00,*,58.00,0.00
OTRAS SEMILLAS,"Calabaza, entera, deshidratada y salada",MISCELLANEOUS SEEDS,Sa oe dehydrated and salted,,1.00,1874.00,448.00,2.43,15.34,31.66,8.54,15.73,19.86,0.00,24.14,16.77,1.29,9.65,6.50,*,52.00,1174.00,8.07,480.00,788.00,550.00,*,7.64,*,*,*,8.00,0.00,*,*,0.07,0.15,4.43,1.80,0.10,0.00,*,57.00,0.00
OTRAS SEMILLAS,Caabaa mena emia,MISCELLANEOUS SEEDS,Sa ee ma,Ccrbita mocata c,1.00,1983.00,474.00,7.70,3.10,27.97,*,*,*,*,36.00,28.28,*,4.95,*,*,35.00,725.00,1.07,*,*,*,*,*,*,*,*,*,*,*,0.00,0.13,0.12,2.22,0.00,*,*,*,*,*
OTRAS SEMILLAS,Caabaa emia,MISCELLANEOUS SEEDS,"Squash, seed",Cucurbita pepo L.,0.74,2200.00,526.00,4.30,4.80,44.00,*,*,*,*,36.90,7.45,*,2.55,*,*,31.00,1122.00,9.17,*,*,*,*,*,*,*,*,*,*,*,0.00,0.14,0.15,2.15,0.00,*,*,*,*,*
OTRAS SEMILLAS,Caabaa emia saladas,MISCELLANEOUS SEEDS,"Squash, salted seeds",Cucurbita pepo L.,1.00,2669.00,638.00,2.20,4.80,48.40,8.54,15.73,19.86,0.00,26.80,34.40,1.29,7.30,6.50,*,52.00,1174.00,8.07,256.00,788.00,550.00,*,7.64,*,*,*,8.00,0.00,*,*,0.07,0.15,4.43,1.80,0.10,0.00,*,57.00,0.00
OTRAS SEMILLAS,Caomo Ramn fresco,MISCELLANEOUS SEEDS,reant Ramon re,roimm aicatrm S,,807.00,193.00,47.80,1.80,0.48,0.27,0.13,0.53,0.00,7.50,40.04,*,2.38,*,*,113.00,84.00,2.09,31.00,1183.00,68.00,*,1.13,*,*,*,0.83,12.00,*,0.15,0.11,0.60,8.70,27.40,0.40,0.00,*,*,0.00
OTRAS SEMILLAS,Caomo Ramn eco,MISCELLANEOUS SEEDS,reant Ramon r,roimm aicatrm S,,1407.00,336.00,6.50,4.40,1.59,0.45,0.21,0.90,0.00,13.40,67.94,*,6.17,14.90,*,211.00,142.00,4.57,53.00,2011.00,115.00,*,1.91,*,*,*,216.00,11.00,*,0.17,0.14,2.11,91.00,46.60,0.69,0.00,*,113.00,0.00
OTRAS SEMILLAS,Cain amenra,MISCELLANEOUS SEEDS,Cain amon,Prunus capuli Cav.,,1556.00,372.00,6.00,2.40,8.00,*,*,*,*,29.10,50.28,*,4.24,*,*,238.00,303.00,15.10,*,*,*,*,*,*,*,*,*,*,*,0.00,0.54,1.64,4.61,*,*,*,*,*,*
OTRAS SEMILLAS,Carn meca con tera marina,MISCELLANEOUS SEEDS,"Cactus Giant, cactus mie it eera",Pachycereus pringlei,,1623.00,388.00,5.62,4.56,15.43,*,*,*,*,16.52,49.40,*,8.50,*,*,*,*,*,*,*,*,*,*,*,*,*,*,*,*,*,*,*,*,*,*,*,*,*,*
OTRAS SEMILLAS,Carn emia,MISCELLANEOUS SEEDS,"Cactus, seed",Pachycereus pringlei,,1966.00,470.00,7.00,3.00,30.75,*,*,*,*,20.86,34.43,*,13.96,*,*,40.41,*,4.78,*,*,*,*,*,*,*,*,*,*,*,*,0.13,2.39,2.55,*,*,*,*,*,*
OTRAS SEMILLAS,Crtamo cro,MISCELLANEOUS SEEDS,Saoer ra,,,2163.13,517.00,5.62,*,38.45,3.68,4.85,28.22,0.00,16.18,34.29,*,*,*,*,78.00,644.0,0 4.90,3.00,687.00,353.00,*,5.05,*,*,*,50.00,3.00,*,*,1.16,0.42,2.28,0.00,1.17,0.00,*,*,0.00
OTRAS SEMILLAS,Crtamo etracto,MISCELLANEOUS SEEDS,Saoer etract,Cartam tinctori,1.00,1226.00,293.00,8.20,14.10,0.60,0.21,0.27,1.58,0.00,34.70,41.10,*,1.30,*,*,77.00,638.00,4.86,3.00,68.00,350.00,*,5.01,*,*,*,49.00,2.00,*,*,1.15,0.41,2.27,0.00,1.16,0.00,*,159.00,0.00
OTRAS SEMILLAS,Cataa,MISCELLANEOUS SEEDS,Chestnut,Artocarpus incisa L.,0.82,720.00,172.00,56.80,1.50,2.59,0.24,0.43,0.49,0.00,6.49,32.52,*,1.34,*,*,42.00,141.00,3.78,2.00,484.00,30.00,*,0.49,*,*,*,26.00,1.00,*,0.00,0.25,0.10,3.54,13.70,0.36,0.00,0.00,58.00,0.00
OTRAS SEMILLAS,Cataa aaa,MISCELLANEOUS SEEDS,"Chestnut, broiled",Artocarpus incisa L.,0.82,937.00,224.00,43.80,1.90,3.30,0.41,*,*,0.00,7.72,41.61,*,1.67,*,*,40.00,178.00,2.66,*,*,*,*,*,*,*,*,,,*,0.00,0.32,0.10,2.94,14.00,*,*,*,*,*
OTRAS SEMILLAS,Girao emia natra,MISCELLANEOUS SEEDS,Snoer ee ra,,1.00,2584.20,611.00,3.30,3.70,50.20,4.46,18.53,23.14,0.00,24.80,15.00,2.62,3.00,26.00,22.60,78.00,660.00,5.45,12.35,645.00,325.00,1.62,6.09,*,*,*,50.00,3.00,*,*,1.48,0.36,8.34,1.40,1.35,0.00,*,227.00,0.00
OTRAS SEMILLAS,Girao emia totaa con mie,MISCELLANEOUS SEEDS,Snoer ee honey roasted,,1.00,2659.80,628.80,0.70,3.40,50.40,*,*,*,*,17.60,26.20,*,1.70,20.70,17.50,*,*,3.91,188.15,*,*,0.95,4.68,*,*,*,*,*,*,*,*,*,*,*,*,*,*,*,*
OTRAS SEMILLAS,Girao emia totaa y salada,MISCELLANEOUS SEEDS,Snoer ee ate and toasted,,1.00,2815.90,666.00,0.50,4.20,58.40,5.22,9.51,32.88,0.00,19.90,15.20,2.73,1.80,19.70,18.00,70.00,1155.00,3.74,415.47,850.00,129.00,1.41,5.02,2.11,0.08,*,9.00,0.00,*,*,0.11,0.25,7.04,1.40,0.80,0.00,*,237.00,0.00
OTRAS SEMILLAS,"Guandu, frijol de árbol",MISCELLANEOUS SEEDS,"Pigeon Pea, tree bean",Cajanus indicus Spreng,,1452.00,347.00,1.40,3.90,1.67,0.33,0.01,0.81,0.00,17.60,66.80,*,8.63,15.00,*,155.00,227.00,5.10,17.00,1392.00,183.00,1.06,2.76,1.79,0.01,*,28.00,1.00,*,0.07,0.64,0.73,0.17,2.60,0.28,0.00,*,456.00,0.00
OTRAS SEMILLAS,Jinicuil,MISCELLANEOUS SEEDS,Jinicuil,Inga jinicuil Schl.,,665.00,159.00,57.30,2.20,0.94,*,*,*,*,11.88,27.03,*,0.85,*,*,46.00,105.00,1.96,*,*,*,*,*,*,*,*,*,*,*,0.14,0.08,0.09,0.82,28.40,*,*,*,*,*
OTRAS SEMILLAS,"Jojoba, harina desgrasada",MISCELLANEOUS SEEDS,ooba nonat or,,1.00,1356.00,324.00,4.20,3.90,0.60,*,*,*,*,33.00,50.27,*,8.00,*,*,*,*,*,*,*,*,*,*,*,*,*,*,*,*,*,*,*,*,*,*,*,*,*,*
OTRAS SEMILLAS,"Jojoba, harina etoificaa",MISCELLANEOUS SEEDS,ooba etoifie or,,1.00,1339.00,320.00,2.50,4.10,0.51,*,*,*,*,42.40,41.53,*,9.00,*,*,*,*,*,*,*,*,*,*,*,*,*,*,*,*,*,*,*,*,*,*,*,*,*,*
OTRAS SEMILLAS,"Jojoba, pasta desgrasada",MISCELLANEOUS SEEDS,"Jojoba, nonfat paste",,1.00,1540.00,368.00,4.00,3.70,10.00,*,*,*,*,24.60,48.80,*,9.50,*,*,*,*,*,*,*,*,*,*,*,*,*,*,*,*,*,*,*,*,*,*,*,*,*,*
OTRAS SEMILLAS,"Jojoba, pasta etoificaa",MISCELLANEOUS SEEDS,ooba etoifie ate,,1.00,1318.00,315.00,4.00,4.00,0.50,*,*,*,*,27.50,53.00,*,11.00,*,*,*,*,*,*,*,*,*,*,*,*,*,*,*,*,*,*,*,*,*,*,*,*,*,*
OTRAS SEMILLAS,"Jojoba, testa",MISCELLANEOUS SEEDS,"Jojoba, testa",,,1188.00,284.00,10.00,4.40,0.70,*,*,*,*,6.00,63.30,*,15.60,*,*,*,*,*,*,*,*,*,*,*,*,*,*,*,*,*,*,*,*,*,*,*,*,*,*
OTRAS SEMILLAS,Maran amenra,MISCELLANEOUS SEEDS,Cae Nt amon,Anacarim accientae L,1.00,1255.00,526.00,2.70,3.10,37.00,7.78,23.80,7.85,0.00,17.89,37.92,5.91,1.39,3.30,*,24.00,580.00,1.80,12.00,660.00,292.00,2.20,5.78,1.66,0.02,*,0.00,0.00,*,*,0.00,1.09,0.45,2.11,0.42,0.00,0.00,25.00,0.00
OTRAS SEMILLAS,Ne araiaa,MISCELLANEOUS SEEDS,"Nut, sugar-coated",,1.00,2309.00,552.00,1.20,0.91,36.53,*,*,*,*,4.51,56.35,43.84,0.50,*,*,*,*,*,217.00,*,*,*,*,*,*,*,*,*,*,*,*,*,*,*,*,*,*,*,*
OTRAS SEMILLAS,"Nuez, palanqueta",MISCELLANEOUS SEEDS,"Nut, brittle",,1.00,2414.00,577.00,1.57,1.21,42.80,*,*,*,*,6.62,41.49,28.78,4.74,5.68,*,32.50,*,2.00,210.00,*,*,*,*,*,*,*,*,*,*,*,*,*,*,*,*,*,*,*,*
OTRAS SEMILLAS,aoma,MISCELLANEOUS SEEDS,Popcorn,itecoctenim ecinatm Scm,1.00,1255.00,300.00,47.30,1.20,26.98,*,*,*,*,8.12,11.35,*,5.05,*,*,145.00,69.00,0.00,*,*,*,*,*,*,*,*,*,*,*,0.00,0.41,0.07,0.60,6.40,*,*,*,*,*
OTRAS SEMILLAS,imienta nera moia,MISCELLANEOUS SEEDS,"Pepper, black ground",,1.00,1259.00,301.00,11.26,5.48,4.63,1.39,0.74,1.00,0.00,10.64,54.31,0.64,13.68,25.30,*,443.00,158.00,9.71,20.00,1329.00,171.00,*,1.19,*,*,*,547.00,27.00,*,*,0.11,0.18,1.14,0.00,0.29,0.00,0.00,17.00,0.00
OTRAS SEMILLAS,inica emia,MISCELLANEOUS SEEDS,"Bearberry, seed",Arctostathylos pungens H.B.K.,0.90,1514.00,362.00,7.00,3.10,7.53,*,*,*,*,3.36,70.64,*,8.37,*,*,11.00,2.00,14.70,*,*,*,*,*,*,*,*,*,*,*,0.00,0.04,0.11,0.66,38.70,*,*,*,*,*
OTRAS SEMILLAS,in emia,MISCELLANEOUS SEEDS,Pine Nut,in ei En Cembroie,0.30,2816.00,673.00,2.30,2.90,68.37,4.90,18.76,34.07,0.00,22.40,13.08,3.59,*,3.70,*,13.00,588.00,5.20,2.00,597.00,251.00,*,6.45,*,0.02,*,29.00,1.00,*,0.02,1.11,0.24,5.29,0.90,0.09,0.00,*,34.00,0.00
OTRAS SEMILLAS,itace emia,MISCELLANEOUS SEEDS,"Pistachio, nut seed",Pistachia vera,1.00,2640.00,631.00,3.10,3.91,52.67,5.56,23.82,13.74,0.00,17.49,21.82,7.66,0.98,10.30,*,105.00,490.00,3.92,400.00,1025.00,121.00,*,2.20,*,0.07,*,415.00,21.00,*,*,0.87,0.16,1.30,5.60,1.70,0.00,0.00,51.00,0.00
OTRAS SEMILLAS,Pochote,MISCELLANEOUS SEEDS,Kapok Ceiba,Ceiba pentandra Gaerth,,729.00,174.00,58.90,2.30,11.50,*,*,*,*,10.60,10.12,*,6.58,*,*,73.00,542.00,1.50,*,*,*,*,*,*,*,*,*,*,*,0.00,0.11,0.05,1.16,20.30,*,*,*,*,*
OTRAS SEMILLAS,"Zacate de Mar, cascarilla",MISCELLANEOUS SEEDS,"Eelgrass, hull",otera marina,,1177.00,281.00,8.33,11.17,0.30,*,*,*,*,8.66,61.14,*,10.40,*,*,*,*,*,*,*,*,*,*,*,*,*,*,*,*,*,*,*,*,*,*,*,*,*,*
OTRAS SEMILLAS,"Zacate de Mar, emia cra",MISCELLANEOUS SEEDS,Eera ra ee,otera marina,,1326.00,317.00,7.40,7.12,1.43,*,*,*,*,11.34,65.28,*,7.43,*,*,71.30,*,10.39,*,*,*,*,*,*,*,*,*,*,*,*,0.06,2.34,1.84,*,*,*,*,*,*
OTRAS SEMILLAS,"Zacate de Mar, emia totaa",MISCELLANEOUS SEEDS,"Eelgrass, roasted seed",otera marina,,1432.00,342.00,5.17,5.96,1.61,*,*,*,*,12.47,70.16,*,4.63,*,*,*,*,*,*,*,*,*,*,*,*,*,*,*,*,*,*,*,*,*,*,*,*,*,*
ALGAS ONGOS,Aa Sirina mima,ALGAE AN UNGI,Seaee Sirina maima,Sirina maima,1.00,1314.00,314.00,7.55,5.80,6.55,2.65,0.68,2.08,0.00,62.85,12.90,3.10,2.10,3.60,*,120.00,118.00,28.50,1048.00,1363.00,195.00,6.11,2.00,1.90,0.01,*,570.00,29.00,*,*,0.16,234,12.82,10.10,0.36,0.00,*,94.00,0.00
ALGAS ONGOS,Camin,ALGAE AN UNGI,Mroom,Agaricus bisporus,1.00,122.00,29.00,86.10,2.20,0.11,0.01,0.00,0.16,0.00,4.69,4.58,1.72,2.32,0.60,*,12.00,76.00,0.66,6.00,448.00,9.00,0.50,1.10,0.29,26.00,*,0.00,0.00,0.00,0.00,0.07,0.37,2.33,0.00,0.10,0.10,0.00,25.00,0.10
ALGAS ONGOS,Hongo Azul,ALGAE AN UNGI,Fungus Blue,,1.00,96.00,23.00,91.70,0.70,0.55,*,*,*,*,2.12,3.59,*,1.34,*,*,19.00,63.00,*,*,*,*,*,*,*,*,*,*,*,*,0.00,0.24,0.45,3.20,1.20,*,*,*,*,*
ALGAS ONGOS,Hongo Bola,ALGAE AN UNGI,Fungus Puff-Ball,,1.00,*,*,87.30,1.30,0.20,*,*,*,*,6.25,*,*,*,*,*,20.00,163.00,2.12,*,*,*,*,*,*,*,*,*,*,*,0.00,0.26,0.68,6.34,4.00,*,*,*,*,*
ALGAS ONGOS,Hongo Clavito,ALGAE AN UNGI,Fungus Clavito,Lom ecate,1.00,138.00,33.00,89.73,0.90,0.46,*,*,*,*,5.90,5.30,*,1.56,*,*,24.00,103.00,2.23,*,*,*,*,*,*,*,*,*,*,*,0.00,0.17,0.40,4.68,*,*,*,*,*,*
ALGAS ONGOS,Hongo Cuitlacoche,ALGAE AN UNGI,n Corn Smt,Utiao mai C,1.00,123.00,29.00,89.20,0.70,0.43,*,*,*,*,1.62,6.24,*,1.81,*,*,6.00,39.00,*,*,*,*,*,*,*,*,*,*,*,*,0.00,0.07,0.26,0.69,3.70,*,*,*,*,*
ALGAS ONGOS,Hongo Duraznillo,ALGAE AN UNGI,Fungus Duraznillo,Canthareilus cibarius,1.00,98.00,23.00,91.00,0.60,0.32,*,*,*,0.00,1.53,4.83,1.16,0.92,3.80,*,18.00,49.00,3.44,35.00,*,13.00,0.35,0.71,*,2.20,*,0.00,*,*,0.00,0.08,0.19,2.96,*,*,0.00,0.00,38.00,0.53
ALGAS ONGOS,Hongo Enchilado,ALGAE AN UNGI,Fungus Milk Cap,Lactari amonicoor,1.00,109.00,26.00,91.80,0.40,0.45,*,*,*,*,2.00,4.82,*,0.53,*,*,12.00,64.00,3.08,*,*,*,*,*,*,*,*,*,*,*,*,0.22,0.42,4.88,*,*,*,*,*,*
ALGAS ONGOS,Hongo Escobeta o Patas de Pájaro,ALGAE AN UNGI,Fungus Escobeta o Patas de Pájaro,Caicorona o Ramaria,1.00,108.50,26.00,90.20,1.10,0.22,*,*,*,*,2.13,5.51,*,0.93,*,*,60.00,61.50,*,*,*,*,*,*,*,*,*,*,*,*,0.00,0.17,0.2,6.80,7.45,*,*,*,*,*
ALGAS ONGOS,Hongo Llanero,ALGAE AN UNGI,Fungus Llanero,,1.00,100.00,24.00,87.70,3.20,0.15,*,*,*,*,3.87,3.62,*,1.46,*,*,44.00,117.00,*,*,*,*,*,*,*,*,*,*,*,*,0.00,0.26,0.48,1.82,1.60,*,*,*,*,*
ALGAS ONGOS,Hongo Médula de Bonete,ALGAE AN UNGI,Fungus Médula de Bonete,ie meican Stane,1.00,67.00,16.00,11.40,1.70,0.41,*,*,*,*,1.75,2.40,*,2.34,*,*,122.00,15.00,1.72,*,*,*,*,*,*,*,*,*,*,*,0.00,0.04,0.02,0.48,10.00,*,*,*,*,*
ALGAS ONGOS,Hongo Negro,ALGAE AN UNGI,Fungus Black,,1.00,176.00,42.00,87.10,1.15,0.44,*,*,*,*,2.59,9.17,*,1.56,*,*,21.50,44.00,4.03,*,*,*,*,*,*,*,*,*,*,*,0.00,0.04,0.205,1.77,3.40,*,*,*,*,*
ALGAS ONGOS,Hongo Oreja de Cochino,ALGAE AN UNGI,n iS Ear,,1.00,125.00,30.00,87.70,1.10,0.16,*,*,*,*,2.12,6.68,*,2.24,*,*,*,54.00,1.08,*,*,*,*,*,*,*,*,*,*,*,0.00,0.16,0.27,2.04,3.90,*,*,*,*,*
ALGAS ONGOS,ono ambao,ALGAE AN UNGI,n ambao,Boletus edulis,1.00,159.00,38.00,85.10,1.20,0.48,0.06,0.01,0.17,0.00,6.00,5.44,*,1.78,*,*,25.00,99.00,0.70,4.00,370.00,*,*,0.73,*,*,*,*,0.00,*,0.00,0.55,0.64,7.42,4.50,0.10,0.00,21.00,*,*
ALGAS ONGOS,ono Seorita,ALGAE AN UNGI,n Seorita,Clitocybe gibba,1.00,75.00,18.00,91.80,1.40,0.28,*,*,*,*,3.25,2.01,*,1.26,*,*,12.00,100.00,4.22,*,*,*,*,*,*,*,*,*,*,*,0.00,0.24,0.36,4.80,*,*,*,*,*,*
ALGAS ONGOS,Hongo Setas,ALGAE AN UNGI,n Mroom,erot otreat cea INIRE,1.00,134.00,32.00,90.50,0.70,0.42,0.06,*,*,0.00,2.07,5.44,1.11,0.90,2.30,*,186.00,6.93,0.29,1.54,260.61,11.81,0.00,0.77,0.11,2.60,*,48.00,*,*,*,0.19,0.36,3.59,2.97,*,0.00,0.00,38.00,0.70
ALGAS ONGOS,Hongo Tlaxilito,ALGAE AN UNGI,Fungus Tlaxilito,,,134.00,32.00,88.40,1.40,0.38,*,*,*,*,2.50,*,*,*,*,*,300.00,95.00,11.70,*,*,*,*,*,*,*,*,*,*,*,0.00,0.19,0.47,5.36,1.60,*,*,*,*,*
ALGAS ONGOS,ono ema o,ALGAE AN UNGI,n ema o,Amanita caearea,1.00,146.00,35.00,91.30,0.75,1.62,*,*,*,*,1.83,4.67,*,0.71,*,*,*,50.00,3.90,*,*,*,*,*,*,*,*,*,*,*,0.00,0.10,0.28,1.12,3.25,*,*,*,*,*
FRUTAS,Amenrn a,FRUITS,Maabar Amon,Terminaia cataa L,1.00,*,*,73.90,1.60,0.04,*,*,*,*,4.87,,*,*,*,*,84.00,24.00,6.95,*,*,*,*,*,*,*,*,*,*,*,0.04,0.04,0.06,0.72,21.10,*,*,*,*,*
FRUTAS,Anona,FRUITS,Custard Apple,Annona reticulata L.,0.48,402.00,96.00,75.75,0.95,0.20,0.23,*,*,0.00,2.34,25.20,*,3.22,2.40,*,28.00,20.00,1.00,4.00,382.00,18.00,*,*,*,*,*,*,2.00,*,0.00,0.08,0.18,1.10,9.40,0.22,0.00,*,*,*
FRUTAS,"Arándano, deshidratado",FRUITS,"Blueberry, dried",Vaccinim mrti,1.00,1408.62,331.44,15.20,0.16,0.00,0.10,0.20,0.66,0.00,0.34,82.52,65.00,1.78,5.70,*,10.00,8.00,0.53,3.00,40.00,5.00,0.08,0.11,0.27,0.01,*,0.00,0.00,*,*,0.01,0.02,0.99,0.20,0.04,0.00,0.00,0.00,0.00
FRUTAS,Caimito anco,FRUITS,Cainito Starapple White,Crom cainito L,0.65,257.00,61.00,84.70,0.20,1.58,*,*,*,*,0.84,13.17,*,1.07,*,*,25.00,14.50,0.94,*,*,*,*,*,*,*,*,*,2.00,*,0.00,0.03,0.04,0.66,19.00,*,*,*,*,*
FRUTAS,Caimito Morao,FRUITS,Cainito Starapple Purple,Crom cainito L,0.65,219.00,53.00,84.50,0.25,1.70,*,*,*,*,0.62,12.72,*,1.04,*,*,33.50,18.50,2.20,*,*,*,*,*,*,*,*,*,*,*,0.00,0.10,0.03,0.64,12.75,*,*,*,*,*
FRUTAS,Caabaa Men,FRUITS,Squash Melon,Sicana odorífera Naud,0.80,*,*,84.40,0.90,*,*,*,*,*,2.94,*,*,*,*,*,41.00,28.00,2.74,*,*,*,*,*,*,*,*,*,*,*,0.33,*,*,1.10,24.50,*,*,*,*,*
FRUTAS,Caa,FRUITS,Sugar Cane,Sacarm oficinarm L C,0.40,272.00,65.00,76.85,0.70,0.05,*,*,*,*,0.25,17.24,*,1.90,*,*,13.00,23.00,0.69,*,*,*,*,*,*,*,*,*,*,*,0.00,0.03,0.01,0.10,7.90,*,*,*,*,*
FRUTAS,Capiri,FRUITS,Capiri,Sideroxylon capiri Pitt,,*,*,61.30,0.40,,*,*,*,*,2.99,*,*,*,*,*,60.00,24.00,*,*,*,*,*,*,*,*,*,*,*,*,0.30,0.16,0.04,0.30,154.00,*,*,*,*,*
FRUTAS,Capulín,FRUITS,Capulin,Prunus capuli Cav,0.20,286.00,68.00,80.07,0.60,0.05,*,*,*,*,1.52,16.76,*,0.64,*,*,17.00,25.67,1.33,*,*,*,*,*,*,0.01,*,*,*,*,0.22,0.04,0.03,1.25,18.80,*,*,*,*,*
FRUTAS,Capulín Blanco,FRUITS,Capulin White,Prunus capuli Cav v.,,*,*,68.60,0.70,*,*,*,*,*,1.62,*,*,*,*,*,115.00,61.00,*,*,*,*,*,*,*,*,*,*,*,*,0.00,0.03,0.03,1.00,6.80,*,*,*,*,*
FRUTAS,Capulín de Playa,FRUITS,Capulin Calabur,Muntigia calabura L.,,301.00,72.00,74.80,1.60,3.05,*,*,*,*,2.25,10.80,*,7.50,*,*,200.00,105.00,3.04,*,*,*,*,*,*,*,*,*,*,*,0.05,0.06,0.06,0.48,98.00,*,*,*,*,*
FRUTAS,Cereza,FRUITS,Cherry,Prunus cerazus L.,,173.00,41.00,87.80,0.70,0.25,0.07,0.08,0.09,0.00,1.37,9.66,8.49,0.22,1.60,*,16.00,30.00,0.50,3.00,173.00,9.00,0.07,0.10,*,*,*,1283.00,64.00,120.00,0.07,0.01,0.10,0.16,5.50,0.04,0.00,0.00,8.00,0.00
FRUTAS,Chabacano,FRUITS,Apricot,rn armeniaca,0.90,185.00,44.00,85.00,0.83,0.25,0.03,0.17,0.08,0.00,0.64,11.10,9.24,0.92,2.00,*,20.50,26.33,3.90,1.00,259.00,10.00,0.12,0.20,0.17,*,*,1926.00,96.00,0.00,2.54,0.03,0.06,0.49,7.60,0.05,0.00,5.00,9.00,0.00
FRUTAS,"Chabacano, deshidratado",FRUITS,"Apricot, dried",,1.00,1083.66,259.00,21.70,4.23,0.00,0.02,0.07,0.07,0.00,3.58,68.50,29.09,1.99,7.30,*,55.00,71.00,2.66,10.00,1162.00,32.00,0.34,0.39,0.24,0.00,*,3604.00,180.00,*,*,0.02,0.07,2.60,1.00,0.14,0.00,0.00,10.00,0.00
FRUTAS,"Chabacano, néctar",FRUITS,"Apricot, nectar",,1.00,220.00,52.00,84.70,0.30,0.00,0.01,0.04,0.02,0.00,0.10,14.50,13.79,0.40,0.60,*,7.00,9.00,0.38,3.00,114.00,5.00,*,0.09,*,*,*,1316.00,66.00,*,*,0.01,0.01,0.26,0.60,0.02,0.00,*,1.00,0.00
FRUTAS,Chagua,FRUITS,Chagua,,,318.00,76.00,75.50,0.70,0.85,*,*,*,*,10.50,9.34,*,3.11,*,*,*,24.00,3.08,*,*,*,*,*,*,*,*,*,*,*,0.10,0.02,0.04,0.62,4.50,*,*,*,*,*
FRUTAS,Chico Zapote,FRUITS,Sapodilla,Achras zapota L.,0.88,306.00,73.00,76.28,0.45,1.39,0.19,0.52,0.19,0.00,0.50,17.40,*,2.07,5.30,*,38.50,8.00,1.89,12.00,193.00,12.00,*,0.10,*,0.02,*,*,*,*,0.05,0.02,0.00,0.29,16.30,0.04,0.00,0.00,14.00,*
FRUTAS,Cirimoa,FRUITS,Cerimoa,Annona cerimoa Mi,0.42,268.00,64.00,79.30,1.20,0.37,0.23,0.06,0.19,0.00,2.38,14.31,12.87,2.44,3.00,*,60.00,27.00,5.00,7.00,287.00,17.00,0.09,0.16,0.08,*,*,5.00,0.00,*,0.00,0.10,0.20,1.80,12.60,0.26,0.00,0.00,23.00,*
FRUTAS,Ciricote,FRUITS,Ciricote,Cordia dodecandra D.C.,,273.00,65.00,79.40,0.90,0.11,*,*,*,*,1.25,16.70,*,1.64,*,*,38.00,19.00,1.85,*,*,*,*,*,*,*,*,*,*,*,0.25,0.06,0.04,1.10,11.20,*,*,*,*,*
FRUTAS,Ciruela,FRUITS,m,Spondias sp.,0.95,192.00,46.00,86.65,0.40,0.42,0.02,0.13,0.04,0.00,0.61,11.42,9.92,0.70,1.40,*,6.00,24.00,0.94,0.00,157.00,7.00,0.10,0.10,0.07,0.01,*,345.00,17.00,0.22,0.38,0.06,0.03,0.46,44.65,0.03,0.00,0.00,5.00,0.00
FRUTAS,Cirea Amaria,FRUITS,m eo,Spondias sp.,0.95,291.00,70.00,80.53,1.20,0.27,*,*,*,*,0.93,17.86,*,0.94,*,*,16.00,26.00,3.36,*,*,*,*,*,*,*,*,*,*,*,0.15,0.13,0.16,0.43,8.40,*,*,*,*,*
FRUTAS,Ciruela Cereza,FRUITS,m Cerr,Prunus sp.,0.95,*,*,86.00,0.60,*,*,*,*,*,0.87,*,*,*,*,*,28.00,10.00,5.00,*,*,*,*,*,*,*,*,*,*,*,0.20,0.02,0.03,0.38,10.60,*,*,*,*,*
FRUTAS,Ciruela Chi-Abal,FRUITS,m CiAba,Spondias sp.,0.95,136.00,32.00,88.00,0.20,0.04,*,*,*,*,0.81,8.17,*,2.78,*,*,26.00,19.00,2.58,*,*,*,*,*,*,*,*,*,*,*,0.05,0.12,0.03,0.34,*,*,*,*,*,*
FRUTAS,Ciruela de Jundura,FRUITS,m Mombin,Sonia mombin L,0.95,332.00,79.00,75.20,1.10,0.40,*,*,*,*,2.12,19.14,*,2.04,*,*,57.00,54.00,2.32,*,*,*,*,*,*,*,*,*,*,*,0.27,0.12,0.06,2.46,31.60,*,*,*,*,*
FRUTAS,Ciruela Ek-Abal,FRUITS,m EAba,Spondias sp.,0.95,225.00,54.00,84.20,0.50,0.19,*,*,*,*,0.87,13.66,*,0.58,*,*,27.00,30.00,3.00,*,*,*,*,*,*,*,*,*,*,*,0.26,0.05,0.07,0.40,62.80,*,*,*,*,*
FRUTAS,Ciruela Gobernadora,FRUITS,m Ramontci,acortia ramontcii,0.95,218.00,52.00,83.00,0.90,0.44,*,*,*,*,2.22,11.28,*,2.26,*,*,28.00,24.00,3.10,*,*,*,*,*,*,*,*,*,*,*,0.00,0.02,0.02,0.34,*,*,*,*,*,*
FRUTAS,Ciruela Jocote,FRUITS,m ocote,Spondias sp.,0.95,222.00,53.00,83.50,0.50,0.07,*,*,*,*,0.81,13.82,*,1.30,*,*,28.00,24.00,1.98,*,*,*,*,*,*,*,*,*,*,*,0.27,0.04,0.04,0.36,28.00,*,*,*,*,*
FRUTAS,"Ciruela, jugo",FRUITS,m ice,,1.00,246.00,59.00,84.70,0.20,0.10,0.00,0.01,0.01,0.00,0.20,14.60,14.22,0.20,0.90,*,10.00,15.00,0.34,1.00,154.00,8.00,*,0.11,*,*,*,0.00,*,*,*,0.02,0.06,0.47,10.85,0.03,0.00,*,3.00,*
FRUTAS,Cirea Antni,FRUITS,m Antni,Spondias sp.,0.90,206.00,49.00,85.00,0.60,0.19,*,*,*,*,1.00,12.33,*,0.88,*,*,34.00,30.00,2.86,*,*,*,*,*,*,*,*,*,*,*,0.10,0.11,0.04,0.57,35.90,*,*,*,*,*
FRUTAS,Cirea EEnAba,FRUITS,m EEnAba,Spondias sp.,0.90,189.00,45.00,85.60,0.40,0.08,*,*,*,*,0.91,11.55,*,1.50,*,*,20.50,30.00,1.31,*,*,*,*,*,*,*,*,*,*,*,0.12,0.12,0.03,0.45,32.25,*,*,*,*,*
FRUTAS,"Ciruela, néctar",FRUITS,m nectar,,1.00,222.00,53.00,85.10,0.10,0.10,*,*,*,*,0.10,14.40,*,0.20,*,*,*,*,*,*,*,*,*,*,*,*,*,*,*,*,*,*,*,*,*,*,*,*,*,*
FRUTAS,Ciruela Pasa,FRUITS,m rne,,0.90,519.00,124.00,65.08,2.64,0.70,0.02,0.14,0.05,0.00,1.09,61.80,40.30,1.60,3.80,*,21.00,33.00,1.04,2.00,312.00,19.00,0.16,0.22,*,0.02,*,285.00,14.00,1.00,*,0.02,0.09,0.52,2.70,0.20,0.00,0.00,0.00,0.00
FRUTAS,"Ciruela Pasa, deshuesada",FRUITS,m rne itte,,1.00,1247.00,298.00,21.50,2.40,0.00,*,*,*,*,2.70,71.80,*,1.60,*,*,*,*,*,15.68,*,*,*,*,*,0.02,*,*,*,*,*,*,*,*,*,*,*,*,*,*
FRUTAS,Ciruela Roja,FRUITS,m Re,Prunus sp.,0.95,*,*,86.90,0.10,*,*,*,*,*,0.75,*,*,*,*,*,*,18.00,0.78,*,*,*,*,*,*,*,*,*,*,*,0.10,0.05,0.03,0.88,331.10,*,*,*,*,*
FRUTAS,Ciruela Roja Rayada,FRUITS,m Re Strie,Prunus sp.,0.95,204.00,49.00,86.00,0.50,0.39,*,*,*,*,1.43,11.32,*,0.36,*,*,*,10.00,*,*,*,*,*,*,*,*,*,*,*,*,0.17,0.00,0.07,0.39,6.90,*,*,*,*,*
FRUTAS,Ciruela Sabak-Abal,FRUITS,m SabaAba,Spondias sp.,0.95,241.00,58.00,82.80,0.50,0.07,*,*,*,*,1.12,14.83,*,0.68,*,*,23.00,30.00,3.68,*,*,*,*,*,*,*,*,*,*,*,0.11,0.09,0.03,0.54,35.30,*,*,*,*,*
FRUTAS,Ciruela Tsulil-Abal,FRUITS,m TiAba,Spondias sp.,0.95,152.00,36.00,87.60,0.30,0.00,*,*,*,*,0.62,9.50,*,1.98,*,*,18.00,23.00,1.67,*,*,*,*,*,*,*,*,*,*,*,0.06,0.06,0.04,0.32,23.60,*,*,*,*,*
FRUTAS,Cirea amAba,FRUITS,m amAba,Spondias sp.,0.95,420.00,100.00,71.40,0.60,0.28,*,*,*,*,1.00,26.33,*,0.39,*,*,16.00,38.00,2.08,*,*,*,*,*,*,*,*,*,*,*,0.27,0.06,0.05,0.70,22.50,*,*,*,*,*
FRUTAS,Coco cora,FRUITS,Coconut,Cocos nucifera L.,1.00,1478.00,353.00,46.99,0.97,32.00,29.70,1.42,0.37,0.00,8.40,15.90,*,*,9.00,6.90,14.00,113.00,3.10,20.00,356.00,32.00,*,1.10,1.30,0.81,*,*,0.00,*,*,0.07,0.02,0.54,3.00,0.05,0.00,0.00,26.00,*
FRUTAS,"Coco, agua",FRUITS,Cocont ater,Cocos nucifera L.,1.00,77.00,18.00,94.20,0.70,0.05,0.18,0.01,0.00,0.00,0.31,4.74,*,0.00,1.10,*,18.00,16.00,0.70,105.00,250.00,25.00,*,0.10,*,*,*,*,0.00,*,0.00,0.01,0.01,0.28,1.80,0.03,0.00,0.00,2.00,*
FRUTAS,"Coco, agua preparada",FRUITS,"Coconut, prepared juice",,1.00,142.00,34.00,83.40,0.50,0.20,*,*,*,*,0.90,14.90,*,0.10,*,*,*,*,*,*,*,*,*,*,*,*,*,*,*,*,*,*,*,*,*,*,*,*,*,*
FRUTAS,"Coco, barra con pasas",FRUITS,"Coconut, bar it raiin",,1.00,1976.80,466.60,11.50,0.90,25.00,*,*,*,*,2.90,57.50,*,2.20,*,*,*,*,*,30.06,*,*,*,*,*,*,*,*,*,*,*,*,*,*,*,*,*,*,*,*
FRUTAS,"Coco, barra de cocada natural",FRUITS,"Coconut, coconut candy bar",,1.00,2005.00,473.40,11.80,0.90,26.60,*,*,*,*,3.20,55.30,*,2.20,*,*,*,*,*,9.27,*,*,*,*,*,*,*,*,*,*,*,*,*,*,*,*,*,*,*,*
FRUTAS,"Coco, cocada barra de nuez",FRUITS,"Coconut, coconut candy bar it ecan",,1.00,1972.40,465.60,11.40,0.90,25.60,*,*,*,*,2.80,56.00,*,3.30,*,*,*,*,*,24.95,*,*,*,*,*,*,*,*,*,*,*,*,*,*,*,*,*,*,*,*
FRUTAS,Coco cocaa imitacin durazno,FRUITS,Cocont eacaoree coconut candy,,1.00,2077.60,490.60,10.70,0.80,29.80,*,*,*,*,2.90,52.70,*,3.10,*,*,*,*,*,24.12,*,*,*,*,*,*,*,*,*,*,*,*,*,*,*,*,*,*,*,*
FRUTAS,"Coco, concentrado para preparar bebida",FRUITS,"Coconut, concentrate for beverage",,1.00,410.00,98.00,85.40,0.50,4.60,*,*,*,*,0.50,7.60,*,1.40,*,*,*,*,*,*,*,*,*,*,*,*,*,*,*,*,*,*,*,*,*,*,*,*,*,*
FRUTAS,Coco crema ata,FRUITS,Cocont cocont cream canned,,1.00,1177.10,277.30,36.50,0.30,5.70,*,*,*,*,0.40,56.10,*,1.00,*,*,1.72,*,*,59.80,78.42,*,*,*,*,*,*,*,*,*,*,*,*,*,*,*,*,*,*,*
FRUTAS,"Coco, pulpa",FRUITS,"Coconut, pulp",Cocos nucifera L.,1.00,1287.00,307.00,52.30,0.70,33.20,30.00,3.90,1.00,0.00,3.75,4.80,*,5.25,*,*,24.00,78.00,3.39,23.00,256.00,*,0.57,2.07,*,*,*,*,0.00,*,0.00,0.12,0.03,0.60,1.70,*,*,26.00,*,*
FRUTAS,Cocoo T,FRUITS,Cocoo T,Acrocomia meicana ar,,732.00,175.00,55.80,2.10,8.93,*,*,*,*,5.90,22.35,*,4.92,*,*,199.00,57.00,4.53,*,*,*,*,*,*,*,*,*,*,*,0.21,0.18,0.13,1.47,115.60,*,*,*,*,*
FRUTAS,Coloc,FRUITS,Coloc,Taiia oreii Stane,,429.00,102.00,68.40,3.10,0.44,*,*,*,*,1.87,25.73,*,0.46,*,*,28.00,38.00,5.28,*,*,*,*,*,*,*,*,*,*,*,0.69,0.08,0.15,1.65,24.60,*,*,*,*,*
FRUTAS,Cneamor,FRUITS,aam Ae,Momorica carantia L,,71.00,7.00,93.40,0.80,0.16,*,*,*,*,0.87,3.53,*,1.24,*,*,26.00,34.00,1.72,*,*,*,*,*,*,*,*,*,*,*,0.06,0.08,0.06,0.27,51.10,*,*,*,*,*
FRUTAS,Dátiles,FRUITS,Dates,Phoenix dactylifera L.,1.00,447.00,107.00,59.50,1.10,0.34,*,*,*,*,1.66,27.32,*,10.08,*,*,51.00,30.00,1.31,*,*,*,*,*,*,*,*,*,*,*,0.11,0.07,0.05,0.64,6.40,*,*,*,*,*
FRUTAS,"Dátiles, secos, sin hueso",FRUITS,"Dates, dried, boneless",Phoenix dactylifera L.,1.00,1124.00,269.00,20.00,1.80,1.20,*,*,*,*,1.60,70.40,63.90,2.40,8.70,*,72.00,60.00,2.10,5.00,750.00,59.00,0.21,0.30,0.15,*,*,*,6.00,0.05,0.15,0.09,0.10,2.20,0.00,0.15,0.00,21.00,*,0.00
FRUTAS,Durazno,FRUITS,Peach,Prunus persica Sieb. et Zucc.,0.88,312.00,74.00,77.60,1.00,0.19,0.02,0.07,0.00,0.00,1.43,18.94,8.39,0.84,2.30,1.40,13.00,22.00,0.25,0.00,190.00,9.00,0.05,0.17,0.06,0.01,*,326.00,16.00,0.50,0.04,0.01,0.05,0.55,38.20,0.03,0.00,3.00,4.00,0.00
FRUTAS,rano Amario,FRUITS,eac eo,Prunus persica Sieb. et Zucc.,0.89,193.00,46.00,85.90,0.60,0.14,0.02,0.07,0.09,0.00,0.85,11.72,*,0.79,1.50,*,16.00,27.00,1.87,0.00,190.00,7.00,*,0.17,*,*,*,*,22.00,*,0.20,0.02,0.04,63.00,19.10,0.03,0.00,0.00,4.00,*
FRUTAS,Durazno Blanco,FRUITS,Peach White,Prunus persica Sieb. et Zucc.,0.88,241.00,57.00,82.90,0.80,0.24,*,*,*,*,1.54,14.00,*,0.82,*,*,23.00,20.00,*,*,*,*,*,*,*,*,*,*,*,*,0.03,0.05,0.05,0.70,25.80,*,*,*,*,*
FRUTAS,"Durazno, deshidratado",FRUITS,"Peach, dried",,1.00,1271.94,304.00,12.80,1.60,0.00,0.08,0.28,0.37,0.00,1.73,82.84,46.48,1.03,8.20,*,28.00,119.00,4.06,7.00,996.00,42.00,0.36,0.57,0.305,0.0005,,1074.00,108.00,*,*,0.00,0.21,4.38,4.80,0.07,0.00,0.00,0.00,0.00
FRUTAS,"Durazno, néctar",FRUITS,"Peach, nectar",,1.00,216.00,51.00,86.10,0.10,0.00,0.00,0.01,0.01,0.00,0.10,13.40,10.90,0.20,0.90,*,4.99,6.00,0.05,3.20,40.00,4.00,*,0.08,*,*,*,13.32,*,*,*,0.00,0.01,0.29,17.81,0.01,0.00,0.00,1.00,0.00
FRUTAS,Durazno Prisco,FRUITS,Peach Prisco,,0.89,158.99,38.00,85.00,0.20,0.10,0.02,*,*,0.00,0.60,9.70,*,*,*,*,21.00,21.00,0.28,1.00,202.00,10.00,*,0.14,*,*,*,*,35.00,*,0.32,0.07,0.04,0.32,9.60,*,*,*,*,*
FRUTAS,Fresa,FRUITS,Straberr,raaria meicana Sc,0.94,98.00,23.00,91.05,0.60,0.17,0.01,0.04,0.16,0.00,0.84,5.28,4.89,1.88,2.30,1.80,28.00,32.00,2.36,1.00,153.00,13.00,0.16,1.80,0.39,0.01,*,*,1.00,0.03,0.02,0.03,0.04,0.36,79.70,0.05,0.00,0.00,24.00,0.00
FRUTAS,rea con crema congelada,FRUITS,Straberr it cream roen,,1.00,607.00,145.00,66.20,0.40,6.60,*,*,*,*,1.00,24.10,13.40,1.70,1.70,*,30.70,*,0.43,2.67,*,*,*,*,*,*,*,0.00,*,*,*,*,*,*,0.00,*,*,*,*,*
FRUTAS,"Fresa, congelada con azúcar",FRUITS,Straberr roen an eetene,Only Fruit,1.00,428.20,100.80,74.60,0.20,0.80,0.01,0.02,0.68,0.00,0.50,22.90,18.61,1.00,1.90,*,9.77,12.00,0.00,0.56,87.51,6.56,0.00,0.24,*,*,*,27.00,1.00,*,*,0.02,0.08,0.29,10.67,0.03,0.00,*,4.00,0.00
FRUTAS,"Fresa, jarabe con pulpa",FRUITS,Straberr r it,,1.00,1004.00,240.00,33.70,0.10,0.30,0.01,0.04,0.13,0.00,0.00,65.90,21.83,*,1.70,*,13.00,12.00,0.49,4.00,86.00,8.00,*,0.09,*,*,*,26.00,1.00,*,*,0.02,0.03,0.06,0.00,0.05,0.00,*,28.00,0.00
FRUTAS,"Fresa, pulpa preparada",FRUITS,Straberr reare,,1.00,736.00,176.00,50.50,0.30,0.30,*,*,*,*,0.50,47.70,*,0.70,*,*,*,*,*,*,*,*,*,*,*,*,*,139.99,*,*,*,0.00,0.00,*,0.00,*,*,*,*,*
FRUTAS,"Fruta, líquida, fresa-guayaba",FRUITS,rit ice traberr and guave juice,,1.00,295.90,62.60,84.70,0.30,0.60,*,*,*,*,0.40,13.90,14.60,0.10,*,*,*,*,*,*,*,*,*,*,*,*,*,*,*,*,*,*,*,*,*,*,*,*,*,*
FRUTAS,Fruto del Pan,FRUITS,Breadfruit,Artocar commni orter,0.68,495.00,118.00,66.20,1.00,0.86,0.05,0.03,0.07,0.00,1.56,29.40,11.00,1.18,4.90,*,29.00,37.00,2.34,2.00,490.00,25.00,*,0.12,*,*,*,0.00,0.00,0.02,0.00,0.14,0.07,0.92,33.30,0.10,0.00,*,14.00,0.00
FRUTAS,Garambo,FRUITS,Cactus Plant,Mrtiocact eometrian Cone,0.80,*,*,79.60,1.00,1.03,*,*,*,*,2.12,*,*,*,*,*,44.00,23.00,*,*,*,*,*,*,*,*,*,*,*,*,0.08,0.04,0.03,0.48,32.50,*,*,*,*,*
FRUTAS,Giotilla,FRUITS,Chiotilla,Escontria chiotilla Rose,,212.00,51.00,84.50,0.80,0.75,*,*,*,*,1.75,10.68,*,1.52,*,*,75.00,44.00,3.28,*,*,*,*,*,*,*,*,*,*,*,0.00,0.06,0.02,0.62,17.30,*,*,*,*,*
FRUTAS,Granada China,FRUITS,omeranate Cinee,aiora iari,0.46,*,*,78.50,1.40,*,*,*,*,*,2.75,*,*,*,*,*,53.00,71.00,1.27,*,*,*,*,*,*,*,*,*,*,*,0.25,0.10,0.10,1.51,2.00,*,*,*,*,*
FRUTAS,Granada Roja,FRUITS,omeranate Re,nica ranatm L,0.46,238.00,57.00,81.89,0.52,0.42,0.12,0.09,0.08,0.00,2.21,12.53,13.67,10.19,4.00,*,13.00,26.00,1.40,3.00,236.00,12.00,0.27,1.68,0.12,0.00,*,0.00,0.00,*,0.00,0.09,0.04,0.25,15.20,0.08,0.00,0.00,38.00,0.00
FRUTAS,Granjeno,FRUITS,Hackberry,Celtis pallida Torr,,285.00,68.00,79.50,0.90,0.26,*,*,*,*,1.00,17.42,*,17.42,*,*,63.00,22.00,2.82,*,*,*,*,*,*,*,*,*,*,*,0.03,0.00,0.00,0.28,51.40,*,*,*,*,*
FRUTAS,Grosella,FRUITS,Currant,Phyllantus acidus Skeels,0.80,137.00,33.00,90.80,0.60,3.00,0.04,0.05,0.32,0.00,1.00,1.17,4.40,1.17,4.30,*,34.00,24.00,3.02,1.00,198.00,10.00,0.12,0.12,0.24,0.00,*,290.00,15.00,0.07,0.14,0.07,0.04,0.74,17.30,0.08,0.00,11.00,6.00,0.00
FRUTAS,Guanábana,FRUITS,Soursop,Annona glabra L.,0.68,276.00,66.00,81.16,0.70,0.30,0.05,0.09,0.07,0.00,1.00,16.84,8.60,1.10,4.30,3.60,14.00,27.00,0.60,14.00,278.00,21.00,0.76,2.03,*,0.01,*,2.00,0.00,*,*,0.07,0.05,0.90,140.70,0.06,0.00,0.00,14.00,0.00
FRUTAS,Ganbana Cimarrona,FRUITS,Soursop Wild,Annona glabra L.,0.68,161.00,38.00,86.80,0.90,1.62,*,*,*,*,0.36,6.53,*,6.53,*,*,52.00,24.00,2.27,*,*,*,*,*,*,*,*,*,*,*,0.35,0.04,0.07,0.57,20.90,*,*,*,*,*
FRUTAS,"Guanábana, jugo",FRUITS,"Soursop, juice",,1.00,270.00,65.00,83.55,0.30,1.00,*,*,*,*,0.40,14.70,*,0.40,*,*,*,*,*,*,*,*,*,*,*,*,*,*,*,*,*,*,*,*,*,*,*,*,*,*
FRUTAS,"Guanábana, pulpa preparada",FRUITS,"Soursop, prepared pulp",,1.00,757.00,181.00,49.30,0.40,0.30,*,*,*,*,0.40,49.30,*,0.30,*,*,*,*,*,*,*,*,*,*,*,*,*,*,*,*,*,*,*,*,*,*,*,*,*,*
FRUTAS,Guaya,FRUITS,Guaya,Taiia oiaeormi Ra,,207.00,50.00,84.30,0.50,0.08,*,*,*,*,1.84,11.83,*,11.65,*,*,34.00,23.00,2.71,*,*,*,*,*,*,*,*,*,*,*,/,0.05,0.06,0.64,11.70,*,*,*,*,*
FRUTAS,Guayaba,FRUITS,Guava,iim aaa L,0.82,195.00,46.00,78.93,0.73,0.47,0.27,0.09,0.40,0.00,0.98,15.57,8.92,5.60,5.40,*,33.50,28.60,0.85,2.00,417.00,22.00,*,0.23,*,0.01,*,624.00,31.00,0.73,0.03,0.04,0.04,1.36,223.23,0.11,0.00,*,49.00,0.00
FRUTAS,"Guayaba, atole",FRUITS,"Guava, gruel",,1.00,261.00,62.00,82.30,0.20,0.31,*,*,*,*,0.56,16.12,*,0.51,*,*,10.00,*,*,*,*,*,*,*,*,*,*,*,*,*,0.00,0.02,0.07,0.21,8.00,*,*,*,*,*
FRUTAS,Guayaba Blanca,FRUITS,Guava White,iim aaa L,1.00,216.00,52.00,76.50,0.90,0.56,*,*,*,*,1.09,12.01,*,8.94,5.90,4.90,33.00,39.00,0.74,*,*,*,0.08,0.98,*,*,*,*,64.00,*,0.00,0.05,0.04,1.18,291.00,*,*,*,*,*
FRUTAS,"Guayaba, concentrado para preparar bebidas",FRUITS,"Guava, concentrate for beverage",,1.00,870.00,208.00,46.90,0.40,0.90,*,*,*,*,0.20,51.30,*,0.30,*,*,*,*,*,*,*,*,*,*,*,*,*,*,*,*,*,*,*,*,*,*,*,*,*,*
FRUTAS,"Guayaba, jarabe con pulpa",FRUITS,Gaa r it,,1.00,983.00,235.00,34.90,0.10,0.30,0.04,0.01,0.06,0.00,0.10,64.60,5.88,*,3.60,*,7.00,11.00,0.18,4.00,225.00,7.00,*,0.17,*,*,*,283.00,14.00,*,*,0.03,0.01,0.42,0.00,0.09,0.00,*,5.00,0.00
FRUTAS,"Guayaba, jugo",FRUITS,"Guava, juice",,1.00,188.00,45.00,87.00,0.10,0.00,*,*,*,*,0.00,12.50,*,0.40,*,*,*,*,*,*,*,*,*,*,*,*,*,*,*,*,*,*,*,*,*,*,*,*,*,*
FRUTAS,"Guayaba, néctar",FRUITS,"Guava, nectar",,1.00,197.00,47.00,86.40,0.15,0.00,*,*,*,*,0.10,13.15,12.37,0.40,1.00,*,11.00,2.00,*,7.00,38.00,3.00,*,0.03,*,*,*,35.00,2.00,*,*,0.00,0.00,0.19,40.06,0.01,*,*,3.00,*
FRUTAS,Guayaba Peruana,FRUITS,Guava Peruvian,iim aaa L,1.00,284.00,68.00,78.70,0.80,0.07,*,*,*,*,1.25,17.52,*,1.66,*,*,47.00,25.00,0.96,*,*,*,*,*,*,*,*,*,*,*,0.20,*,0.02,2.36,171.00,*,*,*,*,*
FRUTAS,Higo,FRUITS,Fig,Ficus carica L.,0.80,226.00,54.00,83.03,0.75,0.49,0.04,0.07,0.14,0.00,1.66,12.24,9.50,1.65,2.90,*,61.00,24.33,0.39,11.00,232.00,17.00,0.06,0.15,0.04,0.03,*,142.00,7.00,5.00,0.05,0.05,0.05,0.42,3.15,0.11,0.00,0.00,6.00,0.00
FRUTAS,"Higo, deshidratado",FRUITS,"Fig, dried",,,1121.31,268.00,13.80,3.58,1.61,*,*,*,*,4.92,66.13,41.83,9.96,*,*,*,*,*,*,*,*,*,*,*,*,*,*,*,*,*,*,*,*,*,*,*,*,*,*
FRUTAS,icimo,FRUITS,icimo,,,*,*,64.70,0.70,*,*,*,*,*,1.62,*,*,*,*,*,174.00,21.00,*,*,*,*,*,*,*,*,*,*,*,*,0.10,0.06,0.09,4.38,66.60,*,*,*,*,*
FRUTAS,Jinicuil,FRUITS,Jinicuil,Inga jinicuil Schl,,155.00,37.00,84.30,0.60,0.04,*,*,*,*,1.62,9.04,*,2.53,*,*,31.00,34.00,2.18,*,*,*,*,*,*,*,*,*,*,*,0.00,0.04,0.05,0.37,31.10,*,*,*,*,*
FRUTAS,ii eiratao,FRUITS,ii rie,,,1317.96,315.00,10.40,1.94,0.50,*,*,*,*,0.82,85.47,52.22,0.87,*,*,*,*,*,*,*,*,*,*,*,0.04,*,*,*,*,*,*,*,*,*,*,*,*,*,*
FRUTAS,Lima,FRUITS,Lime,Citr imetta Rio,0.66,59.00,14.00,92.10,0.35,0.76,0.02,0.02,0.06,0.00,1.94,5.04,4.90,1.65,2.80,*,16.00,18.50,0.21,2.00,102.00,6.00,*,0.11,*,0.02,*,50.00,2.00,0.01,0.02,0.05,0.03,0.14,53.55,0.04,0.00,0.00,8.00,0.00
FRUTAS,Lima Aria,FRUITS,Lime Sor,Citr imetta Rio,0.66,144.00,34.00,91.65,0.30,1.59,*,*,*,*,1.63,5.36,*,1.18,*,*,53.00,22.50,2.69,*,*,*,*,*,*,*,*,*,*,*,0.01,0.07,0.03,0.25,58.00,*,*,*,*,*
FRUTAS,Limn,FRUITS,Lemon,Citr imonia Obec,0.62,117.00,28.00,88.20,0.40,0.22,0.04,*,*,*,0.78,9.21,0.60,1.14,2.30,1.70,55.33,22.67,1.89,*,*,*,0.29,0.83,*,*,*,*,*,*,0.00,0.04,0.03,0.22,38.55,*,*,*,*,*
FRUTAS,Limn eiratao,FRUITS,Lemon rie,,1.00,1502.00,359.00,0.50,0.20,1.00,*,*,*,*,1.00,97.30,*,0.00,*,*,*,*,*,*,*,*,*,*,*,*,*,*,*,*,*,*,*,*,*,*,*,*,*,*
FRUTAS,Limn ce,FRUITS,Lemon Seet,Citr imetta Rio,0.62,109.00,26.00,90.10,0.40,0.92,*,*,*,*,0.88,6.26,*,1.44,*,*,38.00,21.00,0.86,*,*,*,*,*,*,*,*,*,0.00,*,0.00,0.03,0.03,0.28,40.50,*,*,*,*,*
FRUTAS,Limn o,FRUITS,Lemon ice,,1.00,676.00,162.00,39.80,1.50,0.35,0.04,0.01,0.02,0.00,2.90,55.15,2.52,0.30,0.30,*,6.00,8.00,0.08,1.00,103.00,6.00,0.13,0.05,*,*,*,6.00,0.00,*,*,0.02,0.02,0.09,25.15,0.05,0.00,0.00,20.00,0.00
FRUTAS,Limn Rea,FRUITS,Lemon Roa,Citr meica L,0.66,97.00,23.00,89.90,0.30,0.12,*,*,*,*,0.56,7.71,*,1.53,*,*,31.50,23.00,0.21,*,*,*,*,*,*,*,*,*,0.00,*,0.04,0.12,0.06,0.16,29.60,*,*,*,*,*
FRUTAS,Limn t,FRUITS,Lemon tea,Andropogon citratus,1.00,694.00,166.00,5.70,13.20,2.70,*,*,*,*,4.90,51.10,*,22.40,*,*,*,*,*,59.30,*,1916.20,*,*,*,*,*,*,*,*,*,*,*,*,*,*,*,*,*,*
FRUTAS,Maroo,FRUITS,Madrone,Arctotao tomentoa r,1.00,441.00,105.00,69.70,0.90,1.07,*,*,*,*,1.25,25.66,*,1.42,*,*,114.00,33.00,7.20,*,*,*,*,*,*,*,*,*,*,*,1.17,0.03,0.00,0.44,78.10,*,*,*,*,*
FRUTAS,Mame,FRUITS,Mame,Caocarm mammom ierre,0.62,293.00,70.00,72.40,1.35,0.26,0.14,0.21,0.08,0.00,1.93,16.25,17.90,2.74,5.90,4.70,50.50,31.30,0.37,15.00,47.00,16.00,0.00,0.91,*,0.02,*,230.00,12.00,0.12,0.11,0.03,0.00,1.41,25.70,0.10,0.00,0.00,14.00,*
FRUTAS,Mame aa,FRUITS,Mame ater,,1.00,125.00,30.00,91.80,0.20,0.20,*,*,*,*,0.40,6.90,*,0.50,*,*,*,*,*,*,*,*,*,*,*,*,*,*,*,*,*,*,*,*,*,*,*,*,*,*
FRUTAS,Mame aa rearaa,FRUITS,Mame reare ice,,1.00,258.00,62.00,83.80,0.45,0.10,*,*,*,*,0.75,14.20,*,0.40,*,*,*,*,*,*,*,*,*,*,*,*,*,*,*,*,*,*,*,*,*,*,*,*,*,*
FRUTAS,Mame Amario,FRUITS,Mame eo,Mammea americana L,0.62,138.00,33.00,86.00,0.30,0.13,*,*,*,*,1.25,7.67,*,4.65,*,*,19.00,14.00,2.54,*,*,*,*,*,*,*,*,*,*,*,0.12,0.04,0.05,0.00,11.30,*,*,*,*,*
FRUTAS,Mamoncio,FRUITS,Genip,Melicocca bijuga L.,0.51,224.00,53.00,82.00,0.50,0.22,*,*,*,*,0.93,13.47,*,2.88,*,*,20.00,23.00,5.38,*,*,*,*,*,*,*,*,*,21.00,*,0.16,0.03,0.03,1.08,26.60,*,*,*,*,*
FRUTAS,Mandarina,FRUITS,Tangerine,Citr nobii eicioa Sine,0.71,185.00,44.00,85.90,0.40,0.04,0.04,0.06,0.07,0.00,1.00,11.24,10.58,0.32,1.80,*,64.50,20.50,0.34,2.00,166.00,12.00,0.09,0.07,0.04,0.00,*,681.00,34.00,0.10,0.13,0.10,0.03,0.23,29.40,0.08,0.00,0.00,16.00,0.00
FRUTAS,Mango,FRUITS,Mango,Mangifera indica L.,0.70,195.00,47.00,84.72,0.28,0.19,0.09,0.14,0.07,0.00,0.70,12.81,11.00,0.80,0.90,0.60,20.50,7.50,1.03,1.00,168.00,10.00,0.57,0.69,0.17,0.60,*,1082.00,54.00,1.20,1.39,0.02,0.07,0.29,60.79,0.12,0.00,0.00,43.00,0.00
FRUTAS,"Mango, agua preparada",FRUITS,"Mango, prepared juice",,1.00,227.00,54.00,84.65,0.25,0.30,*,*,*,*,0.30,14.40,*,0.20,*,*,*,*,*,*,*,*,*,*,*,*,*,*,*,*,*,*,*,*,*,*,*,*,*,*
FRUTAS,Mango Ataulfo,FRUITS,Mango Ataulfo,Mangifera indica L.,0.70,372.00,89.00,74.30,0.70,0.30,*,*,*,*,0.80,23.30,*,0.60,*,*,15.90,*,*,21.30,*,158.90,6.40,*,0.30,*,*,*,*,*,*,*,*,*,112.81,*,*,*,*,*
FRUTAS,Mango Colorado Mana e Aní,FRUITS,Mango Red Anie Mano,Mangifera indica L.,0.70,187.00,45.00,85.00,0.20,0.05,*,*,*,*,0.87,11.48,*,2.40,*,*,26.00,8.00,1.81,*,*,*,*,*,*,*,*,*,*,*,1.12,0.07,0.05,0.32,59.90,*,*,*,*,*
FRUTAS,Mango Criollo,FRUITS,Mango Creole,Mangifera indica L.,0.70,148.00,35.00,88.20,0.20,0.02,*,*,*,*,0.81,9.01,*,1.76,*,*,14.00,5.00,1.33,7.00,189.00,18.00,*,*,*,*,*,*,240.00,*,2.18,0.03,0.04,0.24,79.70,*,*,*,*,*
FRUTAS,"Mango, deshidrado",FRUITS,"Mango, dried",,,1313.78,314.00,10.40,1.71,0.01,,*,*,*,1.05,86.28,50.70,0.55,*,*,*,*,*,*,*,*,*,*,*,*,*,*,*,*,*,*,*,*,*,*,*,*,*,*
FRUTAS,Mano ominico,FRUITS,Mano ominican,Mangifera indica L.,0.70,257.00,61.00,82.20,0.40,0.23,*,*,*,*,1.94,14.71,*,0.52,*,*,8.00,11.00,0.35,*,*,*,*,*,*,*,*,*,*,*,0.50,0.09,0.12,0.87,167.50,*,*,*,*,*
FRUTAS,"Mango, jarabe con pulpa",FRUITS,Mano r it,,1.00,866.00,207.00,42.50,0.20,0.20,*,*,*,*,0.00,57.10,*,*,*,*,*,*,*,*,*,*,*,*,*,*,*,*,*,*,*,*,*,*,0.00,*,*,*,*,*
FRUTAS,"Mango, jugo",FRUITS,"Mango, juice",,1.00,180.00,43.00,88.10,0.10,0.10,*,*,*,*,0.00,11.70,*,0.10,*,*,*,*,*,*,*,*,*,*,*,*,*,*,*,*,*,*,*,*,*,*,*,*,*,*
FRUTAS,Mango Manila,FRUITS,Mango Manila,Mangifera indica L.,0.70,186.00,44.00,84.82,0.35,0.19,*,*,*,*,0.77,11.30,*,1.08,*,*,17.00,14.17,0.26,*,*,*,*,*,*,*,*,*,*,*,3.07,0.12,0.06,0.75,60.90,*,*,*,*,*
FRUTAS,Mano Men,FRUITS,Mango Melon,Mangifera indica L.,0.70,254.00,61.00,82.50,0.40,0.12,*,*,*,*,0.93,15.71,*,0.54,*,*,8.00,18.00,0.32,*,*,*,*,*,*,*,*,*,*,*,0.86,0.11,0.09,0.38,15.20,*,*,*,*,*
FRUTAS,Mango Mulgoba,FRUITS,Mango Mulgoba,Mangifera indica L.,0.70,109.00,26.00,81.40,0.40,0.15,*,*,*,*,0.94,6.04,*,1.07,*,*,23.00,10.00,2.12,*,*,*,*,*,*,*,*,*,*,*,2.33,0.07,0.06,0.70,22.00,*,*,*,*,*
FRUTAS,"Mango, néctar",FRUITS,"Mango, nectar",,1.00,211.00,51.00,85.70,0.10,0.10,0.01,0.02,0.01,0.00,0.10,14.05,12.45,0.20,0.30,*,17.00,2.00,0.36,5.00,24.00,3.00,*,1.36,*,*,*,27.87,35.00,*,*,0.00,0.00,0.08,27.17,0.02,0.00,*,7.00,0.00
FRUTAS,Mango Pico de Loro,FRUITS,Mango Pico de Loro,Mangifera indica L.,0.70,100.00,24.00,90.40,0.20,0.01,*,*,*,*,0.56,6.13,*,2.70,*,*,25.00,13.00,2.61,*,*,*,*,*,*,*,*,*,*,*,5.76,0.06,0.07,0.42,62.00,*,*,*,*,*
FRUTAS,"Mango, pulpa preparada congelada",FRUITS,"Mango, prepared pulp frozen",,1.00,749.00,179.00,49.90,0.40,0.30,*,*,*,*,0.60,48.50,*,0.30,*,*,*,*,*,*,*,*,*,*,*,*,*,155.97,*,*,*,0.05,0.00,*,0.00,*,*,*,*,*
FRUTAS,Mango Souza,FRUITS,Mango Souza,Mangifera indica L.,0.70,229.00,55.00,83.60,0.40,0.03,*,*,*,*,0.94,14.27,*,0.76,*,*,16.00,14.00,1.81,*,*,*,*,*,*,*,*,*,*,*,4.66,0.10,0.07,1.12,103.00,*,*,*,*,*
FRUTAS,Mano Ca,FRUITS,Mano Ca,Mangifera indica L.,0.70,173.00,41.00,86.80,0.30,0.05,*,*,*,*,0.62,10.79,*,1.44,*,*,27.00,10.00,2.66,*,*,*,*,*,*,*,*,*,*,*,1.25,0.07,0.06,0.39,80.30,*,*,*,*,*
FRUTAS,"Manzana, deshidratada",FRUITS,"Apple, dried",,,1447.66,289.00,15.70,2.47,0.13,0.05,0.01,0.09,0.00,2.34,77.80,37.57,1.56,8.70,*,14.00,38.00,1.40,87.00,450.00,16.00,0.19,0.20,0.09,0.00,*,0.00,0.00,*,*,0.00,0.16,0.93,3.90,0.13,0.00,0.00,0.00,0.00
FRUTAS,Manzana,FRUITS,Apple,Ma etri Mi/Goen eicio/Re eicio,0.67,217.57,52.00,81.53,0.37,0.48,0.03,0.01,0.05,0.00,0.32,12.98,8.70,0.84,2.40,2.10,6.17,5.33,0.41,0.00,112.86,41.60,0.18,0.58,0.05,*,*,54.00,3.00,0.00,0.00,0.02,0.02,0.19,5.35,0.04,0.00,0.00,3.00,0.00
FRUTAS,"Manzana, jarabe",FRUITS,"Apple, syrup",,1.00,971.00,232.00,35.20,0.70,0.20,*,*,*,*,0.05,63.85,*,*,*,*,13.77,*,*,131.93,*,260.40,*,*,*,*,*,*,*,*,*,*,*,*,*,*,*,*,*,*
FRUTAS,"Manzana, jugo",FRUITS,"Apple, juice",,1.00,189.00,45.00,87.68,0.15,0.10,0.02,0.01,0.04,0.00,0.00,11.85,9.80,0.30,0.35,*,5.35,7.00,0.05,3.72,101.00,5.00,0.06,0.02,0.12,*,*,0.00,0.00,0.05,0.05,0.02,0.02,0.07,3.95,0.02,0.00,0.00,0.00,0.00
FRUTAS,"Manzana, jugo concentrado",FRUITS,"Apple, concentrated juice",,1.00,1096.00,262.00,25.90,1.90,0.60,0.06,0.02,0.11,0.00,0.30,71.20,38.83,0.10,0.40,*,20.00,25.00,0.91,25.00,448.00,17.00,*,0.13,*,*,*,0.00,0.00,*,*,0.01,0.05,0.14,0.00,0.12,1.00,*,1.00,0.00
FRUTAS,"Manzana, néctar",FRUITS,"Apple, nectar",,1.00,230.00,55.00,84.00,0.10,0.10,*,*,*,*,0.10,15.10,*,0.60,*,*,*,*,*,*,*,*,*,*,*,*,*,*,*,*,*,*,*,*,20.77,*,*,*,*,*
FRUTAS,Maraon Amario,FRUITS,Cae Nt eo,Anacarim occientae L,0.90,142.00,34.00,87.60,0.35,0.31,*,*,*,*,1.12,7.65,*,2.98,*,*,11.00,24.00,2.39,*,*,*,*,*,*,*,*,*,*,*,0.56,0.06,0.03,0.31,171.40,*,*,*,*,*
FRUTAS,Maraon Roo,FRUITS,Cae Nt Re,Anacarim occientae L,0.90,173.00,41.00,86.60,0.30,0.40,*,*,*,*,0.87,9.75,*,2.08,*,*,17.00,22.00,2.57,*,*,*,*,*,*,*,*,*,*,*,0.04,0.06,0.03,0.46,159.00,*,*,*,*,*
FRUTAS,Men,FRUITS,Melon,Ccmi meo L,0.47,78.00,19.00,92.80,0.53,0.05,*,*,*,*,0.56,4.64,*,0.48,0.53,0.50,18.75,11.75,2.43,*,*,*,0.23,2.00,*,*,*,*,150.00,*,1.26,0.04,0.03,0.63,23.60,*,*,*,*,*
FRUTAS,Men Cantaoe,FRUITS,Melon Cantaloupe,Ccmi meo L,0.47,117.00,28.00,91.40,0.40,0.09,0.05,0.00,0.08,0.00,0.62,6.99,5.40,0.50,0.90,0.54,23.00,28.00,1.40,16.00,267.00,12.00,0.04,0.18,0.04,0.01,*,3382.00,169.00,2.00,1.74,0.05,0.03,0.52,34.70,0.07,0.00,0.00,21.00,0.00
FRUTAS,Men Corriente,FRUITS,Melon Ordinary,Ccmi meo L,0.47,109.00,26.00,92.00,0.50,0.15,*,*,*,*,0.62,6.21,*,0.52,*,*,24.00,23.00,3.80,*,*,*,*,*,*,*,*,*,*,*,0.63,0.05,0.05,0.90,34.10,*,*,*,*,*
FRUTAS,Men e oa,FRUITS,Men e oa,Ccmi meo L,0.47,132.00,32.00,90.20,0.70,0.25,*,*,*,*,0.62,7.62,*,0.61,*,*,9.00,21.00,0.90,*,*,*,*,*,*,*,*,*,*,*,1.42,0.04,0.03,*,34.40,*,*,*,*,*
FRUTAS,Men íbrio CorrienteVaenciano,FRUITS,Melon Hybrid Orinar/ Vaenciano,Ccmi meo L,0.47,123.00,29.00,91.15,0.40,0.13,*,*,*,*,0.53,7.35,*,0.45,*,*,21.00,23.00,2.45,*,*,*,*,*,*,*,*,*,*,*,1.23,0.06,0.04,0.81,34.85,*,*,*,*,*
FRUTAS,Men Rooo,FRUITS,Meon Rooo,Ccmi meo L,0.47,69.00,16.00,94.50,0.60,0.23,*,*,*,*,0.62,3.48,*,0.57,*,*,6.00,7.00,0.53,*,*,*,*,*,*,*,*,*,*,*,0.67,0.03,0.03,0.56,29.60,*,*,*,*,*
FRUTAS,Men Vaenciano,FRUITS,Melon Valencian,Ccmi meo L,0.47,114.00,27.00,91.55,0.55,0.15,*,*,*,*,0.69,6.57,*,0.50,*,*,17.00,11.00,3.13,*,*,*,*,*,*,*,*,*,*,*,0.00,0.07,0.03,0.30,28.80,*,*,*,*,*
FRUTAS,Membrio,FRUITS,Quince,Cydonia oblonga Mill,0.60,718.00,171.00,84.90,0.50,0.49,0.01,0.04,0.05,0.00,0.37,12.08,6.30,1.66,1.90,*,50.00,4.00,0.70,4.00,197.00,8.00,0.13,0.04,0.02,*,*,40.00,2.00,0.43,0.06,0.05,0.04,0.30,14.70,0.04,0.00,0.00,3.00,0.00
FRUTAS,Nance,FRUITS,Golden Spoon,ronima craioia e Canoe,0.20,205.00,49.00,83.55,0.55,1.35,*,*,*,*,0.87,11.70,*,2.55,*,*,38.50,14.00,1.39,*,*,*,*,*,*,*,*,*,*,*,0.04,0.02,0.03,0.38,45.60,*,*,*,*,*
FRUTAS,Nance Agrio,FRUITS,Golden Spoon Sour,ronima craioia e Canoe,0.20,228.00,55.00,84.20,0.50,1.16,*,*,*,*,1.37,11.17,*,1.60,*,*,19.00,18.00,2.04,*,*,*,*,*,*,*,*,*,*,*,0.02,0.05,0.04,0.38,97.20,*,*,*,*,*
FRUTAS,Naranja,FRUITS,Orange,Citrus sinensis Osbeck,0.63,153.50,36.50,88.42,0.42,0.04,0.02,0.02,0.03,0.00,0.85,9.30,9.35,0.30,3.00,2.80,39.50,22.00,0.23,0.00,181.00,10.00,0.00,0.51,0.04,0.00,*,225.00,11.00,0.05,0.27,0.08,0.05,0.37,49.05,0.06,0.00,37.00,30.00,0.00
FRUTAS,Naranja Agria,FRUITS,Orange Sour,Citr arantim L,0.63,245.00,58.00,82.40,0.80,0.63,*,*,*,0.00,1.50,13.38,*,1.29,*,*,65.00,21.00,0.80,1.00,200.00,*,*,0.05,*,*,*,*,10.00,*,0.01,0.07,0.01,0.38,31.40,*,*,*,*,*
FRUTAS,Naranja Cajera,FRUITS,Orane itterSeet Orange,Citr camar Soa,0.63,206.00,49.00,86.40,0.50,0.66,*,*,*,*,1.00,11.19,*,0.25,*,*,46.00,21.00,2.52,*,*,*,*,*,*,*,*,*,7.00,*,0.00,0.11,0.03,0.38,51.40,*,*,*,*,*
FRUTAS,Naranja China,FRUITS,Orane mat,ortnea mararita Sine,0.63,243.00,58.00,81.90,0.40,0.13,*,*,*,*,1.37,14.56,*,1.64,*,*,69.00,22.00,1.70,*,*,*,*,*,*,*,*,*,18.00,*,0.72,0.20,0.04,0.88,73.00,*,*,*,*,*
FRUTAS,"Naranja, concentrado",FRUITS,"Orange, concentrated",,1.00,1023.00,244.00,32.18,*,0.43,0.02,0.04,0.04,0.00,1.51,64.50,48.81,0.15,0.80,*,32.00,57.00,0.00,55.91,674.00,34.00,0.00,0.00,*,*,*,379.00,19.00,*,*,0.28,0.06,0.72,150.65,0.16,0.00,*,155.00,0.00
FRUTAS,Naranja Dulce,FRUITS,Orane Seet,Citrus sinensis Osbeck,0.63,218.00,52.00,82.00,0.40,0.09,0.01,0.02,0.03,0.00,1.74,12.67,*,3.10,2.40,*,56.00,24.00,1.99,0.00,181.00,10.00,*,0.07,*,*,*,*,11.00,*,0.14,0.13,0.03,0.16,27.25,0.06,0.00,0.00,30.00,*
FRUTAS,"Naranja, jarabe",FRUITS,"Orange, syrup",,1.00,952.00,277.00,37.00,0.30,0.40,*,*,*,*,0.30,62.00,*,*,*,*,14.86,*,*,95.02,*,68.00,*,*,*,*,*,*,*,*,*,*,*,*,0.00,*,*,*,*,*
FRUTAS,"Naranja, jugo",FRUITS,"Orange, juice",,1.00,158.00,38.00,88.50,0.15,0.55,0.02,0.04,0.04,0.00,0.30,11.00,7.60,0.20,0.20,*,11.00,17.00,0.20,1.00,200.00,11.00,0.05,0.05,0.03,0.01,*,0.00,10.00,50.00,*,0.09,0.03,0.40,42.92,0.04,0.00,37.00,30.00,0.00
FRUTAS,"Naranja, naranjada",FRUITS,"Orange, orangeade",,1.00,178.00,43.00,88.00,0.23,0.10,*,*,*,*,0.18,11.58,*,0.00,*,*,*,*,*,*,*,*,*,*,*,*,*,189.04,*,*,*,0.04,0.00,*,0.00,*,*,*,*,*
FRUTAS,"Naranja, con y sin cáscara",FRUITS,Orane itot ee,,1.00,176.00,42.00,84.15,0.45,0.41,*,*,*,*,1.75,9.08,7.60,1.92,*,*,67.50,30.50,0.46,*,*,*,*,*,*,*,*,*,*,*,0.03,0.16,0.05,0.54,29.75,*,*,*,*,*
FRUTAS,Níero e an,FRUITS,Loquat Japan,Eriobotrya japonica Lindl,0.50,174.00,42.00,88.00,0.40,0.87,0.04,0.01,0.09,0.00,0.05,9.51,10.60,1.17,1.70,*,24.00,14.00,1.67,1.00,266.00,13.00,0.17,0.05,*,0.05,*,1528.00,76.00,0.80,0.47,0.03,0.05,0.35,13.50,0.10,0.00,0.00,14.00,0.00
FRUTAS,Pagua,FRUITS,Pagua,Persea schideana Nees,0.53,593.00,142.00,84.80,1.00,8.80,*,*,*,*,1.22,2.31,*,2.42,*,*,64.00,42.50,3.29,*,*,*,*,*,*,*,*,*,*,*,0.05,0.08,0.08,1.14,10.60,*,*,*,*,*
FRUTAS,Papaya,FRUITS,Papaya,Carica papaya L.,0.68,139.00,33.00,89.50,0.60,0.07,0.08,0.07,0.06,0.00,0.52,8.54,5.60,0.82,1.10,0.80,17.00,6.50,0.46,8.00,182.00,21.00,0.00,0.44,0.02,*,*,*,47.00,950.00,0.20,0.04,0.03,0.30,40.00,0.02,0.00,0.00,38.00,0.00
FRUTAS,"Papaya, deshidratada",FRUITS,"Papaya, dried",,,1397.46,334.00,6.20,0.80,0.00,*,*,*,*,0.42,92.39,54.13,0.19,*,*,*,*,*,*,*,*,*,*,*,*,*,*,*,*,*,*,*,*,*,*,*,*,*,*
FRUTAS,aaa nctar con ia,FRUITS,"Papaya, nectar it ineae",,1.00,213.00,51.00,85.50,0.20,0.10,0.05,0.04,0.04,0.00,0.20,13.90,*,0.10,0.60,*,10.00,0.00,0.34,5.00,31.00,3.00,*,0.15,*,*,*,*,18.00,*,*,0.01,0.00,0.15,3.00,0.01,0.00,0.00,2.00,*
FRUTAS,Pera,FRUITS,Pear,r commni L,0.86,230.00,55.00,84.20,0.25,0.09,0.01,0.03,0.03,0.00,0.41,14.61,9.80,2.60,2.87,2.50,14.00,13.50,1.11,1.00,119.00,7.00,0.33,0.94,0.06,*,*,23.00,1.00,0.01,0.00,0.03,0.04,0.29,7.15,0.03,0.00,0.00,7.00,0.00
FRUTAS,"Pera, deshidratada",FRUITS,"Pear, dried",,,1447.66,278.30,15.30,1.01,0.11,0.04,0.13,0.15,0.00,1.82,75.35,36.05,6.41,7.50,*,34.00,59.00,2.10,6.00,533.00,3.30,*,0.39,*,*,*,3.00,0.00,*,*,0.01,0.15,1.37,7.00,0.07,0.00,*,0.00,0.00
FRUTAS,era Gamboa,FRUITS,ear Gamboa,r commni L,0.90,278.00,66.00,78.80,0.30,0.25,*,*,*,*,0.56,17.38,*,2.71,*,*,6.00,7.00,0.28,*,*,*,*,*,*,*,*,*,*,*,0.01,0.04,0.13,0.15,*,*,*,*,*,*
FRUTAS,"Pera, néctar",FRUITS,"Pear, nectar",,1.00,201.00,48.00,86.30,0.00,0.10,0.00,0.00,0.00,0.00,0.10,13.20,15.16,0.30,0.06,*,5.00,3.00,0.26,4.00,13.00,3.00,*,0.07,*,*,*,1.00,0.00,*,*,0.00,0.01,0.13,1.10,0.01,0.00,0.00,1.00,0.00
FRUTAS,ern,FRUITS,Golden,r ma L,0.70,250.00,60.00,82.80,0.50,0.43,*,*,*,*,0.35,15.16,*,1.26,*,*,10.50,5.00,0.82,*,*,*,*,*,*,*,*,*,*,*,0.02,0.04,0.02,0.14,4.70,*,*,*,*,*
FRUTAS,ia,FRUITS,Pineapple,Anana como L,0.53,138.00,33.00,89.25,0.40,0.12,0.01,0.01,0.04,0.00,0.56,8.37,8.20,0.39,1.20,1.10,13.00,12.00,0.47,1.00,109.00,12.00,0.08,0.52,0.32,0.01,*,58.00,3.00,0.06,0.04,0.11,0.04,0.17,35.85,0.11,0.00,11.00,18.00,0.00
FRUTAS,ia concentrao,FRUITS,"Pineapple, concentrated",,1.00,970.00,232.00,34.50,0.60,0.00,*,*,*,*,0.10,64.80,*,0.00,*,*,*,*,*,*,*,*,*,*,*,*,*,*,*,*,*,*,*,*,*,*,*,*,*,*
FRUTAS,ia arabe,FRUITS,"Pineapple, syrup",,1.00,954.00,228.00,36.60,0.50,0.40,0.01,0.01,0.04,0.00,0.04,62.46,16.90,*,0.80,*,12.13,7.00,0.38,1.00,104.00,253.80,*,0.12,*,*,*,14.00,1.00,*,*,0.09,0.03,0.29,0.00,0.07,0.00,*,5.00,0.00
FRUTAS,ia o,FRUITS,"Pineapple, juice",,1.00,193.00,46.20,87.08,0.20,0.10,0.01,0.01,0.03,0.00,0.27,12.08,14.45,0.26,0.80,*,50.00,5.00,1.57,1.00,122.00,14.00,0.06,0.10,*,*,*,38.00,2.00,*,0.00,0.02,0.02,0.10,5.20,0.07,0.00,2.00,5.00,0.00
FRUTAS,ia o concentrao,FRUITS,"Pineapple, juice concentrate",,1.00,997.50,239.00,36.25,1.20,0.10,0.01,0.01,0.04,0.00,1.65,60.05,43.60,0.35,0.70,*,39.00,28.00,0.90,3.00,472.00,35.00,*,0.40,*,*,*,50.00,3.00,*,*,0.23,0.06,0.90,0.00,0.26,0.00,*,37.00,0.00
FRUTAS,ia troo en o e ia,FRUITS,"Pineapple, chunks it ineae ice",,1.00,138.40,33.11,9.10,0.21,0.14,0.01,0.01,0.04,0.00,1.09,7.41,0.00,0.05,1.25,*,9.00,4.00,0.40,26.54,100.00,10.00,0.05,11.00,*,0.00,*,30.00,2.00,*,*,0.10,0.03,0.30,8.00,0.08,0.00,0.00,11.00,0.00
FRUTAS,Pitahaya,FRUITS,Cereus,Hylocereus ungatus B. et R.,0.45,228.00,54.00,82.30,0.50,0.11,*,*,*,*,1.44,13.55,*,2.10,*,*,5.00,15.00,0.75,*,*,*,*,*,*,*,*,*,0.00,*,0.00,0.11,0.13,0.37,25.80,*,*,*,*,*
FRUTAS,itaaa Amaria,FRUITS,Cere eo,Hylocereus ungatus B. et R.,0.45,205.00,49.00,85.90,0.60,1.20,*,*,*,*,1.10,9.80,1.70,1.40,*,*,8.26,,*,137.90,*,253.40,27.77,*,0.20,*,*,558.44,*,*,*,*,*,*,7.34,*,*,*,*,*
FRUTAS,Pitahaya Blanca,FRUITS,Cereus White,Hylocereus ungatus B. et R.,0.45,179.00,43.00,87.05,0.85,0.94,*,*,*,*,1.60,8.28,5.20,1.29,*,*,7.50,34.00,2.90,52.00,*,272.60,36.60,*,0.20,*,*,7400.79,*,*,0.00,0.04,0.04,0.22,13.70,*,*,*,*,*
FRUTAS,Pitahaya Rosa,FRUITS,Cereus Rose,Hylocereus ungatus B. et R.,0.45,189.00,45.00,84.50,0.70,0.82,*,*,*,*,1.25,9.47,*,3.26,*,*,12.00,25.00,1.98,*,*,*,*,*,*,*,*,*,*,*,0.00,0.06,0.05,0.26,9.50,*,*,*,*,*
FRUTAS,Pitahaya Solferina,FRUITS,Cereus Solferino,Hylocereus ungatus B. et R.,0.45,239.00,57.00,83.40,0.70,0.70,*,*,*,*,0.80,13.50,7.90,0.90,*,*,12.80,,*,62.50,*,170.90,21.90,*,0.30,*,*,6704.95,*,*,*,*,*,*,0.00,*,*,*,*,*
FRUTAS,Plátano,FRUITS,Banana,Ma aientm L ar,0.68,372.00,89.00,74.91,0.90,0.33,0.11,0.03,0.07,0.00,1.09,22.84,12.30,0.40,2.00,1.60,5.00,22.00,0.26,1.00,358.00,27.00,0.26,0.54,0.29,0.00,*,64.00,3.00,200.00,0.03,0.03,0.07,0.67,333.70,0.37,0.00,22.00,20.00,0.00
FRUTAS,"Plátano, concentrado para preparar bebidas",FRUITS,"Banana, concentrate for beverages",,1.00,845.00,202.00,48.20,0.50,0.70,*,*,*,*,0.70,49.60,*,0.30,*,*,*,*,*,*,*,*,*,*,*,*,*,*,*,*,*,*,*,*,*,*,*,*,*,*
FRUTAS,Plátano Curro o Enano,FRUITS,Banana Curro or Enano,Ma aientm L ar,0.60,217.00,52.00,81.80,1.00,0.02,*,*,*,*,1.62,12.89,*,2.67,*,*,9.00,17.00,1.30,*,*,*,*,*,*,*,*,*,*,*,0.07,0.03,0.04,0.59,6.20,*,*,*,*,*
FRUTAS,tano ominico,FRUITS,anana ominican,Ma caeniii Lam,0.54,400.00,95.00,69.00,1.10,0.20,*,*,*,*,1.60,24.67,*,0.75,*,*,15.00,23.50,1.79,*,*,*,*,*,*,0.01,*,*,*,*,0.33,0.05,0.01,0.68,10.30,*,*,*,*,*
FRUTAS,Plátano Guineo,FRUITS,Banana Guinea,Ma aientm L,0.54,270.00,64.00,80.70,1.30,0.12,*,*,*,*,0.81,16.89,*,0.18,0.50,*,17.00,29.00,5.18,*,*,*,*,*,*,*,*,*,130.00,*,0.19,0.03,0.01,0.53,9.30,*,*,*,*,*
FRUTAS,Plátano Macho,FRUITS,Banana Plantain,Musa paradisiaca L.,0.54,540.00,130.00,68.10,0.87,0.19,*,*,*,*,1.21,34.46,21.10,0.40,*,*,13.00,44.00,1.78,*,*,*,*,*,*,*,*,*,*,*,0.90,0.08,0.05,0.40,13.03,*,*,*,*,*
FRUTAS,"Plátano Macho, harina con soya",FRUITS,anana antain or it obean,,,1549.80,370.41,5.50,3.87,12.69,0.85,1.22,1.73,0.00,21.08,53.71,6.68,3.65,7.80,*,300.65,207.19,47.50,30.86,1601.20,222.83,0.26,1.40,*,0.02,*,125.00,6.00,*,*,0.00,0.03,20.56,10.00,0.41,0.24,0.00,17.00,0.00
FRUTAS,Plátano Manila,FRUITS,Banana Manila,Musa sp.,0.54,407.00,97.00,71.80,0.90,0.25,*,*,*,*,1.75,24.85,*,0.45,*,*,11.00,19.00,1.02,*,*,*,*,*,*,*,*,*,*,*,0.25,0.17,0.07,0.43,15.00,*,*,*,*,*
FRUTAS,Plátano Manzano,FRUITS,Banana Manzano,Ma aientm L ar,0.54,402.00,96.00,73.00,0.90,0.62,*,*,*,*,1.00,24.25,*,0.23,*,*,8.00,44.00,1.29,*,*,*,*,*,*,*,*,*,*,*,0.01,0.05,0.04,0.70,13.20,*,*,*,*,*
FRUTAS,Plátano Morado,FRUITS,Banana Purple,Musa rosacea Jacq,0.54,354.00,85.00,75.50,0.83,0.25,*,*,*,*,1.42,21.11,*,0.38,*,*,11.00,19.00,0.87,*,*,*,*,*,*,*,*,*,*,*,0.15,0.25,0.09,0.43,9.70,*,*,*,*,*
FRUTAS,tano Natra Amario Puntas Verdes Variedad Enano Gigante Chiapas,FRUITS,"Banana, Enano Gigante Chiapas Variety (Fresh eo GreenEe",,0.54,322.00,77.00,74.84,0.79,0.40,*,*,*,*,0.49,19.98,*,3.40,*,*,*,*,*,*,*,*,*,*,*,*,*,*,*,*,*,*,*,*,*,*,*,*,*,*
FRUTAS,Plátano Roatán o Bárbaro,FRUITS,"Banana, Plantain",Musa paradisiaca L.,0.68,469.00,112.00,65.60,0.80,0.51,*,*,*,*,1.44,28.67,*,2.98,*,*,15.00,26.00,1.12,*,*,*,*,*,*,*,*,*,*,*,0.25,0.06,0.04,0.54,14.80,*,*,*,*,*
FRUTAS,Plátano Tabasco,FRUITS,Banana Tabasco,Ma aientm L,0.68,367.00,88.00,71.68,0.85,0.21,*,*,*,*,1.19,21.97,*,0.33,*,*,6.75,24.67,0.99,*,*,*,*,*,*,*,*,*,*,*,0.10,0.04,0.06,0.47,16.80,*,*,*,*,*
FRUTAS,Ramn,FRUITS,Breadnut,roimm aicatrm S,,216.00,52.00,84.00,0.90,0.48,*,*,*,*,2.50,10.90,*,1.22,*,*,45.00,36.00,0.82,*,*,*,*,*,*,*,*,*,*,*,0.64,0.05,1.52,0.78,28.10,*,*,*,*,*
FRUTAS,Sandía,FRUITS,atermeon,Citrullus vulgaris Schrad,0.46,66.00,16.00,94.30,0.30,0.22,0.02,0.04,0.05,0.00,0.37,3.56,6.20,1.25,0.26,0.20,6.00,11.00,0.35,1.00,112.00,10.00,0.31,1.54,0.04,0.04,*,569.00,28.00,0.02,0.33,0.03,0.02,0.23,10.20,0.05,0.00,0.00,3.00,0.00
FRUTAS,Saramo,FRUITS,Sugar Apple,Anona amoa L,0.45,444.00,106.00,67.80,1.10,0.38,0.05,0.11,0.04,0.00,1.88,26.86,*,1.98,4.40,*,59.00,24.00,5.72,9.00,247.00,21.00,0.09,0.10,*,0.00,*,6.00,0.00,*,0.00,0.45,0.12,0.87,7.00,0.20,0.00,0.00,14.00,*
FRUTAS,Tamarino,FRUITS,Tamarin,Tamarin inica,0.50,1082.00,258.00,21.10,2.50,0.80,0.27,0.18,0.06,0.00,4.91,64.45,57.40,5.25,7.40,5.10,139.00,135.00,3.86,28.00,628.00,92.00,0.29,1.08,*,0.00,*,30.00,2.00,0.01,0.09,1.38,0.16,3.06,7.60,0.07,0.00,0.00,14.00,0.00
FRUTAS,Tamarino bebia preparada,FRUITS,Tamarin rin reare,,1.00,176.00,42.00,88.00,0.10,0.10,*,*,*,*,0.00,11.20,*,0.20,*,*,*,*,*,*,*,*,*,*,*,*,*,*,*,*,*,*,*,*,*,*,*,*,*,*
FRUTAS,Tamarino boa con azúcar,FRUITS,Tamarin ar ba,,1.00,1556.45,371.50,3.90,1.00,1.10,*,*,*,*,1.20,89.20,*,3.60,*,*,*,*,*,15.22,*,*,*,*,*,*,*,*,*,*,*,*,*,*,*,*,*,*,*,*
FRUTAS,Tamarino boa con chile,FRUITS,Tamarin cie ba,,1.00,1535.53,367.30,4.50,2.00,1.70,*,*,*,*,1.90,86.10,*,3.80,*,*,*,*,*,287.00,*,*,*,*,*,*,*,*,*,*,*,*,*,*,*,*,*,*,*,*
FRUTAS,Tamarino concentrao para preparar bebidas,FRUITS,Tamarin concentrate for beverages,,1.00,1209.00,289.00,26.40,0.30,1.00,*,*,*,*,0.30,71.70,*,0.30,*,*,*,*,*,*,*,*,*,*,*,*,*,*,*,*,*,*,*,*,*,*,*,*,*,*
FRUTAS,Tamarino arabe,FRUITS,Tamarin r,,1.00,130.00,31.00,33.80,0.10,0.00,*,*,*,*,0.20,65.90,*,0.00,*,*,*,*,*,*,*,*,*,*,*,*,*,*,*,*,*,*,*,*,*,*,*,*,*,*
FRUTAS,Tamarino arabe con pulpa,FRUITS,Tamarin r it,,1.00,945.00,242.00,36.30,0.30,0.20,*,*,*,*,0.20,62.10,*,0.90,*,*,42.82,*,*,177.96,*,34.20,*,*,*,*,*,*,*,*,*,*,*,*,*,*,*,*,*,*
FRUTAS,Tamarino nctar,FRUITS,Tamarin nectar,,1.00,209.00,50.00,85.60,0.10,0.00,*,*,*,0.00,0.10,13.90,12.70,0.30,0.50,*,10.00,2.00,0.75,7.00,27.00,4.00,*,0.02,*,*,*,0.00,0.00,*,*,0.00,0.00,0.07,701.00,0.01,0.00,*,1.00,*
FRUTAS,Tamarino a,FRUITS,Tamarin,,1.00,1389.00,332.00,6.00,1.10,0.60,*,*,*,*,1.00,89.90,*,1.40,*,*,*,*,*,*,*,*,*,*,*,*,*,262.37,*,*,*,0.00,0.00,*,0.00,*,*,*,*,*
FRUTAS,Tamarino a con chile,FRUITS,Tamarin it cie,,1.00,1207.00,286.00,22.80,4.60,1.15,*,*,*,*,0.80,68.10,*,2.50,*,*,*,*,*,*,*,*,*,*,*,*,*,,*,*,*,*,*,*,*,*,*,*,*,*
FRUTAS,"Tangerina, jugo concentrado",FRUITS,"Tangerine, concentrated juice",Citrus reticulata,1.00,998.00,239.00,31.70,1.85,0.30,0.03,0.03,0.05,0.00,2.40,63.35,*,0.40,0.60,*,27.00,30.00,0.34,3.00,397.00,28.00,0.09,0.09,0.13,*,*,2767.00,138.00,*,*,0.18,0.07,0.33,99.10,0.15,0.00,*,16.00,0.00
FRUTAS,Tejocote,FRUITS,Meican atorn,Cratae meicana Moc et Se,0.85,359.00,86.00,74.70,0.75,0.55,*,*,*,*,0.78,21.99,*,2.74,*,*,94.00,32.50,1.56,*,*,*,*,*,*,*,*,*,*,*,6.40,0.04,0.05,0.43,73.80,*,*,*,*,*
FRUTAS,Tilapa,FRUITS,Tilapa,meia aeteiren em,,*,*,56.10,1.40,*,*,*,*,*,3.25,*,*,*,*,*,88.00,30.00,1.69,*,*,*,*,*,*,*,*,*,*,*,0.39,0.04,0.04,1.24,26.20,*,*,*,*,*
FRUTAS,Timbirice,FRUITS,Silkgrass,arata mieri E Morr,,*,*,76.90,1.40,*,*,*,*,*,2.31,*,*,*,*,*,122.00,22.00,2.14,*,*,*,*,*,*,*,*,*,*,*,0.00,0.09,0.02,0.38,77.60,*,*,*,*,*
FRUTAS,Toronja,FRUITS,Grapefruit,Citr ecmana L,0.67,135.00,32.00,86.55,0.45,0.40,9.00,0.01,0.02,0.00,0.56,7.77,7.31,0.63,1.11,0.80,0.29,24.00,0.51,0.00,148.00,9.00,0.13,0.83,*,0.04,*,*,2.00,*,0.06,0.02,0.03,0.30,35.20,0.04,0.00,0.00,10.00,0.00
FRUTAS,"Toronja, jarabe jugo",FRUITS,"Grapefruit, juice",,1.00,180.00,43.00,89.28,0.40,0.09,0.01,0.01,0.02,0.00,0.23,10.83,15.04,0.15,0.40,*,21.50,16.00,0.53,2.00,129.00,10.00,*,0.08,*,*,*,0.00,0.00,*,0.00,0.03,0.01,0.16,23.20,0.02,0.00,0.00,9.00,0.00
FRUTAS,Torona omarroa,FRUITS,"Grapefruit Roseapple, fruit",Citr ecmana L,0.68,176.00,42.00,88.06,0.36,0.14,0.02,0.02,0.04,0.00,0.77,10.66,6.89,*,1.60,*,22.00,18.00,0.08,0.00,135.00,9.00,*,0.07,*,*,*,1150.00,58.00,*,*,0.04,0.03,0.20,531.70,0.05,0.00,0.00,13.00,0.00
FRUTAS,Tuna,FRUITS,Prickly Pear,Opuntia sp.,0.57,186.00,44.00,83.84,0.35,0.58,0.07,0.08,0.21,0.00,0.84,10.24,*,4.65,4.50,4.00,56.00,32.00,1.24,5.00,220.00,85.00,0.08,0.12,*,0.03,*,43.00,2.00,0.06,0.05,0.01,0.06,0.46,14.00,0.06,0.00,0.00,6.00,*
FRUTAS,"Tuna Blanca, prensada",FRUITS,"Prickly Pear White, pressed",Opuntia hyptiacantha Weber,0.55,863.00,206.00,20.80,3.00,0.90,*,*,*,*,4.50,49.60,*,21.20,*,*,340.00,67.00,8.70,*,*,*,*,*,*,*,*,*,*,*,0.00,0.03,0.11,2.25,50.50,*,*,*,*,*
FRUTAS,"Tuna Cardona, con emia",FRUITS,"Prickly Pear Cardona, it ee",Opuntia sp.,0.55,132.00,31.00,88.10,0.30,0.04,*,*,*,*,0.56,8.15,*,2.85,*,*,49.00,*,2.64,*,*,*,*,*,*,*,*,*,*,*,0.06,0.02,0.02,0.20,*,*,*,*,*,*
FRUTAS,"Tuna Cardona, in emia",FRUITS,"Prickly Pear Cardona, seedsless",Opuntia sp.,0.55,131.00,31.00,91.00,0.20,0.08,*,*,*,*,0.05,8.43,*,0.24,*,*,25.00,31.00,1.25,*,*,*,*,*,*,*,*,*,*,*,0.00,0.00,0.03,0.24,22.40,*,*,*,*,*
FRUTAS,"Tuna Cascarona, in emia",FRUITS,"Prickly Pear Cascarona,seedless",Opuntia sp.,0.55,143.00,34.00,88.00,2.50,0.24,*,*,*,*,0.69,8.32,*,0.25,*,*,29.00,8.00,2.38,*,*,*,*,*,*,*,*,*,*,*,0.03,0.00,0.02,0.19,25.00,*,*,*,*,*
FRUTAS,Tna Caea in emia,FRUITS,ric ear Caea seedless,Opuntia sp.,0.55,88.00,21.00,90.80,2.90,0.03,*,*,*,*,0.50,5.32,*,0.45,*,*,29.00,8.00,2.72,*,*,*,*,*,*,*,*,*,*,*,0.01,0.00,0.03,0.12,21.90,*,*,*,*,*
FRUTAS,"Tuna Colorada, con emia",FRUITS,"Prickly Pear Red, it ee",Opuntia robusta Wendl,0.55,*,*,82.00,0.70,*,*,*,*,*,*,*,*,*,*,*,63.00,32.00,0.70,*,*,*,*,*,*,*,*,*,*,*,0.12,0.01,0.02,*,*,*,*,*,*,*
FRUTAS,Tna con emia,FRUITS,ric ear it ee,Opuntia sp.,0.57,201.00,48.00,77.30,0.40,*,*,*,*,*,*,10.10,*,10.03,*,*,90.00,31.00,1.07,*,*,*,*,*,*,*,*,*,*,0.00,*,0.02,0.02,0.29,31.00,*,*,*,*,*
FRUTAS,"Tuna Mansa, Blanca con emia",FRUITS,"Prickly Pear Mansa, ite it ee",Opuntia sp.,0.55,91.00,22.00,87.80,0.70,0.16,*,*,*,*,1.21,4.58,*,5.55,*,*,40.00,39.00,0.45,*,*,*,*,*,*,*,*,*,*,*,0.02,0.01,0.04,0.44,15.60,*,*,*,*,*
FRUTAS,"Tuna Mansa, Colorada con emia",FRUITS,"Prickly Pear Mansa, Red it ee",Opuntia sp.,0.55,106.00,25.00,85.70,0.70,0.21,*,*,*,*,1.43,5.21,*,6.75,*,*,35.00,39.00,0.61,*,*,*,*,*,*,*,*,*,*,*,0.03,0.02,0.04,0.30,11.90,*,*,*,*,*
FRUTAS,Tna Mana in emia,FRUITS,"Prickly Pear Mansa, seedless",Opuntia sp.,0.55,73.00,17.00,89.40,0.60,0.10,*,*,*,*,0.93,3.78,*,0.19,*,*,50.00,26.00,2.57,*,*,*,*,*,*,*,*,*,*,*,0.00,0.00,0.03,0.30,9.50,*,*,*,*,*
FRUTAS,"Tuna, queso de tuna ce",FRUITS,"Prickly Pear, tuna curd",,1.00,*,*,17.20,*,*,*,*,*,*,1.25,*,*,*,*,*,51.00,29.00,13.00,*,*,*,*,*,*,*,*,*,*,*,0.10,0.20,0.20,1.50,88.00,*,*,*,*,*
FRUTAS,"Tuna Redonda, con emia",FRUITS,"Prickly Pear Round, it ee",Opuntia sp.,0.55,110.00,26.00,85.60,0.50,0.16,*,*,*,*,1.62,5.42,*,6.70,*,*,21.00,29.00,1.71,*,*,*,*,*,*,*,*,*,*,*,0.02,0.01,0.08,0.91,25.50,*,*,*,*,*
FRUTAS,Tna Roa con emia,FRUITS,"Prickly Pear Red, it ee",Opuntia sp.,0.55,135.00,32.00,82.60,0.40,0.21,*,*,*,*,1.81,6.82,*,8.16,*,*,32.00,33.00,2.30,*,*,*,*,*,*,*,*,*,*,*,0.00,0.01,0.02,0.44,23.10,*,*,*,*,*
FRUTAS,"Tuna Roja, prensada",FRUITS,"Prickly Pear Red, pressed",,0.55,983.00,235.00,15.10,3.90,0.96,*,*,*,*,4.69,58.65,*,16.70,*,*,345.00,92.00,13.98,*,*,*,*,*,*,*,*,*,*,*,0.04,0.04,0.16,2.43,23.90,*,*,*,*,*
FRUTAS,"Tuna Tapona, con emia",FRUITS,"Prickly Pear Tapona, it ee",Opuntia robusta Wendl,0.55,134.00,32.00,86.30,0.50,0.12,*,*,*,*,1.93,4.55,*,6.60,*,*,*,25.00,0.65,*,*,*,*,*,*,*,*,*,*,*,0.02,0.04,0.10,0.44,22.00,*,*,*,*,*
FRUTAS,Tuna Xoconoxtle,FRUITS,Prickly Pear Xoconoxtle,Ontia imbricata C/Ontia,0.55,92.00,22.00,86.30,0.70,0.36,*,*,*,*,0.09,5.20,*,4.55,*,*,126.50,16.00,0.17,*,*,*,*,*,*,0.03,*,*,*,*,0.04,0.04,0.02,0.15,21.80,*,*,*,*,*
FRUTAS,Uspib,FRUITS,Uspib,Coeia oecanra eme,,437.00,104.00,65.60,0.80,0.22,*,*,*,*,3.25,25.47,*,4.66,*,*,40.00,25.00,1.40,*,*,*,*,*,*,*,*,*,*,*,2.09,0.08,0.16,1.24,40.10,*,*,*,*,*
FRUTAS,Ute eCe,FRUITS,Ute eCe,Malpighia punicifolia L.,,129.00,31.00,88.30,1.50,0.46,*,*,*,*,2.62,5.04,*,2.08,*,*,44.00,27.00,5.24,*,*,*,*,*,*,*,*,*,*,*,0.32,0.13,0.93,0.83,2520.00,*,*,*,*,*
FRUTAS,Uva,FRUITS,Grape,Vitis vinifera L.,0.70,285.00,68.00,80.70,0.30,0.70,0.19,0.02,0.13,0.00,0.37,16.70,14.40,0.50,0.98,0.90,16.00,13.00,1.00,2.00,185.00,7.60,0.09,0.47,0.07,0.00,*,*,2.00,0.03,0.02,0.04,0.02,1.04,3.90,0.11,0.00,4.00,*,*
FRUTAS,Uva Blanca,FRUITS,Grape White,Vitis vinifera L.,1.00,268.00,63.00,79.30,*,0.00,*,*,*,*,0.60,16.10,16.10,*,0.90,*,19.00,22.00,0.30,2.00,250.00,7.00,0.10,*,*,*,*,*,0.00,0.00,*,0.40,0.02,0.40,4.00,0.10,0.00,6.00,*,0.00
FRUTAS,"Uva, concentrado",FRUITS,"Grape, concentrate",,1.00,1200.00,284.00,24.55,0.53,0.40,*,*,*,*,1.10,73.88,37.20,0.20,*,*,*,*,0.00,0.00,*,*,0.00,0.00,*,*,*,150.08,*,*,*,0.00,0.00,*,0.00,*,*,*,*,*
FRUTAS,Uva de La Playa,FRUITS,Grape Sea Grape,Coccoloba uvifera Jacq,1.00,200.00,48.00,83.60,1.10,0.38,*,*,*,*,0.87,11.61,*,2.44,*,*,133.00,19.00,0.94,*,*,*,*,*,*,*,*,*,0.00,*,0.01,0.03,0.03,0.81,17.00,*,*,*,*,*
FRUTAS,Uva Globo,FRUITS,Grape European,Vitis vinifera L.,0.68,289.00,69.00,80.54,*,0.16,0.05,0.01,0.05,0.00,0.72,18.10,15.48,*,0.09,*,10.00,20.00,0.36,2.00,191.00,7.00,*,0.07,*,*,*,66.00,3.00,*,*,0.10,0.11,0.16,4.80,0.13,0.00,*,3.00,0.00
FRUTAS,"Uva, jarabe",FRUITS,"Grape, syrup",,1.00,986.00,236.00,37.65,0.10,0.30,*,*,*,*,0.04,61.73,*,0.00,*,*,13.18,*,*,139.88,*,289.70,*,*,*,*,*,*,*,*,*,*,*,*,*,*,*,*,*,*
FRUTAS,"Uva, jugo",FRUITS,"Grape, juice",,1.00,211.00,50.00,88.33,0.10,0.10,0.03,0.00,0.02,0.00,0.10,13.33,12.05,0.00,0.20,*,11.00,14.00,0.25,7.77,104.00,10.00,0.05,0.07,0.05,0.00,*,8.00,0.00,*,*,0.02,0.02,0.13,5.34,0.03,0.00,0.00,0.00,0.00
FRUTAS,"Uva Pasa, deshidratada",FRUITS,"Raisins, dried",,1.00,1363.99,320.92,16.60,2.73,0.04,0.06,0.05,0.04,0.00,3.05,77.09,59.19,0.49,3.70,*,50.00,101.00,1.88,11.00,749.00,32.00,0.32,0.22,0.30,0.00,*,0.00,0.00,*,*,0.11,0.13,0.77,2.30,0.17,0.00,0.00,5.00,0.00
FRUTAS,Uva Silvestre in ccara,FRUITS,Grape Wild,Vitis vinifera L.,0.68,*,57.00,78.50,0.90,0.40,*,*,*,*,2.00,12.90,*,*,*,*,452.00,44.00,2.20,*,*,*,*,*,*,*,*,*,*,*,0.07,0.03,0.03,0.86,67.60,*,*,*,*,*
FRUTAS,Xocoyol,FRUITS,Wood Sorrel,Oxalis divergens,,*,*,91.80,0.85,*,*,*,*,*,0.42,*,*,*,*,*,79.00,35.00,4.30,*,*,*,*,*,*,*,*,*,*,*,3.52,0.12,0.14,0.45,26.30,*,*,*,*,*
FRUTAS,aote Amario,FRUITS,Saote eo,Mammea americana L,0.62,484.00,116.00,66.60,0.70,0.72,*,*,*,*,1.62,28.94,*,1.42,*,*,43.00,16.00,1.06,*,*,*,*,*,*,*,*,*,*,*,0.18,0.07,0.07,4.02,59.30,*,*,*,*,*
FRUTAS,aote Amario omino,FRUITS,Saote eo,Mammea americana L,0.62,167.00,40.00,88.10,0.10,0.04,*,*,*,*,0.75,10.30,*,0.71,*,*,24.00,15.00,3.10,*,*,*,*,*,*,*,*,*,*,*,0.15,0.02,0.05,0.60,35.60,*,*,*,*,*
FRUTAS,Zapote Blanco,FRUITS,Sapote White,Caimiroa ei La et Le,0.76,292.00,70.00,83.80,0.50,0.70,*,*,*,*,1.66,16.11,*,2.54,*,*,7.50,18.00,0.27,*,*,*,*,*,*,*,*,*,7.00,*,0.03,0.05,0.09,1.00,15.70,*,*,*,*,*
FRUTAS,Zapote Borracho,FRUITS,Sapote Eggfruit,Lcma aicioia,0.60,593.00,142.00,59.70,0.90,0.81,*,*,*,*,1.31,36.25,*,1.03,*,*,36.00,36.00,0.68,*,*,*,*,*,*,*,*,*,*,*,0.23,0.18,0.00,3.34,40.40,*,*,*,*,*
FRUTAS,Zapote Negro,FRUITS,Sapote Black,Diospiros ebenaster Retz,0.62,232.00,56.00,83.55,0.60,1.10,*,*,*,*,0.60,14.46,*,0.91,5.30,*,26.75,28.75,2.48,12.00,193.00,12.00,*,0.10,*,*,*,60.00,3.00,0.04,0.18,0.00,0.02,0.26,28.65,0.00,0.00,*,14.00,*
FRUTAS,aramora a con azúcar congelada,FRUITS,"Blackberry, prepared pulp frozen",,1.00,762.00,182.00,47.40,0.40,0.20,*,*,*,*,0.40,51.00,14.80,0.60,5.70,*,49.00,19.00,0.70,3.00,160.00,23.00,0.09,*,*,*,*,*,*,*,*,0.02,0.03,*,14.00,0.03,0.00,*,*,*
,,,,,,,,,,,,,,,,,,,,,,,,,,,,,,,,,,,,,,,,,,,,
,,,,,,,,,,,,,,,,,,,,,,,,,,,,,,,,,,,,,,,,,,,,
VERDURAS,Acelga,VEGETABLES,Chard,Beta vulgaris L.v. cicla Moq,0.82,83.00,20.00,90.25,2.20,0.34,0.03,0.04,0.07,0.00,2.93,2.96,1.10,0.90,2.40,2.30,62.50,36.00,2.50,213.00,379.00,81.00,1.39,2.91,0.37,0.03,*,146.52,*,*,3.65,0.05,0.23,0.54,24.00,0.10,0.00,0.00,14.00,0.00
VERDURAS,Achiote,VEGETABLES,Achiote,Bixa orellana L.,,1113.00,266.00,8.00,4.50,3.96,*,*,*,*,14.20,55.54,*,13.80,*,*,229.00,220.00,6.46,*,*,*,*,*,*,*,*,*,*,*,0.34,0.09,0.22,1.46,12.50,*,*,*,*,*
VERDURAS,Aguacate,VEGETABLES,Avocado,erea americana Mi,0.53,176.00,42.00,77.47,1.50,24.50,2.13,9.80,1.82,0.00,1.69,4.82,0.90,2.25,4.70,3.00,17.00,48.00,0.55,7.00,485.00,29.00,0.68,1.38,0.16,*,*,59.94,7.00,0.00,0.15,0.06,0.12,1.38,11.95,0.26,0.00,66.00,81.00,0.00
VERDURAS,Aguacate Criollo,VEGETABLES,Avocado Creole,erea americana Mi,0.53,619.00,148.00,74.66,1.70,11.16,*,*,*,*,1.35,10.52,*,0.67,*,*,*,*,*,*,*,*,*,*,*,*,*,*,*,*,*,*,*,*,*,*,*,*,*,*
VERDURAS,Aguacate de Pellejo,VEGETABLES,Aocao it Sin,erea americana Mi,0.53,519.00,124.00,77.40,1.10,12.70,*,*,*,*,1.37,3.70,*,3.73,*,*,10.00,34.00,0.53,*,*,*,*,*,*,*,*,*,*,*,0.18,0.10,0.08,2.88,12.10,*,*,*,*,*
VERDURAS,Aguacate Verde,VEGETABLES,Avocado Green,erea americana Mi,0.53,757.00,181.00,72.40,1.10,18.40,*,*,*,*,1.81,5.89,*,0.40,*,*,39.00,59.00,*,*,*,*,*,*,*,*,*,*,*,*,0.19,0.09,0.20,1.00,15.50,*,*,*,*,*
VERDURAS,"Aguacate, hoja",VEGETABLES,"Avocado, leaves",erea americana Mi,,1255.70,295.60,5.00,6.20,2.40,*,*,*,*,18.90,49.60,*,17.90,*,*,881.18,188.93,10.93,8.91,2014.16,228.66,0.69,3.32,*,*,*,721.58,*,*,1300.15,*,0.66,3.92,2.75,*,*,*,*,*
VERDURAS,Alcachofa,VEGETABLES,Artichoke,Cnara com,0.15,176.00,42.00,82.62,1.12,0.10,0.04,0.01,0.07,0.00,3.30,9.40,0.99,3.45,5.40,*,44.00,90.00,1.28,94.00,370.00,60.00,0.23,0.49,0.26,0.00,*,259.74,*,*,0.01,0.07,0.07,1.05,11.70,0.12,0.00,0.00,68.00,0.00
VERDURAS,Alfalfa,VEGETABLES,Alfalfa,Medicago sativa L.,1.00,125.00,30.00,86.50,1.40,0.48,*,*,*,*,3.66,4.84,*,3.12,,*,12.00,15.00,5.30,*,*,*,*,*,*,*,*,*,*,*,0.74,0.13,0.14,0.46,130.00,*,*,*,*,*
VERDURAS,An imbombo,VEGETABLES,Okra,Hibiscus esculentus L.,0.90,205.00,49.00,83.00,1.20,0.20,0.03,0.02,0.03,0.00,2.31,12.12,1.48,1.17,3.20,*,85.00,80.00,1.61,7.00,299.00,57.00,0.11,0.58,0.79,0.00,*,716.00,36.00,*,0.39,0.01,0.17,1.09,23.00,0.22,0.00,0.00,60.00,0.00
VERDURAS,"Apio, tallo y hoja",VEGETABLES,"Celery, stalk and leaf",Aim raeoen,1.00,67.00,16.00,95.43,0.75,0.17,0.04,0.03,0.08,0.00,0.69,2.97,0.20,0.60,1.90,1.80,40.00,24.00,0.20,80.00,260.00,11.00,0.33,1.59,0.10,0.02,*,43.29,22.00,*,0.27,0.02,0.06,0.32,13.00,0.07,0.00,0.00,36.00,0.00
VERDURAS,Berenjena,VEGETABLES,Eggplant,Soanm meonena L,0.75,109.00,26.00,90.80,0.50,0.18,0.03,0.02,0.08,0.00,1.42,5.90,3.53,1.20,3.00,1.41,8.00,34.00,0.54,2.00,229.00,14.00,0.08,0.16,0.23,0.00,*,23.00,1.00,0.04,0.00,0.05,0.05,0.82,8.20,0.08,0.00,0.00,22.00,0.00
VERDURAS,"Berenjena, cocida",VEGETABLES,"Eggplant, cooked",Soanm meonena L,0.75,147.00,35.00,89.67,0.54,0.23,0.04,0.02,0.09,0.00,0.83,8.73,3.20,*,2.60,1.70,6.00,15.00,0.25,1.00,123.00,11.00,0.84,3.70,0.11,0.00,*,37.00,2.00,*,0.02,0.08,0.02,0.60,1.30,0.09,0.00,0.00,14.00,0.00
VERDURAS,Berro,VEGETABLES,Watercress,Natrtim oficinae,0.80,103.00,24.50,90.54,1.37,0.56,0.03,0.01,0.04,0.00,2.90,2.89,0.30,1.46,2.90,2.80,127.66,62.67,2.51,41.00,330.00,21.00,0.08,0.11,0.24,0.03,*,86.58,160.00,*,1.91,0.12,0.14,1.20,41.75,0.13,0.00,0.00,9.00,0.00
VERDURAS,rco rcoi,VEGETABLES,Broccoli,Brassica oleracea var. botritis,1.00,141.00,34.00,89.30,0.87,0.37,0.04,0.01,0.04,0.00,2.82,6.64,1.70,*,2.60,1.70,47.00,66.00,0.73,33.00,316.00,21.00,0.05,0.41,0.21,0.00,*,56.61,31.00,*,0.36,0.07,0.12,0.64,89.20,0.18,0.00,0.00,63.00,0.00
VERDURAS,rco rcoi cocio,VEGETABLES,"Broccoli, cooked",Brassica oleracea var. botritis,1.00,146.00,35.00,89.25,0.77,0.41,0.08,0.04,0.17,0.00,2.38,7.18,1.39,*,3.30,2.30,40.00,67.00,0.67,41.00,293.00,21.00,0.99,5.13,0.19,0.00,*,1548.00,77.00,*,0.93,0.06,0.12,0.55,64.90,0.20,0.00,0.00,108.00,0.00
VERDURAS,rcoi orete coneaa,VEGETABLES,roccoi oret roen,,,174.00,41.60,90.40,0.65,2.40,0.04,0.02,0.14,0.00,0.80,5.20,1.35,1.55,3.00,*,56.00,50.00,3.71,14.44,212.00,18.00,0.04,0.48,0.29,0.00,*,1034.00,52.00,*,0.61,0.05,0.10,0.47,56.40,0.13,0.00,0.00,67.00,0.00
VERDURAS,"Calabacera, punta",VEGETABLES,"Squash, tip",Cucurbita sp.,0.90,50.00,12.00,93.10,1.50,0.09,*,*,*,*,2.80,1.34,*,1.18,*,*,149.00,60.00,5.85,*,*,*,*,*,*,*,*,*,*,*,1.66,0.11,0.12,0.88,46.30,*,*,*,*,*
VERDURAS,Calabacita,VEGETABLES,Squash Creole,Cucurbita sp.,0.90,67.00,16.00,93.30,0.80,0.30,0.08,0.01,0.09,0.00,2.03,2.88,1.90,0.64,1.00,0.75,14.00,44.50,0.55,8.00,261.00,18.00,0.05,0.32,0.18,0.00,*,86.58,10.00,*,0.24,0.08,0.08,0.56,15.60,0.16,0.00,0.00,24.00,0.00
VERDURAS,"Calabacita, cocida",VEGETABLES,"Squash, cooked",Cucurbita sp.,0.90,64.00,15.00,95.22,0.59,0.36,0.07,0.03,0.15,0.00,1.14,2.69,1.71,*,1.50,1.40,18.00,37.00,0.37,3.00,264.00,19.00,0.05,0.33,0.17,0.00,*,1117.00,56.00,*,0.67,0.04,0.02,0.51,12.90,0.08,0.00,0.00,28.00,0.00
VERDURAS,Calabacita Verde Meen Um,VEGETABLES,"Squash Green, Meen Um",Cucurbita pepo L.v.,0.90,83.00,20.00,92.60,0.50,0.21,*,*,*,*,1.50,4.15,*,1.04,*,*,31.00,20.00,0.65,*,*,*,*,*,*,*,*,*,*,*,0.00,0.05,0.06,0.44,21.70,*,*,*,*,*
VERDURAS,Caabacita a,VEGETABLES,Sa a,Cucurbita pepo L. v.,0.90,63.00,15.00,93.00,0.30,0.06,*,*,*,*,1.87,2.70,*,2.07,*,*,31.00,19.00,1.77,*,*,*,*,*,*,*,*,*,*,*,0.00,0.05,0.05,0.44,7.60,*,*,*,*,*
VERDURAS,Calabaza,VEGETABLES,Squash,Cucurbita sp.,0.70,82.00,20.00,93.30,0.84,0.26,*,*,*,*,1.62,3.55,*,0.43,*,*,*,*,*,*,*,*,*,*,*,*,*,*,*,*,*,*,*,*,*,*,*,*,*,*
VERDURAS,Calabaza Criolla,VEGETABLES,Squash Creole,Cucurbita sp.,0.71,76.00,18.00,93.90,0.70,0.05,*,*,*,*,1.80,3.17,*,0.30,*,*,25.00,24.00,0.84,*,*,*,*,*,*,*,*,406.26,*,*,1.11,0.08,0.03,0.36,22.80,*,*,*,*,*
VERDURAS,Caabaa Amaria,VEGETABLES,Sa eo,Ccrbita eo c maima,0.64,80.00,20.00,91.80,0.70,0.06,*,*,*,*,1.86,3.48,*,2.10,*,*,50.00,8.00,1.35,*,*,*,*,*,*,*,*,1851.48,*,*,5.28,0.05,0.05,0.48,20.40,*,*,*,*,*
VERDURAS,Calabaza de Castilla,VEGETABLES,Squash Castilla,"Cucurbita sp,",0.52,134.00,32.00,89.00,0.80,0.09,*,*,*,*,1.62,7.15,*,1.34,*,*,37.00,28.00,3.12,*,*,*,*,*,*,*,*,715.95,*,*,1.95,0.08,0.05,0.46,9.00,*,*,*,*,*
VERDURAS,"Calabaza, pepita salada",VEGETABLES,min ate roasted seeds,,,1925.20,455.10,0.90,10.00,35.90,*,*,*,*,25.20,7.80,*,20.20,*,*,35.41,266.90,7.67,1727.40,804.16,436.08,0.65,6.30,*,*,*,*,*,*,*,*,*,*,*,*,*,*,*,*
VERDURAS,Caabaa Vere TSo,VEGETABLES,Sa Green TSo,Ccrbita mocata cene,0.90,96.00,23.00,90.60,0.50,0.03,*,*,*,*,1.00,5.78,*,2.09,*,*,37.00,17.00,1.64,*,*,*,*,*,*,*,*,*,*,*,0.00,0.05,0.04,0.31,13.30,*,*,*,*,*
VERDURAS,Caomo Ramn oa,VEGETABLES,"Breadnut, leaf",roimm aicatrm S,1.00,376.00,90.00,62.00,3.00,1.21,*,*,*,*,7.51,17.38,*,8.90,*,*,530.00,68.00,5.36,*,*,*,*,*,*,*,*,*,*,*,6.52,0.24,0.51,1.36,54.60,*,*,*,*,*
VERDURAS,"Cebollina, rabo",VEGETABLES,"Chives, stalk",Aim cea L,1.00,59.00,14.00,94.00,1.20,0.47,0.15,0.10,0.27,0.00,1.87,1.46,1.85,1.00,2.50,*,15.00,87.00,8.37,3.00,296.00,42.00,0.16,0.56,0.37,0.00,*,4353.00,218.00,0.30,0.35,0.04,0.12,0.73,36.40,0.14,0.00,0.00,105.00,0.00
VERDURAS,"Chaya, hoja",VEGETABLES,"Chaya, leaves",Cnioco caamana Mc Va,0.69,241.00,58.00,80.05,1.65,1.92,*,*,*,0.00,7.22,6.71,*,2.25,*,*,323.50,58.50,5.64,*,*,*,*,*,*,*,*,*,946.00,*,8.52,0.25,0.36,1.61,2.35,*,*,*,*,*
VERDURAS,"Chaya, hoja deshidratada",VEGETABLES,"Chaya, dehydrated leaf",Cnioco caamana,1.00,1029.00,246.00,9.47,10.58,7.36,*,*,*,*,27.03,33.34,*,12.22,*,*,1982.60,328.10,12.30,*,*,*,*,*,*,*,*,*,*,*,*,16.50,0.20,8.70,*,*,*,*,*,*
VERDURAS,Chayote,VEGETABLES,Chayote,Secim ee Sart,0.83,80.00,19.00,94.24,0.30,0.13,0.03,0.01,0.06,0.00,0.82,4.51,2.30,0.60,1.70,*,17.00,18.00,0.34,2.00,125.00,12.00,0.12,0.74,0.19,0.02,*,0.00,0.00,*,0.00,0.03,0.03,0.47,7.70,0.08,0.00,0.00,93.00,0.00
VERDURAS,"Chayote, cocido",VEGETABLES,"Chayote, cooked",Secim ee Sart,1.00,100.00,24.00,93.43,0.38,0.48,0.09,*,*,0.00,0.62,5.90,*,*,1.80,1.70,13.00,29.00,0.22,1.00,173.00,12.00,0.35,1.62,0.17,0.00,*,47.00,2.00,*,*,0.03,0.04,0.42,8.00,0.12,0.00,0.00,18.00,0.00
VERDURAS,"Chayote, con espina",VEGETABLES,Caote it torn,Secim ee Sart,0.83,115.00,28.00,91.07,0.37,0.22,*,*,*,*,1.00,6.59,*,0.90,*,*,21.00,23.00,1.23,*,*,*,*,*,*,*,*,0.00,*,*,0.00,0.03,0.03,0.26,12.35,*,*,*,*,*
VERDURAS,"Chayote, sin espina",VEGETABLES,Caote itot torn,Secim ee Sart,0.84,*,*,88.60,0.60,*,*,*,*,*,1.00,*,*,*,*,*,27.00,34.00,1.30,*,*,*,*,*,*,*,*,9.99,*,*,0.00,0.03,0.07,0.43,7.40,*,*,*,*,*
VERDURAS,Cei Ciiin,VEGETABLES,Cei Ciiin,Crotalaria longirostrata H.B.K.,0.60,200.50,48.00,80.75,2.05,0.56,*,*,*,*,6.92,/,*,2.21,*,*,368.00,102.00,4.60,*,*,*,*,*,*,*,*,2327.67,*,*,6.00,0.30,0.10,1.58,66.80,*,*,*,*,*
VERDURAS,Chícharo,VEGETABLES,Pea,im atim,0.45,603.00,144.00,64.43,0.95,0.34,0.07,0.04,0.19,0.00,9.86,25.49,2.10,3.78,5.10,*,28.00,170.00,1.86,5.00,244.00,33.00,0.18,1.24,0.41,0.00,*,83.25,*,*,0.47,0.38,0.11,2.12,24.90,0.17,0.00,0.00,65.00,0.00
VERDURAS,"Chícharo, cocido",VEGETABLES,"Pea, cooked",im atim,1.00,352.00,84.00,77.87,0.92,0.22,0.04,0.02,0.10,0.00,5.36,15.63,5.93,*,4.30,3.90,27.00,117.00,14.00,3.00,271.00,39.00,0.71,4.08,0.53,0.00,*,801.00,40.00,*,0.47,0.26,0.15,2.02,14.20,0.22,0.00,0.00,63.00,0.00
VERDURAS,"Chícharo, con zanahoria congelada",VEGETABLES,ea it carrot roen,,1.00,259.00,62.00,82.80,0.70,2.00,*,*,*,*,2.80,8.20,*,3.50,*,*,*,*,1.29,78.83,*,*,*,*,*,*,*,*,*,*,*,*,*,*,*,*,*,*,*,*
VERDURAS,"Chícharo, congelado",VEGETABLES,"Peas, frozen",,1.00,494.00,118.30,69.70,0.90,2.30,0.07,0.03,0.18,0.00,6.60,17.80,5.00,2.70,4.50,*,22.00,82.00,2.36,7.65,153.00,26.00,0.12,0.82,0.34,0.00,*,2058.00,103.00,*,1.23,0.26,0.10,1.72,18.00,0.08,0.00,0.00,53.00,0.00
VERDURAS,"Chícharo, conserva",VEGETABLES,"Pea, preserve",,1.00,395.00,95.00,72.85,1.20,0.42,0.14,0.07,0.38,0.00,2.81,20.07,2.99,2.66,4.90,*,41.50,90.00,3.30,273.00,106.00,18.00,0.11,0.66,0.21,0.00,*,865.00,43.00,*,0.43,0.09,0.05,0.66,7.00,0.06,0.00,0.00,31.00,0.00
VERDURAS,"Chícharo, puré",VEGETABLES,"Pea, puree",,1.00,473.00,113.00,72.40,2.00,3.00,*,*,*,*,6.00,16.50,*,0.10,*,*,*,*,*,*,*,*,*,*,*,*,*,*,*,*,*,*,*,*,*,*,*,*,*,*
VERDURAS,"Chícharo, vaina",VEGETABLES,"Pea, pod",im arene,1.00,176.00,42.00,88.89,0.56,0.20,0.04,0.02,0.09,0.00,2.80,7.55,2.00,*,2.60,*,43.00,53.00,2.08,4.00,196.00,24.00,0.08,0.27,0.24,0.00,*,1087.00,54.00,*,0.63,0.15,0.08,0.60,60.00,0.16,0.00,0.00,42.00,0.00
VERDURAS,Chichicaxtle,VEGETABLES,Nettle,Lemna minor L,,*,*,93.20,1.60,*,*,*,*,*,2.06,*,*,*,*,*,142.00,4.00,11.80,*,*,*,*,*,*,*,*,*,*,*,1.28,0.06,0.13,0.65,4.80,*,*,*,*,*
VERDURAS,Chilacayote “Dulce”,VEGETABLES,"Chilacayote (a tough, itte min Seet",,,281.70,1197.00,29.40,0.50,0.90,*,*,*,*,0.50,67.90,*,0.80,*,*,*,*,*,*,*,*,*,*,*,*,*,*,*,*,*,*,*,*,*,*,*,*,*,*
VERDURAS,Chilacayote,VEGETABLES,Malabar Gourd,Ccrbita ficioia oc,0.90,96.00,23.00,94.00,0.53,0.32,*,*,*,0.00,1.13,5.02,*,0.33,*,*,12.00,30.00,0.68,*,*,*,*,*,*,0.04,*,26.64,6.00,*,0.05,0.03,0.07,0.34,12.30,*,*,*,*,*
VERDURAS,"Chilacayote, cocido",VEGETABLES,"Malabar Gourd, cooked",Ccrbita ficioia oc,1.00,*,*,*,*,*,*,*,*,*,*,*,*,*,1.01,0.80,*,30.00,*,*,*,*,0.71,2.95,*,*,*,*,*,*,*,*,*,*,*,*,*,*,*,*
VERDURAS,"Chile Ancho, seco",VEGETABLES,"Chile Ancho, dried",Caicm annm L rom ent,0.68,1209.00,289.00,11.95,5.30,9.75,0.82,0.49,4.51,0.00,10.67,50.32,*,9.93,21.60,*,82.00,204.00,5.70,43.00,2411.00,113.00,0.51,1.42,1.28,0.00,*,8624.70,*,*,38.94,0.17,0.87,4.35,75.70,3.54,0.00,0.00,69.00,0.00
VERDURAS,"Chile Ancho, cocido",VEGETABLES,"Chile Ancho, cooked",Caicm annm L rom ent,0.68,*,*,*,*,*,*,*,*,*,*,*,*,*,29.00,20.60,*,*,*,*,*,*,*,*,*,*,*,*,*,*,*,*,*,*,*,*,*,*,*,*
VERDURAS,"Chile Ancho Negro, seco",VEGETABLES,"Chile Ancho Black, dried",Caicm annm L rom ent,0.68,*,*,*,*,*,*,*,*,*,*,*,*,*,*,*,*,*,*,*,*,*,0.92,1.58,*,*,*,*,*,*,*,*,*,*,*,*,*,*,*,*
VERDURAS,"Chile Ancho Rojo, seco",VEGETABLES,"Chile Ancho Red, dried",Caicm annm L rom ent,0.68,*,*,*,*,*,*,*,*,*,*,*,*,*,*,*,*,*,*,*,*,*,1.21,2.13,*,*,*,*,*,*,*,*,*,*,*,*,*,*,*,*
VERDURAS,Cie Anco emia,VEGETABLES,"Chile Ancho, seed",Caicm annm L rom ent,0.68,*,*,6.90,3.70,18.40,*,*,*,*,17.30,*,*,34.40,*,*,32.00,446.00,7.30,*,*,*,*,*,*,*,*,*,*,*,0.20,0.12,0.15,9.27,20.60,*,*,*,*,*
VERDURAS,Chile Bravo o Habanero,VEGETABLES,Chile Habanero,Caicm,0.84,104.00,25.00,91.00,0.70,0.83,*,*,*,*,2.25,3.62,*,1.60,*,*,18.00,26.00,2.44,*,*,*,*,*,*,*,*,*,*,*,0.53,0.11,0.16,0.71,94.00,*,*,*,*,*
VERDURAS,Chile Carricillo,VEGETABLES,Chile Carricillo,Caicm annm L,0.84,96.00,23.00,90.30,1.00,0.33,*,*,*,*,1.37,4.69,*,2.04,*,*,30.00,39.00,1.78,*,*,*,*,*,*,*,*,*,*,*,0.04,0.10,0.06,0.92,129.20,*,*,*,*,*
VERDURAS,Chile Cascabel,VEGETABLES,Chile Cascabel,Caicm annm L Ceraiorme Mi,0.84,877.00,210.00,10.56,7.40,5.46,*,*,*,*,13.09,35.72,*,28.02,*,*,75.00,193.50,4.70,*,*,*,*,*,*,*,*,*,*,*,15.44,0.14,0.54,8.95,55.00,*,*,*,*,*
VERDURAS,"Chile Cascabel, seco",VEGETABLES,"Chile Cascabel, dried",Caicm annm L Ceraiorme Mi,0.84,*,*,*,*,*,*,*,*,*,*,*,*,*,*,*,*,*,*,*,*,*,1.12,2.08,*,*,*,4865.13,*,*,*,*,*,*,*,*,*,*,*,*
VERDURAS,Cie Cacabe emia,VEGETABLES,"Chile Cascabel, seed",Caicm annm L Ceraiorme Mi,0.84,1079.00,258.00,7.40,3.45,18.00,*,*,*,*,16.13,18.45,*,35.00,*,*,57.00,466.50,7.07,*,*,*,*,*,*,*,*,*,*,*,0.40,0.91,0.18,11.80,44.10,*,*,*,*,*
VERDURAS,Chile Chilaca,VEGETABLES,Chile Chilaca,Caicm annm L,0.84,134.00,32.00,89.40,0.60,0.27,*,*,*,*,1.50,7.35,*,0.88,*,*,40.00,23.00,4.00,*,*,*,*,*,*,0.04,*,*,*,*,1.75,0.08,0.06,1.00,178.20,*,*,*,*,*
VERDURAS,"Chile Chilaca, cocido",VEGETABLES,"Chile Chilaca, cooked",Caicm annm L,0.84,*,*,*,*,*,*,*,*,*,*,*,*,*,*,*,*,*,*,*,*,*,1.02,2.84,*,*,*,*,*,*,*,*,*,*,*,*,*,*,*,*
VERDURAS,"Chile Chipotle, seco",VEGETABLES,"Chile Chipotle, dried",Caicm annm L ce ort,0.84,1079.00,258.00,15.30,6.75,6.30,*,*,*,*,14.15,46.70,*,9.60,*,*,195.00,244.00,6.10,*,*,*,1.17,1.30,*,*,1318.68,*,*,*,1.21,0.29,0.72,14.87,24.20,*,*,*,*,*
VERDURAS,"Chile Chipotle, adobado con emia",VEGETABLES,Cie Ciote marinate it ee,Caicm annm L ce ort,1.00,274.00,66.00,84.50,3.63,5.73,*,*,*,*,1.39,3.95,*,2.94,*,*,40.50,28.00,2.09,*,*,*,*,*,*,*,*,*,*,*,1.52,0.03,0.07,0.89,3.35,*,*,*,*,*
VERDURAS,"Chile Chipotle, enlatado",VEGETABLES,"Chile Chipotle, canned",Caicm annm L ce ort,0.84,*,*,*,*,*,*,*,*,*,*,*,*,*,4.50,3.70,*,*,*,*,*,*,0.73,2.30,*,*,*,*,*,*,*,*,*,*,*,*,*,*,*,*
VERDURAS,Cie Ciote emia,VEGETABLES,"Chile Chipotle, seed",Caicm annm L ce ort,0.84,1280.00,306.00,8.10,3.65,20.00,*,*,*,*,18.06,26.65,*,24.20,*,*,68.00,461.00,6.20,*,*,*,*,*,*,*,*,*,*,*,0.26,0.16,0.38,9.36,38.65,*,*,*,*,*
VERDURAS,"Chile, con vegetales en vinagre",VEGETABLES,"Chile, peppers chile and vegetables in brine",,,103.20,24.30,92.80,1.30,0.30,*,*,*,*,0.90,4.50,*,0.80,*,*,5.09,0.00,0.00,300.26,70.60,7.17,0.00,0.15,*,*,*,*,*,*,*,*,*,*,*,*,*,*,*,*
VERDURAS,Chile Cristal o Cristalino,VEGETABLES,Chile Cristal,Caicm,0.84,134.00,32.00,87.85,0.75,0.70,*,*,*,*,1.70,6.81,*,2.44,*,*,21.00,39.00,3.30,*,*,*,*,*,*,*,*,46.62,*,*,0.12,0.12,0.06,0.96,252.00,*,*,*,*,*
VERDURAS,Chile del Monte Ciio,VEGETABLES,Cie Montain Ciio,Caicm rtencen L,0.80,422.00,101.00,58.40,0.70,3.76,*,*,*,*,3.50,17.04,*,16.60,*,*,64.00,88.00,2.12,*,*,*,*,*,*,*,*,*,*,*,0.37,0.92,0.10,3.86,20.40,*,*,*,*,*
VERDURAS,Chile Dulce,VEGETABLES,Cie Seet,Caicm,0.84,96.00,23.00,90.80,0.50,0.26,*,*,*,*,1.94,4.63,*,1.87,*,*,16.00,34.00,2.88,*,*,*,*,*,*,*,*,*,156.00,*,0.56,0.15,0.05,1.12,74.00,*,*,*,*,*
VERDURAS,Chile Guajillo,VEGETABLES,Chile Guajillo,Caicm annm L onm Sent,0.84,979.00,234.00,16.50,6.65,8.60,*,*,*,*,11.55,36.90,*,20.40,*,*,115.50,180.00,14.46,*,*,*,*,*,*,*,*,*,*,*,14.67,0.20,0.94,4.81,65.60,*,*,*,*,*
VERDURAS,"Chile Guajillo, seco",VEGETABLES,"Chile Guajillo, dried",Caicm annm L onm Sent,0.84,*,*,*,*,*,*,*,*,*,*,*,*,*,*,*,*,*,*,*,*,*,*,*,*,*,*,8498.16,,*,*,*,*,*,*,*,*,*,*,*
VERDURAS,"Chile Guajillo, seco cocido",VEGETABLES,"Chile Guajillo, dried cooked",Caicm annm L onm Sent,0.84,*,*,*,*,*,*,*,*,*,*,*,*,*,45.00,42.30,*,*,*,*,*,*,0.64,1.58,*,*,*,*,*,*,*,*,*,*,*,*,*,*,*,*
VERDURAS,Cie Gaio emia,VEGETABLES,"Chile Guajillo, seed",Caicm annm L onm Sent,0.84,1218.00,291.00,6.60,3.20,21.10,*,*,*,*,16.09,21.15,*,31.10,*,*,58.50,495.00,7.10,*,*,*,*,*,*,*,*,*,*,*,0.45,0.19,0.25,10.15,34.40,*,*,*,*,*
VERDURAS,Cie aaeo,VEGETABLES,Cie aaeo,Caicm annm L,0.87,92.00,22.00,92.30,0.50,0.13,0.09,0.03,0.11,0.00,1.19,5.33,4.12,0.54,2.60,1.80,38.00,11.00,3.50,3.00,248.00,15.00,0.05,0.14,0.10,0.00,*,1078.00,54.00,*,0.33,0.06,0.04,0.61,72.10,0.42,0.00,0.00,27.00,0.00
VERDURAS,Cie aaeo en vinagre,VEGETABLES,Cie aaeo in vinegar,,0.87,98.00,32.00,89.82,4.97,0.49,0.10,0.05,0.51,0.00,0.29,1.69,*,1.04,2.60,*,54.00,8.00,1.51,1671.00,193.00,15.00,0.76,3.28,0.11,0.00,*,1700.00,85.00,*,0.11,0.06,0.01,0.18,6.50,0.19,0.00,0.00,14.00,0.00
VERDURAS,Chile Largo,VEGETABLES,Chile Largo,Caicm,0.84,71.00,17.00,90.00,1.80,0.21,*,*,*,*,2.68,2.56,*,2.75,*,*,46.00,30.00,3.56,*,*,*,*,*,*,*,*,*,*,*,0.38,0.21,0.15,1.36,119.50,*,*,*,*,*
VERDURAS,"Chile Largo, en escabeche con emia conera",VEGETABLES,"Chile Largo, in pickling brine it ee reere",,0.84,142.00,34.00,82.20,4.10,0.67,*,*,*,*,0.87,7.32,*,4.84,*,*,41.00,*,0.44,*,*,*,*,*,*,*,*,*,*,*,0.08,0.07,0.03,0.36,14.80,*,*,*,*,*
VERDURAS,"Chile Morita, seco",VEGETABLES,"Chile Morita, dried",Caicm annm L abbreiatm in,0.84,1113.00,266.00,13.25,6.55,5.40,*,*,*,*,13.24,53.49,*,10.41,*,*,150.50,206.00,7.73,*,*,*,*,*,*,*,*,*,*,*,8.94,0.22,1.04,14.98,78.95,*,*,*,*,*
VERDURAS,"Chile Morita, adobado con emia conera",VEGETABLES,"Cie Morita marinate it seeds, preserve",,0.84,255.00,61.00,80.10,4.50,4.15,*,*,*,*,1.69,6.20,*,3.36,*,*,49.00,26.00,4.80,*,*,*,*,*,*,*,*,*,*,*,1.25,0.04,0.01,0.74,6.10,*,*,*,*,*
VERDURAS,Cie Morita emia,VEGETABLES,"Chile Morita, seed",Caicm annm L abbreiatm in,1.00,1343.00,321.00,8.45,3.75,18.30,*,*,*,*,16.95,36.30,*,17.95,*,*,87.00,455.00,5.60,*,*,*,*,*,*,*,*,*,*,*,0.51,0.55,0.67,13.53,26.40,*,*,*,*,*
VERDURAS,Chile Mulato,VEGETABLES,Chile Mulato,Caicm annm L rom Sent,0.68,1119.00,268.00,16.00,4.65,4.12,*,*,*,*,13.27,47.65,*,13.09,*,*,98.50,185.00,17.08,*,*,*,*,*,*,*,*,*,*,*,12.26,0.15,0.86,5.29,102.60,*,*,*,*,*
VERDURAS,"Chile Mulato, fresco",VEGETABLES,"Chile Mulato, fresh",Caicm annm L rom Sent,0.68,*,*,89.20,0.60,*,*,*,*,*,2.00,*,*,*,*,*,17.00,35.00,1.40,*,*,*,*,*,*,*,*,*,*,*,1.18,0.17,0.06,1.10,174.50,*,*,*,*,*
VERDURAS,Cie Mato emia,VEGETABLES,"Chile Mulato, seed",Caicm annm L rom Sent,0.68,1138.00,272.00,6.55,3.50,20.30,*,*,*,*,16.15,17.90,*,36.10,*,*,45.00,467.00,8.30,*,*,*,*,*,*,*,*,*,*,*,0.40,0.84,0.53,7.47,36.40,*,*,*,*,*
VERDURAS,Chile Pasilla,VEGETABLES,Chile Pasilla,Caicm annm L onm Sent,0.84,1343.00,321.00,14.30,5.95,19.00,*,*,*,0.00,12.67,35.32,*,12.68,26.80,*,105.00,158.00,6.30,89.00,2222.00,130.00,1.30,2.18,1.58,0.00,*,35760.00,1788.00,*,24.43,0.37,0.20,8.56,67.85,4.23,0.00,0.00,170.00,0.00
VERDURAS,Cie aia emia,VEGETABLES,"Chile Pasilla, seed",Caicm annm L onm Sent,1.00,1493.00,357.00,6.45,2.90,25.20,*,*,*,*,17.12,28.90,*,18.20,*,*,37.00,401.50,7.40,*,*,*,*,*,*,*,*,*,*,*,0.12,1.11,0.23,10.07,56.30,*,*,*,*,*
VERDURAS,Cie imiento in emia conera,VEGETABLES,"Cie e eer itot seeds, preserve",,1.00,81.00,19.50,94.00,0.35,0.48,0.05,0.02,0.16,0.00,0.94,3.83,*,0.74,1.20,*,31.00,16.00,1.47,1369.00,146.00,11.00,0.13,0.18,0.16,0.00,*,155.00,8.00,*,0.81,0.04,0.03,0.41,91.10,0.18,0.00,0.00,16.00,0.00
VERDURAS,Cie iín con emia,VEGETABLES,Cie ein it ee,Caicm rtecen L accam,1.00,911.00,218.00,9.75,3.83,16.85,*,*,*,*,13.34,24.35,*,36.80,38.00,34.20,164.33,292.00,14.69,*,*,*,1.43,2.85,*,*,*,*,*,*,4.50,0.44,0.37,14.50,18.70,*,*,*,*,*
VERDURAS,Chile Piquín Rojo,VEGETABLES,Chile Red Fresh Pequin,Caicm annm ar acminatm,1.00,623.00,149.00,55.00,2.20,6.80,*,*,*,*,5.90,16.10,*,14.00,*,*,*,*,*,*,*,*,*,*,*,0.05,*,*,*,*,*,*,*,*,*,*,*,*,*,*
VERDURAS,Chile Piquín Verde,VEGETABLES,Chile Green Pequin,Caicm annm ar acminatm,1.00,213.00,51.00,80.20,1.70,1.30,*,*,*,*,2.90,7.00,*,6.90,*,*,*,*,*,*,*,*,*,*,*,*,*,*,*,*,*,*,*,*,*,*,*,*,*,*
VERDURAS,"Chile Poblano, para rellenar",VEGETABLES,Cie obano or tfin,Caicm,0.80,140.00,33.50,87.23,0.73,0.30,*,*,*,*,1.66,8.56,1.90,1.46,*,*,14.50,32.67,3.30,*,*,*,0.79,2.33,*,*,*,*,*,*,0.94,*,0.06,1.18,216.50,*,*,*,*,*
VERDURAS,"Chile Poblano, cocido",VEGETABLES,"Chile Poblano, cooked",Caicm annm L rom Sent,0.80,*,*,*,*,*,*,*,*,*,*,*,*,*,3.70,2.60,*,*,*,*,*,*,*,*,*,*,*,*,*,*,*,*,*,*,*,*,*,*,*,*
VERDURAS,"Chile Serrano, crudo",VEGETABLES,Cie Serrano ra,Caicm annm L acminatm in,0.95,142.00,34.00,87.50,0.75,0.42,0.06,0.02,0.22,0.00,2.35,7.18,1.50,1.50,5.60,5.40,34.50,44.00,2.40,10.00,305.00,22.00,0.80,1.82,*,*,*,937.00,47.00,*,0.50,0.14,0.06,1.33,65.90,0.51,0.00,*,23.00,0.00
VERDURAS,"Chile Serrano, en escabeche con emia conera",VEGETABLES,"Chile Serrano, in pickling brine it ee reere",,1.00,214.00,51.00,87.97,2.75,3.35,*,*,*,*,0.77,2.17,*,1.92,*,*,43.00,8.00,1.28,*,*,*,*,*,*,*,*,*,*,*,0.11,0.03,0.03,0.45,2.85,*,*,*,*,*
VERDURAS,Chile Tornachile,VEGETABLES,Chile Tornachile,Caicm,0.84,113.00,27.00,87.80,1.20,0.53,*,*,*,*,2.50,4.57,*,3.40,*,*,28.00,46.00,4.08,*,*,*,*,*,*,*,*,*,*,*,0.07,1.60,0.08,*,141.00,*,*,*,*,*
VERDURAS,Cie Tromito,VEGETABLES,Cie Tromito,Caicm annm L,0.84,138.00,33.00,88.40,0.80,0.34,*,*,*,*,1.62,7.50,*,1.34,*,*,42.00,31.00,3.60,*,*,*,*,*,*,*,*,*,*,*,0.71,0.09,0.07,1.20,320.00,*,*,*,*,*
VERDURAS,Chile Valenciano,VEGETABLES,Chile Valenciano,Caicm annm L,0.84,100.00,24.00,90.90,0.30,0.25,*,*,*,*,1.62,5.16,*,1.77,*,*,20.00,50.00,1.85,*,*,*,*,*,*,*,*,*,*,*,0.13,0.16,0.04,0.74,182.80,*,*,*,*,*
VERDURAS,Chivitos,VEGETABLES,Chivitos,orom cooratm C,,63.00,15.00,92.80,1.80,0.28,*,*,*,*,2.12,2.13,*,0.87,*,*,94.00,31.00,*,*,*,*,*,*,*,*,*,*,*,*,2.44,0.07,0.08,0.33,23.70,*,*,*,*,*
VERDURAS,Cilantro,VEGETABLES,Coriander,Corianrm atim L,0.70,100.00,24.00,89.45,1.70,0.34,0.01,0.28,0.04,0.00,2.59,4.72,1.70,*,4.20,3.80,107.50,45.50,2.26,46.00,521.00,26.00,1.12,4.74,0.43,0.04,*,1245.42,*,*,4.31,0.12,0.10,1.04,10.65,0.15,0.00,0.00,62.00,0.00
VERDURAS,"Ciruelo de Jundura, hoja",VEGETABLES,m Tree Mombin ea,Sonia mombin L,1.00,155.00,37.00,73.30,3.70,2.81,*,*,*,*,5.81,13.61,*,0.77,*,*,1096.00,62.00,18.60,*,*,*,*,*,*,*,*,*,*,*,7.00,0.06,0.29,1.13,69.80,*,*,*,*,*
VERDURAS,"Ciruelo, hojas",VEGETABLES,m Tree eae,Sonia mombin L,1.00,502.00,120.00,55.70,6.40,2.00,*,*,*,*,6.30,24.60,,5.00,*,*,*,*,*,*,*,*,*,*,*,*,*,876.18,*,*,*,*,*,2.37,*,*,*,*,*,*
VERDURAS,Co Aria Cocrote conserva,VEGETABLES,"Cabbage Choucroute, preserve",,1.00,71.00,17.00,88.85,2.80,0.31,*,*,*,*,0.62,4.88,,1.41,*,*,154.00,37.00,2.61,*,*,*,*,*,*,*,*,*,*,*,0.03,0.02,0.01,0.06,39.10,*,*,*,*,*
VERDURAS,Col Blanca,VEGETABLES,Cabbage White,Brassica oleracea L.v. capitata,1.00,92.00,22.00,90.80,0.55,0.14,0.03,0.02,0.02,0.00,2.32,4.34,2.90,0.77,2.50,*,37.50,42.00,1.38,18.00,170.00,12.00,0.02,0.18,0.16,0.00,*,76.59,5.00,*,0.14,0.11,0.06,0.60,37.85,0.12,0.00,0.00,43.00,0.00
VERDURAS,"Col Blanca, cocida",VEGETABLES,"Cabbage White, cooked",Brassica oleracea L.v. capitata,1.00,97.00,23.00,92.57,0.59,0.06,0.00,0.02,0.02,0.00,1.27,5.51,2.79,*,1.78,4.60,48.00,33.00,0.17,8.00,196.00,15.00,0.22,0.20,0.21,0.00,*,80.00,4.00,*,0.05,0.06,0.04,0.25,37.50,0.11,0.00,0.00,30.00,0.00
VERDURAS,"Col de Bruselas, cruda",VEGETABLES,"Cabbage Brussels, sprouts",Brassica oleracea L.var,1.00,242.00,58.00,79.30,1.20,0.42,0.06,0.02,0.15,0.00,3.37,12.91,2.20,2.80,3.80,*,53.00,84.00,4.11,25.00,389.00,23.00,0.07,0.42,0.34,0.00,*,754.00,38.00,*,0.36,0.18,0.12,0.96,139.40,0.22,0.00,0.00,61.00,0.00
VERDURAS,"Col Morada, cruda",VEGETABLES,Cabbage Purple,Brassica oleracea L. var.,0.72,113.00,27.00,89.95,0.80,0.21,0.02,0.01,0.08,0.00,2.81,5.13,3.83,1.11,2.10,*,32.50,39.00,1.56,27.00,243.00,16.00,0.02,0.22,0.24,0.00,*,33.30,*,*,0.02,0.14,0.06,0.37,58.90,0.21,0.00,0.00,18.00,0.00
VERDURAS,Coior,VEGETABLES,Caioer,Brassica oleracea L. v. botrytis,0.53,113.00,27.00,89.40,1.20,0.34,0.06,0.02,0.02,0.00,3.15,4.35,1.91,1.61,2.00,2.43,38.00,64.00,2.96,30.00,299.00,15.00,0.04,0.27,0.16,0.00,*,16.65,*,*,0.06,0.12,0.11,0.78,126.50,0.18,0.00,0.00,57.00,0.00
VERDURAS,Coior cocia,VEGETABLES,Caioer cooe,Brassica oleracea L. v. botrytis,1.00,96.00,23.00,93.00,0.60,0.45,0.07,0.03,0.22,0.00,1.84,4.11,2.08,*,2.02,1.50,16.00,32.00,0.32,15.00,142.00,9.00,0.66,3.79,0.13,0.00,*,12.00,1.00,*,0.01,0.04,0.05,0.41,44.30,0.17,0.00,0.00,44.00,0.00
VERDURAS,Coior era congelada,VEGETABLES,Caioer ear frozen,,,121.00,29.10,92.20,0.50,1.10,0.04,0.02,0.13,0.00,1.70,3.10,2.22,1.40,2.30,1.68,22.00,35.00,1.94,42.05,193.00,12.00,0.03,0.17,0.20,0.00,*,12.00,1.00,*,0.01,0.05,0.07,0.43,48.80,0.12,0.00,0.00,64.00,0.00
VERDURAS,Colinabo,VEGETABLES,Kohlrabi,raica cametri naobraica De Candolle,0.77,121.00,29.00,89.57,0.97,0.18,0.01,0.01,0.05,0.00,3.19,5.69,2.60,0.96,3.60,*,33.00,54.50,1.44,20.00,350.00,19.00,0.13,0.03,0.14,0.00,*,6.66,2.00,*,0.02,0.08,0.05,0.39,73.70,0.15,0.00,0.00,16.00,0.00
VERDURAS,Copalquelite,VEGETABLES,Copalquelite,,,*,*,86.20,*,*,*,*,*,*,*,*,*,*,*,*,453.02,74.55,3.07,4.92,1086.14,60.67,0.10,0.82,*,*,*,*,*,*,*,0.00,0.17,0.75,27.69,*,*,*,*,*
VERDURAS,Cren no berro,VEGETABLES,Cre Ra Cre not atercre,,,88.00,21.00,89.80,1.80,0.53,*,*,*,*,6.18,0.51,*,1.18,*,*,154.00,33.00,4.89,*,*,*,*,*,*,*,*,*,*,*,1.61,0.04,0.24,0.99,67.70,*,*,*,*,*
VERDURAS,Cruceta,VEGETABLES,Cruceta,,,67.00,16.00,94.30,0.40,0.25,*,*,*,*,1.06,3.30,*,0.69,*,*,78.00,19.00,5.80,*,*,*,*,*,*,*,*,*,*,*,0.20,0.09,0.03,0.44,2.40,*,*,*,*,*
VERDURAS,"Ejote, cocido",VEGETABLES,"Green Bean, cooked",Phaseolus vulgaris L.,0.90,147.00,35.00,89.22,0.73,0.28,0.06,0.01,0.15,0.00,1.89,7.88,1.55,*,3.60,2.70,44.00,29.00,0.65,1.00,146.00,18.00,0.79,3.02,0.29,0.00,*,700.00,35.00,*,0.42,0.07,0.10,0.61,9.70,0.06,0.00,0.00,33.00,0.00
VERDURAS,"Ejote, de alubia",VEGETABLES,"Green bean, kidney bean",Phaseolus vulgaris L.,0.90,138.00,33.00,90.30,0.30,0.13,*,*,*,*,2.06,6.16,*,1.05,*,*,68.00,44.00,1.25,*,*,*,*,*,*,*,*,*,*,*,0.04,0.08,0.10,0.46,23.80,*,*,*,*,*
VERDURAS,"Ejote, de cachibache",VEGETABLES,"Green Bean, cachibache",Phaseolus vulgaris var.,0.90,176.00,42.00,87.00,0.80,0.28,*,*,*,*,2.75,7.35,*,1.82,*,*,85.00,57.00,2.29,*,*,*,*,*,*,*,*,*,*,*,0.18,0.11,0.10,1.20,19.90,*,*,*,*,*
VERDURAS,Eote e een,VEGETABLES,"Green Bean, espelon",Phaseolus sp.,0.90,280.00,67.00,78.00,1.10,0.50,*,*,*,*,5.50,10.77,*,3.73,*,*,79.00,68.00,4.44,*,*,*,*,*,*,*,*,*,*,*,0.14,0.23,0.14,0.91,18.10,*,*,*,*,*
VERDURAS,"Ejote, de frijol",VEGETABLES,"Green Bean, bean",Phaseolus vulgaris L.,0.90,89.50,21.50,90.70,0.60,0.44,0.05,0.01,0.11,0.00,2.07,2.97,1.90,0.96,2.70,*,47.50,42.50,2.28,6.00,211.00,25.00,0.07,0.24,0.22,0.00,*,99.90,*,*,0.42,0.00,0.09,0.51,11.50,0.14,0.00,0.00,33.00,0.00
VERDURAS,"Ejote, sin hebra, conserva",VEGETABLES,"Green ean itot tendril, preserve",,1.00,540.00,129.00,62.30,1.70,0.64,0.04,0.01,0.09,0.00,2.31,28.50,1.25,4.55,1.50,*,54.00,27.00,0.49,192.00,92.00,13.00,0.04,0.36,0.21,0.00,*,321.00,16.00,*,0.29,0.05,0.04,0.36,8.40,0.03,0.00,0.00,26.00,0.00
VERDURAS,Elote,VEGETABLES,Corn,ea ma L,0.38,63.00,15.00,92.98,0.73,0.20,*,*,*,*,2.15,2.35,*,1.59,*,*,*,*,*,*,*,*,*,*,*,*,*,*,*,*,*,*,*,0.94,*,*,*,*,*,*
VERDURAS,Eote Amario,VEGETABLES,Corn eo,ea ma L,0.38,573.00,137.00,60.60,0.90,1.42,0.33,0.43,0.49,0.00,3.63,32.59,*,0.86,2.00,*,2.00,193.00,2.01,15.00,270.00,37.00,0.05,0.46,0.16,0.00,*,19.98,*,*,0.10,0.18,0.08,2.88,11.30,0.09,0.00,0.00,42.00,0.00
VERDURAS,Elote Blanco,VEGETABLES,Corn White,ea ma L,0.38,309.00,74.00,77.80,0.70,0.71,0.18,0.35,0.56,0.00,3.38,16.72,3.22,0.69,2.70,*,24.00,124.00,1.55,15.00,271.00,37.00,0.05,0.45,0.16,0.00,*,0.00,0.00,*,0.00,0.17,0.09,1.96,9.93,0.06,0.00,0.00,46.00,0.00
VERDURAS,"Elote, cocido",VEGETABLES,"Corn, cooked",ea ma L,0.38,401.00,96.00,73.41,0.71,1.50,0.19,0.37,0.60,0.00,3.41,20.98,4.54,*,4.70,4.60,77.00,0.45,1.00,218.00,26.00,*,0.34,2.10,0.17,0.00,*,263.00,13.00,*,0.07,0.09,0.06,1.68,5.50,0.14,0.00,0.00,23.00,0.00
VERDURAS,"Elote, cocido alcalino",VEGETABLES,"Corn, alkaline cooked",ea ma L,0.38,548.00,131.00,62.10,0.80,1.21,*,*,*,*,3.44,31.54,*,0.91,*,*,10.00,118.00,1.34,*,*,*,*,*,*,*,*,*,*,*,0.00,*,0.08,1.83,0.00,*,*,*,*,*
VERDURAS,"Elote, cocido con sal",VEGETABLES,Corn cooe it at,ea ma L,0.38,468.00,112.00,62.70,0.70,0.98,*,*,*,*,3.25,27.00,*,0.87,*,*,8.00,116.00,*,*,*,*,*,*,*,*,*,*,*,*,0.00,0.11,0.07,1.19,0.00,*,*,*,*,*
VERDURAS,"Elote, congelado",VEGETABLES,"Corn, niblets frozen",,,523.00,124.60,70.60,0.50,3.00,0.12,0.23,0.37,0.00,2.60,21.80,*,1.50,2.40,*,4.00,69.00,0.00,4.23,210.00,18.00,0.04,0.37,0.13,0.00,*,0.00,0.00,*,*,0.08,0.07,1.73,6.40,0.18,0.00,0.00,36.00,0.00
VERDURAS,"Elote, cortado congelado",VEGETABLES,"Corn, cut frozen",,,176.00,41.60,90.70,0.50,2.00,*,*,*,*,1.60,4.30,*,0.90,*,*,*,*,1.25,3.12,*,*,*,*,*,*,*,*,*,*,*,*,*,*,*,*,*,*,*,*
VERDURAS,Eote crema,VEGETABLES,Corn creme,,1.00,527.00,126.00,72.20,1.50,7.50,0.07,0.12,0.20,0.00,1.90,16.40,2.21,0.50,1.20,*,3.00,51.00,0.38,285.00,134.00,17.00,0.05,0.53,0.04,0.00,*,1.00,0.00,*,0.00,0.03,0.05,0.96,4.60,0.06,0.00,0.00,45.00,0.00
VERDURAS,"Elote, rebanado, conserva",VEGETABLES,"Corn, sliced, preserve",,1.00,167.00,40.00,87.90,0.40,0.12,0.16,0.22,0.42,0.00,1.37,10.00,3.04,0.21,2.90,2.80,9.00,27.00,1.43,186.00,138.00,13.00,1.21,1.44,0.11,0.00,*,45.00,2.00,*,0.00,0.01,0.01,0.43,1.60,0.07,0.00,0.00,35.00,0.00
VERDURAS,"Elote, tierno, conserva",VEGETABLES,"Corn, young, preserve",,1.00,335.00,80.00,77.00,1.10,0.84,*,*,*,*,1.26,19.60,*,0.20,*,*,9.00,38.00,3.04,*,*,*,*,*,*,*,*,*,*,*,0.00,0.04,0.02,0.35,1.40,*,*,*,*,*
VERDURAS,"Elote, entero, congelado",VEGETABLES,"Corn, on the cob, frozen",,,485.00,115.60,72.60,0.50,2.40,*,*,*,*,3.10,20.40,*,1.00,*,*,*,*,1.53,4.32,*,*,*,*,*,*,*,*,*,*,*,*,*,*,*,*,*,*,*,*
VERDURAS,Elote Pibil,VEGETABLES,Corn Pibil,,1.00,799.00,191.00,46.40,0.80,2.75,*,*,*,*,6.30,42.94,*,0.81,*,*,18.00,376.00,2.84,*,*,*,*,*,*,*,*,*,*,*,0.00,0.08,0.13,0.80,*,*,*,*,*,*
VERDURAS,Endivia,VEGETABLES,Endive,Sonchus oleraceus,1.00,71.00,17.00,92.00,1.70,0.20,0.05,0.04,0.09,0.00,2.44,3.35,0.25,*,3.10,*,93.00,35.00,12.50,22.00,314.00,15.00,0.10,0.79,0.42,0.00,*,2167.00,108.00,*,4.99,0.07,0.12,0.43,4.70,0.02,0.00,0.00,142.00,0.00
VERDURAS,Epazote,VEGETABLES,ormee,Cenooim ambroioie L,0.95,104.00,25.00,89.70,2.05,0.20,*,*,*,0.00,2.73,4.72,0.20,0.81,5.40,5.30,284.50,42.50,4.71,43.00,633.00,121.00,1.12,2.65,3.10,0.05,*,932.40,*,*,1.42,0.03,0.11,0.51,18.10,0.15,0.00,0.00,215.00,0.00
VERDURAS,Espinaca,VEGETABLES,Spinach,Spinacia oleracea L.,0.85,98.50,23.50,91.72,1.68,0.28,0.06,0.01,0.17,0.00,2.92,1.63,2.20,0.67,2.88,2.60,73.33,33.50,4.91,79.00,558.00,79.00,0.13,0.53,0.90,0.00,*,591.40,*,*,3.34,0.03,0.10,0.47,16.20,0.20,0.00,0.00,194.00,0.00
VERDURAS,"Espinaca, cocida",VEGETABLES,"Spinach, cooked",Spinacia oleracea L.,0.85,96.00,23.00,91.21,1.81,0.26,0.04,0.06,0.09,0.00,2.97,3.75,0.43,*,2.40,1.64,136.00,56.00,3.57,70.00,466.00,87.00,1.03,7.22,0.94,0.00,*,10481.00,524.00,*,6.29,0.10,0.24,0.49,9.80,0.24,0.00,0.00,146.00,0.00
VERDURAS,"Espinaca, congelada",VEGETABLES,"Spinach, frozen",,,159.00,38.30,88.80,2.20,1.50,0.04,0.00,0.08,0.00,2.70,3.50,0.65,1.30,2.90,*,129.00,49.00,1.91,17.05,346.00,75.00,0.14,0.56,0.70,0.01,*,11726.00,586.00,*,7.04,0.09,0.22,0.51,5.50,0.17,0.00,0.00,145.00,0.00
VERDURAS,"Espinaca, conserva",VEGETABLES,"Spinach, preserve",,1.00,88.00,21.00,89.90,2.80,0.18,0.08,0.03,0.21,0.00,3.12,3.32,0.40,0.68,2.40,*,19.00,33.00,2.53,322.00,346.00,76.00,0.18,0.46,0.60,0.00,*,9801.00,490.00,*,4.20,0.02,0.10,0.68,43.50,0.10,0.00,0.00,98.00,0.00
VERDURAS,Espinaca de Malabar,VEGETABLES,Spinach Malabar,Bacella rubra L.,0.85,71.00,17.00,93.00,1.50,0.20,*,*,*,*,1.18,3.56,*,0.56,*,*,346.00,11.00,3.94,*,*,*,*,*,*,*,*,*,*,*,1.97,0.03,0.08,0.36,69.00,*,*,*,*,*
VERDURAS,"Espinaca, harina",VEGETABLES,Sinac or,Spinacea oleracea,1.00,816.00,195.00,6.30,24.80,2.62,*,*,*,*,33.20,25.78,*,7.30,*,*,488.00,469.00,88.00,*,*,*,*,*,*,*,*,*,*,*,2.23,0.98,1.54,7.30,68.20,*,*,*,*,*
VERDURAS,Flores de Calabaza,VEGETABLES,oer Sa oer,Cucurbita sp.,1.00,67.00,16.00,93.90,0.97,0.43,0.04,0.01,0.00,0.00,1.45,2.66,*,0.59,*,*,56.00,143.50,1.09,5.00,173.00,24.00,*,*,*,0.07,*,0.45,*,*,0.80,0.18,0.87,20.05,28.00,*,0.00,0.00,59.00,0.00
VERDURAS,"Flores de Calabaza, cocida",VEGETABLES,oer Sa oer cooked,Cucurbita sp.,1.00,63.00,15.00,95.20,0.33,0.08,0.04,0.01,0.00,0.00,1.09,3.30,2.40,*,0.90,*,37.00,34.00,0.88,6.00,106.00,25.00,1.41,5.38,*,0.00,*,1734.00,87.00,*,1.04,0.02,0.03,0.31,5.00,0.05,0.00,0.00,41.00,0.00
VERDURAS,ore e Garambo,VEGETABLES,oer Garambo Cactus,Mrtiocact eometrian Conoe,1.00,*,*,91.00,0.80,*,*,*,*,*,*,*,*,*,*,*,92.00,27.00,4.40,*,*,*,*,*,*,*,*,0.09,*,*,0.38,0.01,0.47,40.20,*,*,*,*,*,*
VERDURAS,Flores de Maguey,VEGETABLES,oer Mae,Aae atroiren ar,1.00,*,*,91.00,0.60,*,*,*,*,*,0.94,*,*,*,*,*,114.00,27.00,0.90,*,*,*,*,*,*,*,*,0.36,*,*,0.43,0.05,0.21,58.60,*,*,*,*,*,*
VERDURAS,Flores de Nabo,VEGETABLES,oer Trni,Brassica napus L.,1.00,*,*,87.40,1.50,*,*,*,*,*,4.28,*,*,*,*,*,117.00,97.00,3.40,*,*,*,*,*,*,*,*,0.13,*,*,3.66,0.02,1.21,41.60,*,*,*,*,*,*
VERDURAS,Flores de Yuca,VEGETABLES,oer cca,Yucca aloifolia L,1.00,297.00,71.00,90.00,0.70,0.37,*,*,*,*,3.11,17.30,*,1.21,*,*,47.00,73.00,0.50,*,*,*,*,*,*,*,*,0.46,*,*,0.02,0.09,0.58,273.00,*,*,*,*,*,*
VERDURAS,Flores Rosita de Cacao,VEGETABLES,oer Roita e Cacao,Quararibea funebris St,1.00,962.00,230.00,7.40,9.90,1.81,*,*,*,*,14.65,50.24,*,16.00,*,*,1861.00,71.00,2.50,*,*,*,*,*,*,*,*,0.36,*,*,0.00,0.35,8.78,*,*,*,*,*,*,*
VERDURAS,rio e Een reco,VEGETABLES,ean Een re,Phaseolus sp.,1.00,397.00,95.00,66.70,1.90,0.34,*,*,*,*,8.63,19.95,*,2.48,*,*,51.00,171.00,4.05,*,*,*,*,*,*,*,*,*,*,*,0.00,0.40,0.11,1.08,*,*,*,*,*,*
VERDURAS,Frijol nuevo,VEGETABLES,Bean young,Phaseolus vulgaris L. v.,1.00,443.00,106.00,60.70,2.50,0.24,0.20,0.05,0.42,0.00,12.40,20.80,1.48,3.36,4.90,*,104.00,99.00,7.53,8.00,467.00,58.00,0.32,0.78,1.22,0.00,*,209.00,10.00,*,0.00,0.42,0.12,1.41,23.40,0.20,0.00,0.00,34.00,0.00
VERDURAS,Haba verde,VEGETABLES,Faba Bean green,Vicia faba L.,0.60,314.00,75.00,78.00,0.60,0.17,0.14,0.02,0.31,0.00,5.87,13.09,*,2.27,4.20,*,36.00,95.00,0.75,50.00,250.00,38.00,,0.58,*,0.08,*,*,18.00,*,0.24,0.20,0.10,1.64,51.70,0.04,0.00,0.00,96.00,*
VERDURAS,Hediondilla Quelite,VEGETABLES,Gooeoot Lambarter Goosefoot,Cenooim abm L,0.90,*,*,88.00,3.20,*,*,*,*,*,2.11,*,*,*,*,*,160.00,42.00,13.80,*,*,*,*,*,*,*,*,*,*,*,4.33,0.08,0.19,0.30,*,*,*,*,*,*
VERDURAS,Huaunzontle,VEGETABLES,Goosefoot,Cenooim ntaiae Sa,0.80,310.00,77.50,76.07,4.35,0.49,*,*,*,*,4.60,16.39,*,3.32,*,*,139.00,82.50,6.09,*,*,*,*,*,*,0.01,*,905.76,*,*,*,0.23,0.37,0.46,47.57,*,*,*,*,*
VERDURAS,"Huaunzontle, cocido",VEGETABLES,"Goosefoot, cooked",Cenooim ntaiae Sa,0.80,*,*,*,*,*,*,*,*,*,*,*,*,*,8.90,8.20,*,*,*,*,*,*,1.41,4.20,*,*,*,*,*,*,*,*,*,*,*,*,*,*,*,*
VERDURAS,Ibes,VEGETABLES,Sieva Bean,Phaseolus lunatus L.,1.00,449.00,107.00,62.60,1.70,0.34,*,*,*,*,10.40,22.14,*,2.82,*,*,44.00,148.00,1.49,*,*,*,*,*,*,*,*,*,*,*,0.00,0.03,0.14,0.86,16.50,*,*,*,*,*
VERDURAS,itomate boa in ccara emia,VEGETABLES,Tomato itot ee an eee,Lcoericm ecentm Mi,0.88,54.00,13.00,94.63,0.63,0.12,0.03,0.03,0.08,0.00,0.69,1.30,1.50,0.70,1.10,1.00,10.50,24.67,0.39,5.00,237.00,11.00,0.66,2.34,0.11,0.00,*,329.67,*,*,4.56,0.05,0.07,0.64,17.53,0.08,0.00,0.00,15.00,0.00
VERDURAS,itomate cotai con amea,VEGETABLES,Tomato coctai it cam,,1.00,163.00,39.00,89.45,1.05,0.10,*,*,*,*,0.43,10.07,*,0.20,*,*,7.60,*,0.47,212.53,62.96,*,*,*,*,*,*,0.00,*,*,*,0.00,0.00,0.18,0.00,*,*,*,*,*
VERDURAS,itomate eao conserva,VEGETABLES,Tomato eee reere,,1.00,92.00,22.00,92.20,1.13,0.21,*,*,*,*,1.00,4.83,2.00,0.52,0.90,*,16.00,26.33,0.77,29.00,270.00,11.00,0.11,0.30,0.10,0.00,*,*,22.00,*,0.49,0.07,0.02,0.78,17.87,0.11,0.00,25.00,*,0.00
VERDURAS,itomate eiratao,VEGETABLES,Tomato oere,,1.00,1276.00,305.00,8.00,6.20,0.00,0.06,0.07,0.18,0.00,8.00,77.80,43.90,0.00,16.50,*,166.00,295.00,4.56,134.00,1927.00,178.00,1.24,1.70,1.95,0.01,*,17247.00,862.00,*,10.35,0.91,0.76,9.13,116.70,0.46,0.00,0.00,120.00,0.00
VERDURAS,itomate o,VEGETABLES,Tomato ice,,1.00,71.00,16.00,93.50,1.06,0.31,0.00,0.00,0.00,0.00,0.69,3.43,2.88,0.28,0.80,*,3.00,14.00,1.61,280.00,177.00,11.00,0.12,0.15,0.01,0.00,*,25.37,*,*,0.35,0.17,0.03,1.18,11.75,0.11,0.00,0.00,20.00,*
VERDURAS,itomate r conera,VEGETABLES,Tomato re reere,,1.00,141.00,34.00,88.70,0.90,0.00,0.03,0.03,0.09,0.00,1.24,8.60,4.83,0.00,1.90,*,22.00,30.00,0.70,28.00,439.00,23.00,*,0.36,*,*,*,510.00,26.00,*,0.57,0.07,0.00,1.20,21.70,0.13,0.00,*,11.00,0.00
VERDURAS,itomate aa Cat,VEGETABLES,Tomato etc,,1.00,220.00,53.00,82.30,1.90,0.23,*,*,*,*,2.56,12.47,*,0.30,*,*,35.00,34.00,0.77,*,*,*,*,*,*,*,*,*,*,*,0.94,0.09,0.02,1.11,21.80,*,*,*,*,*
VERDURAS,itomate oa,VEGETABLES,Tomato o,,1.00,150.00,36.00,87.60,1.80,0.44,0.12,0.14,0.16,0.00,1.06,8.41,*,0.69,1.10,*,36.00,28.00,1.97,377.00,562.00,14.00,*,0.18,*,*,*,392.00,2.00,*,0.38,0.02,0.00,1.04,5.20,0.09,0.00,*,0.00,0.00
VERDURAS,itomatio,VEGETABLES,Tomatio,,1.00,125.00,30.00,89.80,1.20,0.11,0.01,0.01,0.04,*,1.50,7.12,*,0.27,*,*,59.00,64.00,5.98,8.00,207.00,11.00,*,0.11,*,*,*,*,500.00,*,*,0.12,0.06,0.98,85.00,0.05,0.00,9.00,*,*
VERDURAS,Lechuga,VEGETABLES,Lettuce,Lactuca sativa L.,1.00,67.00,16.00,95.17,0.50,0.09,0.04,0.01,0.16,0.00,1.37,3.53,0.90,0.57,1.37,1.20,25.00,36.50,0.02,8.00,247.00,14.00,0.48,4.78,0.16,0.00,*,385.93,*,*,0.41,0.10,0.05,0.33,9.20,0.07,0.00,0.00,136.00,0.00
VERDURAS,Lengua de Vaca,VEGETABLES,CoS Tone,Rme cri L,1.00,81.00,19.50,92.40,1.40,0.30,*,*,*,*,1.89,3.61,*,0.92,*,*,73.50,56.00,5.62,*,*,*,*,*,*,*,*,*,*,*,3.17,0.06,0.04,0.56,29.80,*,*,*,*,*
VERDURAS,"Lengua de Vaca, hoja eirataa aata",VEGETABLES,Lena e Vaca co ton- e r eae aata,,,841.00,201.00,8.30,17.80,3.10,*,*,*,*,22.50,33.60,*,*,*,*,704.47,*,73.84,25.36,4672.83,317.85,0.00,3.50,*,*,*,4073.91,*,*,7390.37,0.00,0.57,*,0.00,*,*,*,*,*
VERDURAS,"Macuilquilit, hoja eirataa oatecan",VEGETABLES,"Macuilquilit, dry leaves oatecan",,,715.00,171.00,5.80,20.20,3.20,*,*,*,*,20.40,26.40,*,*,*,*,3247.24,*,29.89,30.40,1813.27,157.64,0.00,4.71,*,*,*,55309.06,*,*,99655.96,0.00,1.57,*,0.00,*,*,*,*,*
VERDURAS,"Mafafa, hoja deshidratada Totocan ocitn",VEGETABLES,"Mafafa, dry leaves Totocan ocitn",,,1004.00,240.00,4.60,12.20,8.60,*,*,*,*,30.40,26.40,*,*,*,*,947.29,*,21.71,21.81,1846.24,270.91,0.00,5.33,*,*,*,12877.76,*,*,23203.17,0.00,1.18,*,4.93,*,*,*,*,*
VERDURAS,Malva,VEGETABLES,Mao,Malva spp,0.85,130.00,31.00,89.03,2.35,0.56,*,*,*,*,2.23,3.89,*,0.88,3.47,1.04,242.00,36.50,9.73,*,689.00,82.00,0.33,2.20,1.20,*,*,15940.71,*,*,2.35,0.09,0.19,0.45,45.15,*,*,*,*,*
VERDURAS,Manania or,VEGETABLES,Camomie oer,,1.00,*,*,*,*,*,*,*,*,*,*,*,0.30,*,*,*,*,*,*,*,*,*,*,*,*,*,*,*,*,*,*,*,*,*,*,*,*,*,*,*
VERDURAS,"Manzanilla, té",VEGETABLES,Camomie tea,,1.00,937.00,224.00,8.50,10.00,2.30,*,*,*,*,12.80,48.50,*,17.90,*,*,*,*,*,184.00,2138.60,*,*,*,*,*,*,*,*,*,*,*,*,*,*,*,*,*,*,*
VERDURAS,"Nabo, hoja",VEGETABLES,"Turnip, leaves",Brassica napus L.,0.42,242.00,58.00,84.64,0.90,1.74,0.07,0.02,0.12,0.00,3.12,4.30,*,2.03,2.60,*,135.50,38.50,6.10,40.00,296.00,31.00,*,0.19,*,*,*,*,579.00,*,3.06,0.08,0.15,2.67,120.45,0.26,0.00,0.00,194.00,*
VERDURAS,Nopal,VEGETABLES,Cactus,Opuntia sp.,1.00,101.00,24.00,91.43,1.20,0.26,0.02,0.02,0.05,0.00,1.45,5.10,0.20,0.97,2.20,*,93.00,23.50,2.34,21.00,257.00,52.00,0.05,0.25,0.46,0.00,*,266.40,*,*,0.38,0.03,0.06,0.27,15.10,0.07,0.00,0.00,3.00,0.00
VERDURAS,"Nopal, cocido",VEGETABLES,"Cactus, cooked",Opuntia sp.,1.00,65.00,15.00,94.31,1.01,0.05,0.01,0.01,0.02,0.00,1.35,3.28,1.12,*,3.50,2.70,164.00,16.00,0.50,20.00,195.00,47.00,0.50,1.53,0.41,0.00,*,443.00,22.00,*,0.24,0.01,0.04,0.30,5.30,0.07,0.00,0.00,3.00,0.00
VERDURAS,"Nopal, deshidratado",VEGETABLES,"Nopal Paddles, dehydrated",,1.00,888.00,212.00,5.15,22.30,1.70,*,*,*,*,5.47,52.25,*,12.80,53.30,46.98,4458.36,*,11.61,4.22,3532.55,1150.64,0.08,1.06,*,*,*,*,*,*,*,*,*,*,*,*,*,*,*,*
VERDURAS,"Nopal, forrajero",VEGETABLES,"Cactus, fodder",,0.78,92.00,22.00,91.50,1.21,0.23,*,*,*,*,1.02,4.94,*,1.10,*,*,*,*,*,*,*,*,*,*,*,*,*,29.80,*,*,*,*,*,*,9.80,*,*,*,*,*
VERDURAS,"Nopal, pastilla",VEGETABLES,"Cactus, pill",,1.00,991.00,237.00,8.90,15.10,2.90,*,*,*,*,11.30,51.80,*,10.10,*,*,*,*,*,*,*,*,*,*,*,*,*,*,*,*,*,*,*,*,*,*,*,*,*,*
VERDURAS,"Nopal, tierno",VEGETABLES,"Cactus, young",Noaea coceniiera Sam,1.00,17.00,4.00,90.80,0.90,0.10,*,*,*,*,1.31,0.13,*,0.76,*,*,204.00,17.00,2.66,*,*,*,*,*,*,*,*,*,*,*,0.50,0.03,0.04,0.44,15.90,*,*,*,*,*
VERDURAS,"Nopal, tunero",VEGETABLES,Cact it ric ear,,0.78,79.00,19.00,92.00,1.20,0.08,*,*,*,*,1.26,4.21,*,1.14,*,*,*,*,*,*,*,*,*,*,*,*,*,18.40,*,*,*,*,*,*,10.40,*,*,*,*,*
VERDURAS,Oregano de Castilla,VEGETABLES,Oregano Castilla,Coe aromatic ent,1.00,63.00,15.00,94.40,1.20,0.42,*,*,*,*,0.87,2.61,*,0.50,*,*,232.00,8.00,3.92,*,*,*,*,*,*,*,*,,*,*,1.12,0.03,0.07,0.20,11.00,*,*,*,*,*
VERDURAS,Oregano de la Tierra,VEGETABLES,Oregano Earth,Lippia graveolens H.B.K.,1.00,364.00,87.00,69.20,2.60,1.48,*,*,*,*,5.00,17.60,*,4.12,*,*,649.00,56.00,5.32,*,*,*,*,*,*,*,*,,*,*,8.38,0.39,0.04,1.64,61.60,*,*,*,*,*
VERDURAS,Papaloquelite,VEGETABLES,Papaloquelite,orom taetoie C,0.80,71.00,17.00,93.20,0.90,0.32,*,*,*,*,1.78,2.90,*,0.92,*,*,361.00,31.00,2.35,*,*,*,*,*,*,0.02,*,1122.21,*,*,1.16,0.08,0.20,0.31,18.80,*,*,*,*,*
VERDURAS,Pepino,VEGETABLES,Ccmber,Ccmi ati L,0.83,52.00,13.00,95.20,0.45,0.18,0.04,0.01,0.03,0.00,0.87,2.44,0.40,0.87,0.89,0.70,18.00,20.00,2.50,2.00,147.00,13.00,0.99,3.30,0.08,0.00,*,9.99,*,*,0.01,0.03,0.04,0.35,12.90,0.04,0.00,0.00,7.00,0.00
VERDURAS,eino e Árbo at,VEGETABLES,Ccmber e Árbo at,armentiera ei C,0.83,171.00,41.00,87.60,0.30,0.09,*,*,*,*,1.43,10.23,*,0.35,*,*,14.00,29.00,3.18,*,*,*,*,*,*,*,*,*,*,*,0.02,0.06,0.06,1.96,4.80,*,*,*,*,*
VERDURAS,eino e Aria at,VEGETABLES,Ccmber at,armentiera aceata,0.83,297.00,71.00,60.80,3.70,4.94,*,*,*,*,4.55,5.14,*,20.87,*,*,55.00,146.00,9.20,*,*,*,*,*,*,*,*,*,*,*,0.14,0.20,0.10,1.17,26.00,*,*,*,*,*
VERDURAS,"Pepino Picles, con cáscara, conserva",VEGETABLES,"Ccmber ice it peel, preserve",,1.00,46.00,11.00,94.10,2.70,0.47,0.04,0.00,0.06,0.00,0.62,1.49,1.31,0.62,1.10,*,61.00,21.00,1.54,875.00,92.00,7.00,0.03,0.11,0.05,0.00,*,183.00,9.00,*,0.04,0.01,0.02,0.06,3.40,0.02,0.00,0.00,1.00,0.00
VERDURAS,"Pepino Picles, sin cáscara, conserva",VEGETABLES,Ccmber ice itot ee reere,,1.00,8.00,2.00,98.30,0.70,0.07,*,*,*,*,0.25,0.35,*,0.33,*,*,22.00,4.00,1.44,*,*,*,*,*,*,*,*,*,*,*,0.05,0.00,0.01,0.00,1.70,*,*,*,*,*
VERDURAS,"Perejil, fresco",VEGETABLES,Parsley,Carm etroeinm ent,1.00,268.00,64.00,82.35,2.40,2.35,0.13,0.30,0.12,0.00,2.12,10.93,0.85,1.80,4.60,4.40,175.50,53.00,4.10,56.00,554.00,50.00,1.14,3.69,0.16,0.06,*,8424.00,421.00,*,4.74,0.16,0.32,1.64,232.60,0.09,0.00,0.00,152.00,0.00
VERDURAS,imiento e Tabaco hoja,VEGETABLES,"Pepper Tabasco, leaf",imenta oficinai Line,1.00,351.00,84.00,69.10,2.60,1.46,*,*,*,*,4.12,17.30,*,5.42,*,*,557.00,51.00,2.95,*,*,*,*,*,*,*,*,*,*,*,4.71,0.06,0.10,0.71,56.60,*,*,*,*,*
VERDURAS,imiento Morrn,VEGETABLES,eer Seet Re,Caicm ecen,0.85,159.00,38.00,87.32,0.65,0.39,0.06,0.01,0.06,0.00,1.09,9.12,1.20,1.43,1.70,*,10.00,20.00,0.34,3.00,175.00,10.00,0.07,0.13,0.12,0.00,*,2284.38,*,*,*,0.06,0.03,0.48,80.40,0.22,0.00,0.00,10.00,0.00
VERDURAS,"Quelite Absoquilit, seco",VEGETABLES,"eite i Sinac Absoquilit, dry",,,845.00,202.00,3.30,19.40,2.30,*,*,*,*,28.10,31.90,*,15.00,*,*,3045.24,*,49.06,20.69,1524.77,250.06,0.45,2.89,*,*,*,60.21,*,*,*,0.07,0.98,9.27,*,*,*,*,*,*
VERDURAS,"Quelite Alache, fresco",VEGETABLES,"eite i Sinac Alache, fresh",Crotaaria mia,0.46,200.83,48.00,82.80,*,0.20,*,*,*,*,4.40,10.00,*,*,*,*,245.03,101.75,2.17,2.86,698.39,57.86,0.14,0.38,*,*,*,*,*,*,*,0.06,0.18,0.99,61.59,*,*,*,*,*
VERDURAS,eite Amoiit eco,VEGETABLES,eite i Sinac Amoiit r,,,841.00,201.00,4.20,20.10,1.70,*,*,*,*,24.90,35.30,*,13.80,*,*,1057.29,*,15.89,6.18,1983.88,399.37,1.32,3.68,*,*,*,1586.43,*,*,*,0.02,1.32,3.65,*,*,*,*,*,*
VERDURAS,Quelite Cenizo,VEGETABLES,Goosefoot,Cenooim meicanm Mo,0.82,121.00,29.00,86.05,3.70,0.42,*,*,*,*,4.79,4.00,*,1.05,*,*,150.00,59.00,3.57,*,*,*,*,*,*,0.02,*,4422.24,*,*,5.85,0.15,0.19,0.85,40.10,*,*,*,*,*
VERDURAS,"Quelite Chayoquilit, seco",VEGETABLES,"eite i Sinac Chayoquilit, dry",,,803.00,192.00,4.30,14.70,1.20,*,*,*,*,33.40,28.20,*,18.20,*,*,430.34,*,10.06,7.22,1649.38,331.78,1.93,6.18,*,*,*,995.62,*,*,*,0.03,1.61,5.60,*,*,*,*,*,*
VERDURAS,"Quelite, cocido",VEGETABLES,"Goosefoot, cooked",Cenooim meicanm Mo,0.82,*,*,*,*,*,*,*,*,*,*,*,*,*,4.00,3.50,*,*,*,*,*,*,1.26,3.68,*,*,*,*,*,*,*,*,*,*,*,*,*,*,*,*
VERDURAS,Quelite Esoquilit,VEGETABLES,eite i Sinac Esoquilit,,,1312.20,308.90,4.30,8.30,2.50,*,*,*,*,34.40,37.20,*,13.30,*,*,727.23,164.05,6.81,14.11,3382.32,234.57,0.00,5.01,*,*,*,542.97,*,*,978.32,*,1.31,7.82,1.47,*,*,*,*,*
VERDURAS,"Quelite Etquiltapan, seca",VEGETABLES,"eite i Sinac Etquiltapan, dry",,,891.00,213.00,2.60,13.70,1.40,*,*,*,*,27.80,37.40,*,17.10,*,*,1323.96,*,26.41,4.01,1916.14,208.96,0.50,2.68,*,*,*,2697.60,*,*,*,0.07,1.16,6.36,*,*,*,*,*,*
VERDURAS,Quelite Gasparito,VEGETABLES,eite i Sinac Gasparito,,,1165.70,264.40,4.70,10.10,2.00,*,*,*,*,27.90,36.20,*,19.10,*,*,1021.81,183.46,2.29,20.11,3263.82,211.03,0.00,3.50,*,*,*,1013.72,*,*,1826.53,*,0.94,5.29,4.20,*,*,*,*,*
VERDURAS,eite Gía e Aern seco,VEGETABLES,eite i Sinac Gía e Aern r,,,929.00,222.00,3.30,10.30,3.50,*,*,*,*,46.60,22.10,*,14.20,*,*,332.63,*,15.05,14.33,2562.18,230.67,1.28,6.39,*,*,*,472.34,*,*,*,0.03,1.55,4.96,*,*,*,*,*,*
VERDURAS,"Quelite Huihuila, seco",VEGETABLES,"eite i Sinac Huihuila, dry",,,494.00,118.00,5.60,25.50,2.10,*,*,*,*,16.90,16.70,*,33.20,*,*,1724.84,*,17.97,6.74,2129.10,163.35,0.64,10.58,*,*,*,1243.75,*,*,*,0.01,2.72,4.23,*,*,*,*,*,*
VERDURAS,eite Imiite Roo,VEGETABLES,eite i Sinac Re Imiite,,,1226.10,288.16,4.60,9.40,1.80,*,*,*,*,34.80,33.30,*,16.10,*,*,646.32,176.43,17.67,19.50,3967.74,311.19,0.28,5.41,*,*,*,196.23,*,*,353.56,*,0.67,9.91,4.62,*,*,*,*,*
VERDURAS,"Quelite Iztaquilit, seco",VEGETABLES,"eite i Sinac Iztaquilit, dry",,,795.00,190.00,4.70,25.00,0.90,*,*,*,*,24.20,34.00,*,11.20,*,*,3120.10,*,53.83,29.71,1908.45,600.34,0.69,4.48,*,*,*,1058.03,*,*,*,0.01,1.14,3.15,*,*,*,*,*,*
VERDURAS,Quelite Nexuaquilit,VEGETABLES,eite i Sinac Nexuaquilit,,,997.00,234.70,4.00,28.40,1.90,*,*,*,*,24.60,29.80,*,11.30,*,*,3097.70,152.09,3.80,8.56,6733.50,314.53,0.00,6.30,*,*,*,101.60,*,*,183.06,*,1.51,4.21,2.76,*,*,*,*,*
VERDURAS,"Quelite Ohuaquilit, seco",VEGETABLES,"eite i Sinac Ohuaquilit, dry",,,858.00,205.00,4.10,17.90,1.80,*,*,*,*,22.80,37.70,*,15.70,*,*,1187.53,*,85.06,4.90,1525.37,302.43,1.22,4.84,*,*,*,*,*,*,*,0.01,1.22,4.04,*,*,*,*,*,*
VERDURAS,eite Omeeite,VEGETABLES,eite i Sinac Omeeite,,,1261.30,296.90,4.40,12.10,2.10,*,*,*,*,29.80,39.70,*,11.90,*,*,693.71,183.94,13.16,32.01,4912.85,459.15,0.61,4.80,*,*,*,2591.61,*,*,4669.88,*,0.80,6.69,2.72,*,*,*,*,*
VERDURAS,"Quelite Papaloquilit, seco",VEGETABLES,"eite i Sinac Papaloquilit, dry",,,920.50,220.00,4.00,14.00,2.20,*,*,*,*,23.10,40.70,*,16.00,*,*,3717.28,*,8.49,3.13,1165.89,387.18,1.45,2.97,*,*,*,1951.25,*,*,*,0.07,1.07,3.59,*,*,*,*,*,*
VERDURAS,eite Tomatiit eco,VEGETABLES,eite i Sinac Tomatiit r,,,858.00,205.00,3.30,14.10,1.50,*,*,*,*,27.90,34.70,*,18.50,*,*,2383.61,*,18.64,14.26,2018.32,433.29,3.04,5.05,*,*,*,960.55,*,*,*,0.00,1.64,4.43,7.33,*,*,*,*,*
VERDURAS,eite atotome,VEGETABLES,eite i Sinac atotome,,,1199.60,282.40,4.00,15.20,2.40,*,*,*,*,30.80,34.40,*,13.20,*,*,1462.55,196.39,27.98,22.77,5963.59,384.02,0.95,4.73,*,*,*,1531.44,*,*,2759.36,*,1.36,5.56,4.41,*,*,*,*,*
VERDURAS,"Quelite Xiciyoli, seco",VEGETABLES,"eite i Sinac Xiciyoli, dry",,,870.00,208.00,2.50,18.20,1.80,*,*,*,*,11.70,46.00,*,20.20,*,*,1139.20,*,7.15,21.24,1709.54,373.72,0.74,4.07,*,*,*,20.81,*,*,*,0.03,1.15,2.01,*,*,*,*,*,*
VERDURAS,"Quintonil Rojo, hoja eirataa oatecan",VEGETABLES,intonie Amarant ibri L Re r ea oatecan,,,824.00,197.00,6.50,22.65,3.85,*,*,*,*,21.70,31.25,*,*,*,*,2385.39,*,14.86,13.52,2609.14,470.72,0.00,4.51,*,*,*,*,*,*,*,0.00,0.86,*,2.33,*,*,*,*,*
VERDURAS,Romerito,VEGETABLES,Romerito,Dondia sufrutencona,0.60,*,*,92.00,1.80,*,*,*,*,*,3.61,*,*,*,*,*,41.00,18.00,2.50,*,*,*,*,*,*,*,*,2387.61,*,*,2.76,0.12,0.08,0.30,4.40,*,*,*,*,*
VERDURAS,Romerito cocio,VEGETABLES,Romerito cooe,Dondia sufrutencona,1.00,*,*,*,*,*,*,*,*,*,*,*,*,*,2.32,1.90,*,*,*,*,*,*,1.07,3.60,*,*,*,*,*,*,*,*,*,*,*,*,*,*,*,*
VERDURAS,Shorure,VEGETABLES,Tansy Mustard,Simbrim,,100.00,24.00,90.20,1.70,0.49,*,*,*,*,1.50,4.73,*,1.38,*,*,214.00,51.00,5.57,*,*,*,*,*,*,*,*,*,*,*,1.28,0.03,0.04,1.47,42.60,*,*,*,*,*
VERDURAS,Tomate Vere,VEGETABLES,Tomato Green,ai cotomat Moc et Se,0.86,93.00,22.00,92.40,0.80,0.06,*,*,*,*,1.12,4.10,3.00,1.33,*,*,20.33,12.50,0.87,*,*,*,*,*,*,*,*,*,*,*,0.05,0.07,0.04,2.05,13.60,*,*,*,*,*
VERDURAS,Tomate Vere cocio,VEGETABLES,"Tomato Meican Groundcherry, cooked",ai cotomat Moc et Se,1.00,*,*,*,*,*,*,*,*,*,*,*,*,*,1.60,1.50,*,*,*,*,*,*,0.84,2.53,*,*,*,*,*,*,*,*,*,*,*,*,*,*,*,*
VERDURAS,Tomate Vere conera,VEGETABLES,"Tomato Meican Gron- cherry, preserved",,1.00,113.00,27.00,90.70,1.20,0.66,*,*,*,*,0.12,6.00,*,1.32,*,*,15.00,25.00,1.30,*,*,*,*,*,*,*,*,*,*,*,0.09,0.05,0.01,0.78,1.30,*,*,*,*,*
VERDURAS,Tomie,VEGETABLES,Tomie,,,128.00,31.00,86.40,2.40,0.04,*,*,*,*,3.50,6.33,*,1.33,*,*,386.00,63.00,6.88,*,*,*,*,*,*,*,*,*,*,*,3.14,0.07,0.18,0.80,45.70,*,*,*,*,*
VERDURAS,Vario combinacin Caiornia brocoi coior anaoria congelada,VEGETABLES,Miceaneo Caiornia mi broccoi caioer an carrot roen,,1.00,163.00,39.10,90.10,0.70,1.50,*,*,*,*,1.30,5.10,*,1.30,*,*,*,*,3.68,30.67,*,*,*,*,*,*,*,*,*,*,*,*,*,*,*,*,*,*,*,*
VERDURAS,Vario combinacin Inerna brocoi coior coneaa,VEGETABLES,Miceaneo Inierno mi broccoi caioer roen,,1.00,151.00,36.20,91.10,0.70,1.80,*,*,*,*,2.10,2.90,*,1.40,*,*,*,*,2.02,24.26,*,*,*,*,*,*,*,*,*,*,*,*,*,*,*,*,*,*,*,*
VERDURAS,Vario combinacin obana eote caabaa cie obano congelada,VEGETABLES,"Miceaneo eba mi (corn, squash and chile obano roen",,1.00,180.00,43.30,89.30,0.50,1.30,*,*,*,*,1.50,6.40,*,1.00,*,*,*,*,3.12,9.36,*,*,*,*,*,*,*,*,*,*,*,*,*,*,*,*,*,*,*,*
VERDURAS,"Vario combinacin rimaera (chicharo, papa, zanahoria y eote coneaa",VEGETABLES,Miceaneo rimaera mi ea otato carrot an corn frozen,,1.00,263.00,83.10,79.70,0.50,2.30,*,*,*,*,3.20,12.40,*,1.90,*,*,*,*,0.00,21.18,*,*,*,*,*,*,*,*,*,*,*,*,*,*,*,*,*,*,*,*
VERDURAS,Vario arnicin brocoi coior anaoria eote congelada,VEGETABLES,Miceaneo arnicin mi broccoi caioer carrot an corn roen,,1.00,230.00,55.20,87.80,0.60,2.80,*,*,*,*,2.30,5.20,*,1.30,*,*,*,*,1.62,17.26,*,*,*,*,*,*,*,*,*,*,*,*,*,*,*,*,*,*,*,*
VERDURAS,Vario combinacin erra deshidratadas sabor a pollo,VEGETABLES,"Miscellaneous, dehydrated eetabe cicen aor ben",,1.00,1487.47,350.02,8.50,2.93,0.46,*,*,*,*,13.66,72.81,*,1.64,*,*,*,*,*,*,*,*,*,*,*,*,*,*,*,*,*,*,*,*,*,*,*,*,*,*
VERDURAS,Verdolaga,VEGETABLES,Purslane,Portulaca oleracea L.,0.82,86.00,21.00,91.03,2.15,0.47,*,*,*,0.00,2.20,2.38,*,0.99,*,*,90.57,25.21,4.09,13.70,793.78,92.02,1.23,3.31,0.30,0.04,*,399.60,*,*,2.92,0.02,0.10,0.46,10.38,0.07,0.00,0.00,12.00,0.00
VERDURAS,Verdolaga,VEGETABLES,Purslane,Portulaca oleracea L.,0.52,84.00,20.00,94.35,1.36,0.36,*,*,*,0.00,2.03,3.39,*,*,*,*,210.07,87.66,5.22,8.53,718.70,125.71,0.12,0.85,0.30,0.90,*,1320.00,66.00,*,*,0.00,0.12,0.75,6.96,0.07,0.00,0.00,12.00,0.00
VERDURAS,"Verdura, jugo",VEGETABLES,"Vegetable, juice",,1.00,85.25,20.50,94.04,1.13,0.25,*,*,*,*,0.68,4.10,*,0.63,0.60,*,12.15,*,0.51,265.17,94.35,*,*,*,*,*,*,4.01,*,*,*,0.01,0.02,0.51,10.93,*,*,*,*,*
VERDURAS,Verra meca deshidratada con sabor a pollo,VEGETABLES,Veetabe mi it cicen aor,,,1648.00,394.24,9.90,2.81,0.40,*,*,*,*,11.32,75.49,*,0.08,*,*,178.82,193.91,4.63,225.26,891.56,175.15,0.44,17.16,*,*,*,*,*,*,*,*,*,*,*,*,*,*,*,*
VERDURAS,"Verdura, sopa",VEGETABLES,"Vegetable, soup",,1.00,368.00,88.00,85.45,1.80,7.20,*,*,*,*,2.60,5.40,*,1.80,*,*,*,*,*,*,*,*,*,*,*,*,*,*,*,*,*,*,*,*,*,*,*,*,*,*
VERDURAS,"Verdura, sopa con pasta",VEGETABLES,Veetabe o it ata,,1.00,351.00,84.00,83.60,2.20,6.10,*,*,*,*,2.90,4.30,*,0.90,*,*,*,*,*,*,*,*,*,*,*,*,*,*,*,*,*,*,*,*,*,*,*,*,*,*
VERDURAS,"Verdura, sopa con pollo",VEGETABLES,"Vegetable, soup it cicen",,1.00,146.00,35.00,87.90,2.80,1.30,*,*,*,*,3.80,1.90,*,2.30,*,*,*,*,*,*,*,*,*,*,*,*,*,*,*,*,*,*,*,*,*,*,*,*,*,*
VERDURAS,Maan Momo,VEGETABLES,Maan Momo,ier aritm,1.00,230.00,55.00,80.40,2.50,1.82,*,*,*,*,4.25,8.23,*,2.80,*,*,317.00,49.00,4.80,*,*,*,*,*,*,*,*,*,*,*,5.95,0.12,0.28,1.97,49.00,*,*,*,*,*
VERDURAS,"Yerbabuena, hoja",VEGETABLES,eermint eae,Mentha sp.,1.00,195.00,47.00,85.30,1.80,1.63,*,*,*,*,3.12,7.72,0.20,1.24,*,*,99.00,37.00,7.92,*,*,*,*,*,*,*,*,*,*,*,5.96,0.15,0.28,0.97,100.50,*,*,*,*,*
VERDURAS,"Yerbabuena, té",VEGETABLES,eermint tea,Mentha piperita,1.00,857.00,205.00,6.70,8.40,2.10,*,*,*,*,11.90,44.40,*,26.50,*,*,*,*,*,105.40,596.00,*,*,*,*,*,*,*,*,*,*,*,*,*,*,*,*,*,*,*
TURCULOS ULOS RACES,Ajo,"TUBERS, BULBS AND ROOTS",Garlic,Aim atim L,1.00,546.00,129.00,62.00,1.40,0.32,0.09,0.01,0.25,0.00,4.60,28.90,1.00,1.61,2.10,*,19.00,128.00,1.49,17.00,401.00,25.00,0.30,1.16,1.67,0.03,*,0.00,0.00,*,0.06,0.08,0.11,0.86,10.66,1.24,0.00,5.69,3.00,0.00
TURCULOS ULOS RACES,"Ajo, deshidratado moio","TUBERS, BULBS AND ROOTS","Garlic, dehydrated and ground",,1.00,1272.00,304.00,8.37,8.91,0.66,0.25,0.12,0.18,0.00,14.33,60.24,2.43,7.49,9.00,*,79.00,414.00,5.65,60.00,1193.00,77.00,0.53,2.99,0.98,0.02,*,0.00,0.00,*,0.00,0.44,0.14,0.80,1.20,1.65,0.00,0.00,47.00,0.00
TURCULOS ULOS RACES,Betabel,"TUBERS, BULBS AND ROOTS",Beetroot,Beta vulgaris L.,0.90,177.00,42.00,83.80,0.75,0.15,0.03,0.03,0.06,0.00,2.18,1.94,5.60,2.05,2.80,2.05,21.50,48.00,1.48,78.00,325.00,23.00,0.08,0.35,0.33,0.02,*,0.00,2.00,0.01,0.00,0.05,0.05,0.35,19.85,0.07,0.00,0.00,109.00,0.00
TURCULOS ULOS RACES,"Betabel, cocido","TUBERS, BULBS AND ROOTS","Beetroot, cooked",Beta vulgaris L.,0.90,184.00,44.00,87.06,1.12,0.18,0.03,0.04,0.06,0.00,1.68,9.96,7.96,*,1.97,1.70,16.00,38.00,0.79,77.00,305.00,23.00,0.66,2.45,0.33,0.70,*,35.00,2.00,*,0.02,0.03,0.04,0.33,3.60,0.07,0.00,0.00,80.00,0.00
TURCULOS ULOS RACES,"Betabel, deshidratado","TUBERS, BULBS AND ROOTS",eetroot oer,,1.00,1410.00,337.00,5.80,9.40,4.60,*,*,*,*,12.10,61.70,*,6.40,*,*,*,*,*,*,*,*,*,*,*,*,*,*,*,*,*,*,*,*,*,*,*,*,*,*
TURCULOS ULOS RACES,Cabeza de Negro,"TUBERS, BULBS AND ROOTS",Waterlily,Nmaea eean oo,,653.00,156.00,55.90,0.90,0.27,*,*,*,*,7.95,34.54,*,0.44,*,*,55.00,153.00,2.78,*,*,*,*,*,*,*,*,*,*,*,0.00,0.17,0.04,6.51,0.70,*,*,*,*,*
TURCULOS ULOS RACES,Camote,"TUBERS, BULBS AND ROOTS",Seet otato Roe,Iomoea batata,1.00,432.00,103.00,64.75,0.90,0.75,0.00,0.00,0.00,0.00,0.85,27.56,4.00,1.02,3.00,1.51,37.00,34.00,2.32,55.00,337.00,25.00,0.15,0.30,0.26,0.02,*,2281.05,*,*,0.45,0.09,0.04,0.90,24.78,0.21,0.00,0.00,11.00,0.00
TURCULOS ULOS RACES,Camote aao,"TUBERS, BULBS AND ROOTS",Seet otato bae,Iomea batata Lam,1.00,519.00,124.00,61.90,1.30,0.12,*,*,*,*,1.13,34.47,*,1.08,*,*,28.00,42.00,1.38,*,*,*,*,*,*,*,*,*,*,*,0.00,0.09,0.04,0.94,37.10,*,*,*,*,*
TURCULOS ULOS RACES,Camote cocio,"TUBERS, BULBS AND ROOTS",Seet otato cooe,Iomea batata Lam,1.00,540.00,129.00,71.10,1.00,0.13,0.03,0.00,0.06,0.00,0.81,36.17,5.74,0.79,2.50,*,27.00,32.00,2.49,27.00,230.00,18.00,0.09,0.20,0.27,0.00,*,15740.00,787.00,*,0.00,0.08,0.03,0.74,32.30,0.17,0.00,0.00,6.00,0.00
TURCULOS ULOS RACES,Camote ce,"TUBERS, BULBS AND ROOTS",Seet otato,,,1204.20,283.40,29.30,0.40,1.00,*,*,*,*,0.40,68.20,*,0.70,*,*,*,*,*,*,*,*,*,*,*,*,*,*,*,*,*,*,*,*,*,*,*,*,*,*
TURCULOS ULOS RACES,Cebolla Blanca,"TUBERS, BULBS AND ROOTS",Onion White,Aim cea L,1.00,159.00,38.00,88.05,0.30,0.49,0.04,0.04,0.10,0.00,3.25,7.90,7.40,1.36,1.30,1.20,69.00,51.50,9.64,4.00,146.00,10.00,0.67,3.55,0.13,0.05,*,0.00,0.00,*,0.00,0.03,0.08,1.01,14.05,0.16,0.00,20.00,*,0.00
TURCULOS ULOS RACES,Cebolla Valenciana Café,"TUBERS, BULBS AND ROOTS",Onion ron Vaencian,Aim cea L,1.00,128.00,30.50,90.45,0.30,0.04,*,*,*,*,0.88,7.34,*,1.00,*,*,35.50,38.50,1.21,*,*,*,*,*,*,*,*,*,*,*,0.00,0.02,0.02,0.17,7.85,*,*,*,*,*
TURCULOS ULOS RACES,Ceboa Cambra,"TUBERS, BULBS AND ROOTS",Onion Spring,Aim cea L,1.00,135.00,32.00,89.83,0.81,0.19,0.03,0.03,0.07,0.00,1.83,7.34,4.90,*,2.60,*,72.00,37.00,1.48,12.00,4.00,20.00,0.08,0.39,0.16,0.00,*,997.00,50.00,*,0.60,0.06,0.08,0.53,17.00,0.06,0.00,0.00,64.00,0.00
TURCULOS ULOS RACES,"Cebolla, cebollines en vinagre","TUBERS, BULBS AND ROOTS","Onion, chives in vinegar",,1.00,159.00,38.00,88.30,1.30,0.54,*,*,*,*,1.00,8.78,*,0.08,*,*,74.00,268.00,1.21,*,*,*,*,*,*,*,*,*,*,*,0.00,0.04,0.02,0.12,5.40,*,*,*,*,*
TURCULOS ULOS RACES,Cebolla Ixil,"TUBERS, BULBS AND ROOTS",Onion Ixil,Aim cea L,1.00,171.00,41.00,87.20,0.70,0.26,*,*,*,*,2.75,8.31,*,0.78,*,*,22.00,85.00,2.50,*,*,*,*,*,*,*,*,*,*,*,0.00,0.05,0.03,0.35,15.10,*,*,*,*,*
TURCULOS ULOS RACES,Cebolla Morada,"TUBERS, BULBS AND ROOTS",Onion Red,Aim cea L,0.86,134.00,32.00,90.40,0.20,0.03,*,*,*,*,0.75,7.77,*,0.85,*,*,33.00,33.00,1.35,*,*,*,*,*,*,*,*,0.00,*,*,0.00,0.04,0.02,0.26,11.40,*,*,*,*,*
TURCULOS ULOS RACES,"Cebolla Morada, en escabeche sin chile","TUBERS, BULBS AND ROOTS","Onion Red, in brine itot cie",,,88.00,21.00,94.70,0.50,1.20,*,*,*,*,0.50,2.80,*,0.30,*,*,*,*,*,*,*,*,*,*,*,*,*,*,*,*,*,*,*,*,*,*,*,*,*,*
TURCULOS ULOS RACES,Crcma ia,"TUBERS, BULBS AND ROOTS",Trmeric,Crcma ona L,1.00,201.00,48.00,82.40,2.60,0.02,*,*,*,*,4.13,9.63,*,1.22,*,*,51.00,111.00,12.21,*,*,*,*,*,*,*,*,*,*,*,0.00,0.15,0.21,1.14,4.70,*,*,*,*,*
TURCULOS ULOS RACES,Jengibre,"TUBERS, BULBS AND ROOTS",Ginger,iniber oficinae Rocoe,1.00,117.00,28.00,91.60,0.30,0.72,0.20,0.15,0.15,0.00,1.87,4.40,1.70,1.11,2.00,*,51.00,78.00,7.77,13.00,415.00,43.00,0.23,0.34,0.23,0.00,*,0.00,0.00,*,0.00,0.04,0.08,0.90,3.40,0.16,0.00,0.00,11.00,0.00
TURCULOS ULOS RACES,ícama,"TUBERS, BULBS AND ROOTS",icama,Parchirhizus erosus Urban,0.93,134.00,32.00,90.40,0.30,0.00,0.02,0.01,0.04,0.00,1.78,7.89,4.10,1.03,1.87,1.80,30.00,13.00,1.30,4.00,150.00,12.00,0.52,2.43,0.06,0.00,*,21.00,1.00,*,0.03,0.02,0.07,0.16,30.90,0.04,0.00,0.00,12.00,0.00
TURCULOS ULOS RACES,MaO o ame,"TUBERS, BULBS AND ROOTS",ine am,Dioscorea alata L.,0.86,305.00,73.00,78.80,1.00,0.05,*,*,*,*,2.18,17.48,*,0.49,*,*,13.00,44.00,2.40,*,*,*,*,*,*,*,*,*,*,*,0.00,0.14,0.03,0.34,8.50,*,*,*,*,*
TURCULOS ULOS RACES,Maana MaO Maana,"TUBERS, BULBS AND ROOTS",atia MaO Maana,antooma aittioim Scott,,481.00,115.00,67.00,1.50,0.18,*,*,*,*,3.88,26.86,*,0.58,*,*,25.00,42.00,3.02,*,*,*,*,*,*,*,*,0.00,*,*,0.00,0.17,0.06,0.74,5.30,*,*,*,*,*
TURCULOS ULOS RACES,Maranta Sa,"TUBERS, BULBS AND ROOTS",erma Arroroot,Maranta arudinacea L.,,627.00,150.00,57.20,1.30,0.13,*,*,*,*,2.43,37.03,*,1.91,*,*,20.00,24.00,3.20,*,*,*,*,*,*,*,*,*,*,*,0.00,0.08,0.03,0.66,8.90,*,*,*,*,*
TURCULOS ULOS RACES,Nabo,"TUBERS, BULBS AND ROOTS",Turnip,Brassica napus L.,0.66,92.00,22.00,92.44,0.60,0.40,0.01,0.01,0.05,0.00,1.08,4.10,3.80,1.41,1.80,3.10,30.00,27.00,0.30,67.00,191.00,11.00,0.09,0.27,0.13,0.00,*,0.00,0.00,0.07,0.00,0.04,0.03,0.40,21.00,0.09,0.00,0.00,15.00,0.00
TURCULOS ULOS RACES,"Nabo, cocido","TUBERS, BULBS AND ROOTS","Turnip, cooked",Brassica napus L.,1.00,92.00,22.00,93.60,0.55,0.08,0.01,0.01,0.04,0.00,0.71,5.06,2.99,*,2.02,1.30,33.00,26.00,0.18,16.00,177.00,9.00,0.62,1.57,0.07,0.00,*,0.00,0.00,*,0.00,0.03,0.02,0.30,11.60,0.07,0.00,0.00,9.00,0.00
TURCULOS ULOS RACES,"Nabo, deshidratado","TUBERS, BULBS AND ROOTS","Turnip, dehydrated",Brassica rapa,,920.00,220.00,7.30,14.30,3.00,*,*,*,*,32.00,28.10,*,*,*,*,1443.74,*,14.37,29.69,1614.62,155.34,0.00,4.97,*,*,*,*,*,*,*,*,*,*,*,*,*,*,*,*
TURCULOS ULOS RACES,"Nabo, harina","TUBERS, BULBS AND ROOTS",Trni or,Brassica napus L.,1.00,1146.00,274.00,11.60,7.50,1.83,*,*,*,*,14.80,56.81,*,7.46,*,*,192.00,171.00,2402.00,*,*,*,*,*,*,*,*,*,*,*,0.00,0.31,0.37,6.80,50.40,*,*,*,*,*
TURCULOS ULOS RACES,Nabo Largo,"TUBERS, BULBS AND ROOTS",Turnip Long,Brassica napus L.,1.00,75.00,18.00,93.20,0.80,0.14,*,*,*,*,1.69,3.32,*,0.85,*,*,20.00,20.00,1.47,*,*,*,*,*,*,*,*,*,*,*,0.00,0.04,0.04,0.74,26.10,*,*,*,*,*
TURCULOS ULOS RACES,Papa,"TUBERS, BULBS AND ROOTS",Potato,Soanm tberom L,0.86,290.00,70.00,78.71,1.04,0.14,0.03,0.00,0.04,0.00,1.89,17.48,1.10,0.41,2.20,1.15,13.80,52.50,2.20,6.00,421.00,23.00,0.11,0.29,0.15,0.00,*,2.00,0.00,*,0.00,0.09,0.03,1.92,12.79,0.30,0.00,0.00,16.00,0.00
TURCULOS ULOS RACES,Papa Voladora,"TUBERS, BULBS AND ROOTS",Potato Voladora,Dioscorea bulbifera L.,1.00,535.00,128.00,60.30,1.40,0.15,*,*,*,*,4.12,33.13,*,0.90,*,*,34.00,40.00,2.96,*,*,*,*,*,*,*,*,*,*,*,*,0.23,0.02,0.52,15.50,*,*,*,*,*
TURCULOS ULOS RACES,"Papa, cocida","TUBERS, BULBS AND ROOTS","Potato, cooked",Soanm tberom,1.00,326.00,78.00,77.80,2.04,0.10,0.03,0.00,0.04,0.00,2.86,17.21,0.40,0.50,1.99,1.60,45.00,54.00,6.07,14.00,407.00,30.00,0.49,2.15,1.34,0.00,*,0.00,0.00,*,*,0.03,0.04,1.22,5.20,0.24,0.00,0.00,10.00,0.00
TURCULOS ULOS RACES,"Papa, a la francesa","TUBERS, BULBS AND ROOTS","Potato, french fries",,1.00,816.00,194.60,61.50,1.00,10.20,2.67,3.89,7.01,1.00,2.40,23.30,0.28,1.60,3.50,*,19.00,126.00,1.00,19.13,610.00,33.00,0.14,0.55,0.24,0.00,*,*,*,*,*,0.12,0.02,2.86,18.00,0.25,*,*,*,*
TURCULOS ULOS RACES,"Papa, frita","TUBERS, BULBS AND ROOTS","Potato, fried",,1.00,2137.00,511.00,4.43,3.95,36.40,4.01,16.00,16.00,0.00,6.20,51.78,0.37,1.50,4.40,*,24.00,155.00,1.61,480.00,1642.00,70.00,0.40,2.39,0.66,0.01,*,0.00,0.00,*,0.00,0.06,0.23,4.18,18.60,0.72,0.00,0.00,75.00,0.00
TURCULOS ULOS RACES,aa rita con aicin de sabor,"TUBERS, BULBS AND ROOTS",otato rie aore,,1.00,2261.00,540.00,0.65,2.43,31.25,8.89,6.12,17.42,7.00,5.32,59.43,*,1.05,5.20,*,72.00,176.00,1.60,266.84,1331.00,74.00,0.30,0.98,0.41,*,*,170.00,14.00,*,0.09,0.19,0.20,4.03,37.30,0.66,1.00,0.00,62.00,0.00
TURCULOS ULOS RACES,"Papa, harina","TUBERS, BULBS AND ROOTS",otato or,Soanm tberom L,1.00,1222.00,292.00,7.45,4.84,1.17,0.09,0.01,0.15,0.00,8.13,77.14,3.52,1.21,5.90,*,47.68,51.00,72.40,119.62,1707.36,80.74,0.00,0.99,*,*,*,0.00,0.00,*,0.00,0.16,0.09,3.79,49.90,0.77,0.00,0.00,25.00,0.00
TURCULOS ULOS RACES,Poro,"TUBERS, BULBS AND ROOTS",Leek,Aim ameoram,0.86,234.00,56.00,77.10,0.75,0.04,0.04,0.00,0.17,0.00,1.56,13.17,12.00,1.42,1.80,*,41.50,42.50,2.74,20.00,180.00,28.00,0.12,0.12,0.48,0.02,*,1667.00,83.00,*,0.00,0.09,0.06,0.40,16.20,0.23,0.00,0.00,64.00,0.00
TURCULOS ULOS RACES,Rábano,"TUBERS, BULBS AND ROOTS",Natrtim Sma,Raica armoracia Rob,1.00,46.00,11.00,94.00,0.85,0.13,0.03,0.02,0.05,0.00,1.28,1.52,2.80,0.75,2.20,2.00,27.00,33.00,1.40,39.00,233.00,9.00,0.59,3.07,0.05,0.02,*,*,3.00,0.02,0.00,0.05,0.06,0.40,25.35,0.07,0.00,0.00,25.00,0.00
TURCULOS ULOS RACES,Raíz Fuerte,"TUBERS, BULBS AND ROOTS",Horse-Radish,,0.45,431.00,103.00,66.60,1.80,0.23,*,*,*,*,6.79,21.63,7.99,2.95,3.30,*,81.00,31.00,0.42,420.00,246.00,27.00,0.14,1.40,0.46,0.00,*,*,0.00,*,0.00,0.05,0.14,2.24,74.20,0.15,0.00,*,*,0.00
TURCULOS ULOS RACES,Saifi,"TUBERS, BULBS AND ROOTS",Salsify,Tragopogon porrifolius L.,0.61,301.00,72.00,77.80,1.10,0.07,*,*,*,0.00,1.12,17.77,*,2.14,3.30,*,55.00,47.00,2.74,20.00,380.00,23.00,0.09,0.38,0.27,0.00,*,0.00,0.00,*,0.00,0.05,0.04,0.30,3.40,2.77,0.00,0.00,26.00,0.00
TURCULOS ULOS RACES,Yuca,"TUBERS, BULBS AND ROOTS",Yucca,Manihot dulces Pax,0.68,485.00,116.00,68.70,0.40,0.59,0.07,0.08,0.05,0.00,1.00,28.25,1.70,1.06,1.80,*,52.00,32.00,2.40,14.00,271.00,21.00,0.10,0.34,0.38,0.00,*,13.00,1.00,0.00,0.00,0.06,0.04,0.74,19.40,0.09,0.00,0.00,27.00,0.00
TURCULOS ULOS RACES,Zanahoria,"TUBERS, BULBS AND ROOTS",Carrot,Daucus carota,0.63,213.00,51.00,88.15,0.75,0.31,0.04,0.01,0.12,0.00,0.44,12.34,2.50,0.88,2.80,1.89,26.50,35.00,1.47,69.00,320.00,12.00,0.05,0.24,0.14,0.00,*,3752.91,841.00,*,5.99,0.05,0.04,0.51,15.00,0.14,0.00,0.00,19.00,0.00
TURCULOS ULOS RACES,"Zanahoria, cocida","TUBERS, BULBS AND ROOTS","Carrot, cooked",Daucus carota,1.00,146.00,35.00,90.17,0.67,0.18,0.04,0.01,0.11,0.00,0.76,8.22,4.20,*,2.08,1.80,30.00,30.00,0.34,58.00,235.00,10.00,0.37,2.00,0.12,*,*,*,860.00,*,*,0.07,0.54,4.00,4.00,0.15,0.00,0.00,14.00,0.00
TURCULOS ULOS RACES,"Zanahoria, harina","TUBERS, BULBS AND ROOTS",Carrot or,Daucus carota,1.00,1238.00,296.00,9.60,6.30,1.10,*,*,*,*,3.62,72.18,*,7.20,38.00,*,250.00,144.00,12.40,495.00,2640.00,*,*,*,*,*,*,*,16.00,*,1.04,0.17,0.40,2.67,48.90,0.14,*,*,*,*
TURCULOS ULOS RACES,"Zanahoria, jugo","TUBERS, BULBS AND ROOTS","Carrot, juice",,1.00,125.00,30.00,91.20,0.40,0.00,0.03,0.01,0.07,0.00,0.70,7.70,3.91,0.00,0.80,*,24.00,42.00,0.46,66.00,292.00,14.00,0.05,0.18,0.13,0.00,*,19124.00,956.00,*,9.30,0.09,0.06,0.40,8.50,0.22,0.00,0.00,4.00,0.00
TURCULOS ULOS RACES,"Zanahoria, puré","TUBERS, BULBS AND ROOTS","Carrot, purée",,1.00,456.00,109.00,73.50,2.60,2.80,*,*,*,*,5.70,15.30,*,0.10,*,*,*,*,*,*,*,*,*,*,*,*,*,*,*,*,*,*,*,*,*,*,*,*,*,*
LECHE Y DERIVADOS,"Caseinato, de calcio",MILK AND DAIRY PRODUCTS,Caeinate cacim,,1.00,1531.00,366.00,3.80,6.70,1.50,*,*,*,*,86.50,1.50,*,*,*,*,*,*,*,*,*,*,*,*,*,*,*,*,*,*,*,*,*,*,*,*,*,*,*,*
LECHE Y DERIVADOS,Crema raa,MILK AND DAIRY PRODUCTS,Cream at,,1.00,1272.00,304.00,61.00,0.50,31.40,23.03,10.69,1.37,137.00,1.80,5.20,0.11,*,0.00,*,65.00,62.00,0.03,38.00,75.00,7.00,0.23,0.23,0.00,0.00,*,1470.00,411.00,*,0.07,0.02,0.11,0.04,0.60,0.03,0.18,0.00,4.00,0.70
LECHE Y DERIVADOS,Crema raa,MILK AND DAIRY PRODUCTS,Cream at,,1.00,761.00,182.00,73.00,0.60,16.70,7.16,3.32,0.43,66.00,2.80,6.00,0.16,*,0.00,*,105.00,95.00,0.07,41.00,130.00,10.00,0.01,0.51,0.00,0.00,*,354.00,97.00,*,0.02,0.04,0.15,0.08,0.90,0.00,0.33,0.00,3.00,0.20
LECHE Y DERIVADOS,Crema ce,MILK AND DAIRY PRODUCTS,Cream eet,,1.00,837.00,200.00,71.00,0.60,18.12,8.70,4.10,0.50,35.00,3.10,7.00,0.30,*,0.00,*,113.00,83.00,2.32,70.00,211.00,11.00,0.01,0.27,*,4.10,*,1918.00,119.00,*,0.03,0.03,0.21,0.06,0.90,0.00,0.30,0.00,11.00,0.30
LECHE Y DERIVADOS,Helado,MILK AND DAIRY PRODUCTS,Ice Cream,,1.00,447.00,105.00,73.70,0.20,13.30,4.00,*,*,*,0.26,25.68,*,*,*,*,177.00,140.00,0.10,13.37,99.00,*,*,*,*,*,*,*,39.00,*,*,0.06,0.26,0.10,*,*,*,*,*,*
LECHE Y DERIVADOS,"Helado, Cornetto chocollage",MILK AND DAIRY PRODUCTS,Ice Cream Cornetto chocollage,,1.00,1255.00,300.00,35.60,1.10,10.90,*,*,*,*,4.90,47.40,*,0.10,*,*,*,*,*,*,*,*,*,*,*,*,*,*,*,*,*,*,*,*,*,*,*,*,*,*
LECHE Y DERIVADOS,"Helado, de chocolate",MILK AND DAIRY PRODUCTS,Ice Cream cocoate,,1.00,903.00,216.00,58.19,*,*,*,*,*,*,*,*,*,*,*,*,*,*,*,*,*,*,*,*,*,*,*,*,*,*,*,*,*,*,*,*,*,*,*,*
LECHE Y DERIVADOS,"Helado, de chocolate con arroz totao e crema eeta",MILK AND DAIRY PRODUCTS,Ice Cream eeta creambae cocoate aor it toate rice,,1.00,1261.90,298.10,48.70,1.20,20.10,*,*,*,*,5.10,24.20,*,0.70,*,*,82.92,*,0.50,63.21,151.93,12.20,0.00,0.18,*,*,*,*,*,*,*,*,*,*,*,*,*,*,*,*
LECHE Y DERIVADOS,"Helado, de fresa",MILK AND DAIRY PRODUCTS,Ice Cream traberr,,1.00,783.00,186.00,62.28,0.68,9.77,5.19,*,*,29.00,3.16,24.27,*,1.67,0.90,*,66.00,100.00,0.39,18.59,118.25,8.49,0.00,0.19,*,0.00,*,320.00,96.00,*,*,0.05,0.26,0.17,7.70,0.05,0.30,0.00,12.00,*
LECHE Y DERIVADOS,"Helado, de nuez",MILK AND DAIRY PRODUCTS,Ice Cream ecan,,1.00,877.00,210.00,58.31,0.69,15.00,4.18,*,*,18.00,2.96,16.94,5.90,4.87,0.90,*,130.00,*,0.19,164.00,*,*,*,*,*,*,*,281.00,,*,*,*,*,*,0.90,*,*,*,*,*
LECHE Y DERIVADOS,"Helado, de vainilla",MILK AND DAIRY PRODUCTS,Ice Cream ania,,1.00,848.00,203.00,61.00,0.64,11.88,6.79,2.97,0.45,44.00,3.44,19.91,*,3.27,0.70,*,128.00,105.00,0.09,80.00,199.00,14.00,0.02,0.69,0.01,0.00,*,421.00,118.00,*,*,0.04,0.24,0.12,0.60,0.05,0.39,0.00,5.00,0.20
LECHE Y DERIVADOS,"Helado, de yogurt",MILK AND DAIRY PRODUCTS,Ice Cream ort,,1.00,404.00,96.00,75.00,0.80,0.30,3.42,1.59,0.21,2.00,3.30,20.60,*,*,0.00,*,143.00,129.00,0.30,0.42,211.00,14.00,*,*,*,*,*,212.00,59.00,*,*,0.04,0.22,0.29,0.80,0.08,0.29,*,6.00,0.10
LECHE Y DERIVADOS,eao e amenra Manm,MILK AND DAIRY PRODUCTS,Ice Cream amon Manm,,1.00,1339.00,320.00,45.20,1.10,22.30,*,*,*,*,6.00,25.40,*,0.00,*,*,*,*,*,*,*,*,*,*,*,*,*,*,*,*,*,*,*,*,*,*,*,*,*,*
LECHE Y DERIVADOS,"Helado, sabor chocolate light",MILK AND DAIRY PRODUCTS,Ice Cream cocoat aor it,,1.00,528.84,124.48,68.80,1.08,0.80,*,*,*,*,4.07,25.25,24.04,*,1.00,*,36.93,28.13,0.50,26.46,71.25,10.59,0.00,0.22,*,*,*,446.00,*,*,*,*,*,*,1.00,*,*,*,*,*
LECHE Y DERIVADOS,"Helado, sabor fresa, e crema eeta",MILK AND DAIRY PRODUCTS,Ice Cream eeta cream bae traberr aor,,1.00,670.00,165.00,66.90,0.70,7.70,*,*,*,*,2.10,21.85,*,0.75,*,*,77.96,*,/,16.81,154.37,10.40,0.00,0.17,*,*,*,*,*,*,*,*,*,*,*,*,*,*,*,*
LECHE Y DERIVADOS,"Helado, sabor vainilla light",MILK AND DAIRY PRODUCTS,Ice Cream ania aor it,,1.00,475.53,111.91,71.50,0.96,0.35,*,*,*,53.00,4.39,22.80,21.11,*,0.20,*,38.76,29.02,0.05,25.46,52.78,4.32,0.00,0.14,*,*,*,489.00,*,*,*,*,*,*,0.90,*,*,*,*,*
LECHE Y DERIVADOS,"Helado, Solero Oasis",MILK AND DAIRY PRODUCTS,Ice Cream Solero Oasis,,1.00,410.00,98.00,75.00,0.10,0.40,*,*,*,*,0.10,24.40,*,0.00,*,*,*,*,*,*,*,*,*,*,*,*,*,,*,*,*,*,*,*,*,*,*,*,*,*
LECHE Y DERIVADOS,"Leche, de burra",MILK AND DAIRY PRODUCTS,"Milk, she-ass",,1.00,222.00,53.00,89.00,0.40,2.43,*,*,*,*,2.01,6.50,*,*,*,*,82.00,47.00,0.94,*,*,*,*,*,*,*,*,68.00,16.00,*,*,0.02,0.09,0.10,2.00,*,0.11,*,*,*
LECHE Y DERIVADOS,Lece e cabra ce,MILK AND DAIRY PRODUCTS,Mi oat ctar,,1.00,1519.00,363.00,*,*,6.00,3.50,*,*,37.50,7.50,70.00,70.00,0.00,*,*,107.00,*,*,0.00,149.00,*,*,*,*,*,*,*,*,*,*,*,*,*,*,*,*,*,*,*
LECHE Y DERIVADOS,"Leche, de cabra (dulce, abor ainia caeta",MILK AND DAIRY PRODUCTS,Mi oat ania aore carame,,1.00,1627.60,383.40,12.00,1.40,7.40,*,*,*,*,6.50,72.70,*,*,*,*,182.53,8.96,0.00,114.81,166.67,24.07,0.00,0.51,*,*,*,576.14,*,*,*,0.00,0.38,*,*,*,*,*,*,*
LECHE Y DERIVADOS,Lece e cabra ce caeta emaa baa en caoría,MILK AND DAIRY PRODUCTS,Mi oat aniaaore brnt carame,,1.00,1355.08,324.18,22.30,1.52,3.84,*,*,*,*,5.77,66.57,27.43,*,*,*,114.47,178.27,*,96.26,326.67,20.67,*,*,*,*,*,*,*,*,*,*,*,*,*,*,*,*,*,*
LECHE Y DERIVADOS,"Leche, de cabra con nuez ce",MILK AND DAIRY PRODUCTS,Mi oat it ecan can,,1.00,1736.00,415.00,13.00,2.00,16.20,5.80,*,*,28.00,9.10,58.30,53.00,1.20,0.00,*,108.00,*,0.00,173.00,*,*,*,*,*,*,*,*,*,*,*,*,*,*,*,*,*,*,*,*
LECHE Y DERIVADOS,"Leche, de cabra e monte",MILK AND DAIRY PRODUCTS,Mi montain oat,,1.00,385.00,92.00,82.90,0.90,5.70,*,*,*,*,4.00,*,*,*,*,*,148.00,132.00,0.75,*,*,*,*,*,*,*,*,*,*,*,*,0.07,0.24,0.03,*,*,*,*,*,*
LECHE Y DERIVADOS,"Leche, de cabra estabulada",MILK AND DAIRY PRODUCTS,"Milk, stable goat",,1.00,234.00,56.00,88.10,0.80,2.40,*,1.11,0.15,11.00,3.00,4.45,4.45,*,0.00,*,104.00,88.00,0.57,50.00,204.00,14.00,0.05,0.30,0.02,1.40,*,198.00,57.00,0.01,0.04,0.05,0.12,0.20,1.30,0.05,0.07,1.00,1.00,1.30
LECHE Y DERIVADOS,Lece e aca ce,MILK AND DAIRY PRODUCTS,Mi co can,,1.00,891.00,213.30,73.00,1.30,22.10,*,*,*,*,2.00,1.60,*,*,*,*,18.10,*,0.00,67.69,136.67,5.34,0.00,0.31,*,*,*,*,*,*,*,*,*,*,*,*,*,*,*,*
LECHE Y DERIVADOS,"Leche, de vaca ce Goria",MILK AND DAIRY PRODUCTS,Mi co can,,1.00,1912.00,457.00,11.69,1.34,22.54,*,2.14,0.38,29.00,13.69,49.96,49.74,0.78,*,*,251.00,193.00,0.17,176.40,350.00,22.00,0.00,0.79,0.00,2.70,*,*,*,*,*,0.02,0.41,0.21,*,0.02,0.31,*,*,*
LECHE Y DERIVADOS,Lece e aca ce Borrachitos,MILK AND DAIRY PRODUCTS,Mi co can,,1.00,1363.98,326.00,20.10,0.30,1.50,*,*,*,*,1.90,76.20,*,*,*,*,64.32,,0.00,53.87,*,*,0.00,0.00,*,*,*,*,*,*,*,*,*,*,*,*,*,*,*,*
LECHE Y DERIVADOS,"Leche, de vaca, “light”",MILK AND DAIRY PRODUCTS,Mi co it,,1.00,133.00,32.00,90.30,2.50,0.65,0.12,0.05,0.01,2.65,3.40,3.05,4.85,0.00,0.00,*,204.00,101.00,0.04,52.00,166.00,11.00,*,0.40,*,*,*,458.00,137.00,*,*,0.04,0.14,0.09,1.00,0.04,0.38,*,5.00,1.20
LECHE Y DERIVADOS,"Leche, de vaca, bebida ultrapas- teurizada, sabor durazno con yogurt y frutas",MILK AND DAIRY PRODUCTS,Mi mootie eacaore it ort an rit,,1.00,311.50,73.40,83.20,0.40,1.80,*,*,*,*,1.90,12.40,*,0.30,*,*,65.01,*,0.07,105.64,92.99,6.29,0.00,0.25,*,*,*,0.00,*,*,*,0.02,*,*,0.00,*,*,*,*,*
LECHE Y DERIVADOS,"Leche, de vaca, bebida ultrapasteurizada, sabor fresa con yogurt y frutas",MILK AND DAIRY PRODUCTS,Mi mootie traberr aore it ort,,1.00,322.10,75.90,82.60,0.50,1.90,*,*,*,*,2.00,12.70,*,0.30,*,*,66.74,*,0.11,119.85,95.66,5.74,0.00,0.27,*,*,*,0.00,*,*,*,0.02,*,*,0.00,*,*,*,*,*
LECHE Y DERIVADOS,"Leche, de vaca, cajeta ce",MILK AND DAIRY PRODUCTS,Mi co conection,,1.00,1431.00,342.00,16.37,1.38,4.08,*,*,*,*,2.63,70.09,*,*,*,*,*,*,*,158.14,*,*,*,*,*,*,*,*,*,*,*,*,*,*,*,*,*,*,*,*
LECHE Y DERIVADOS,"Leche, de vaca, cajeta ce ormet",MILK AND DAIRY PRODUCTS,Mi co conection ormet,,1.00,1375.29,323.63,18.00,1.78,0.55,*,*,*,*,1.26,78.41,*,0.00,*,*,*,*,*,23.34,*,*,*,*,*,*,*,*,*,*,*,*,*,*,*,*,*,*,*,*
LECHE Y DERIVADOS,"Leche, de vaca, cajeta abor ainia ce",MILK AND DAIRY PRODUCTS,Mi co conection ania aore,,1.00,1669.00,399.00,10.50,1.20,11.00,*,*,*,*,5.80,71.50,*,*,*,*,*,*,*,*,*,*,*,*,*,*,*,*,*,*,*,*,*,*,*,*,*,*,*,*
LECHE Y DERIVADOS,"Leche, de vaca, con chocolate",MILK AND DAIRY PRODUCTS,Mi co it chocolate,,1.00,293.00,70.00,83.20,2.70,3.00,2.10,0.99,0.12,8.00,3.10,7.60,9.54,*,0.80,*,112.00,101.00,0.24,60.00,167.00,13.00,0.07,0.41,0.08,0.00,*,98.00,27.00,*,0.01,0.04,0.16,0.13,0.90,0.00,0.33,0.00,5.00,1.30
LECHE Y DERIVADOS,"Leche, de vaca, ecremaa",MILK AND DAIRY PRODUCTS,Mi co imme,,1.00,263.00,63.00,89.00,0.70,3.45,0.12,0.05,0.01,2.00,3.38,4.85,4.85,*,0.00,*,113.00,91.00,0.20,52.00,166.00,11.00,0.02,0.40,*,0.00,*,92.00,137.00,*,*,0.05,0.10,0.10,1.10,0.04,0.38,0.00,5.00,1.20
LECHE Y DERIVADOS,Lece e aca ecremaa adicionada con grasa vegetal,MILK AND DAIRY PRODUCTS,Mi co imme aitione it eeta at,,1.00,2109.00,504.00,1.70,5.70,27.70,*,*,*,*,23.50,41.40,*,*,*,*,*,*,*,*,*,*,*,*,*,*,*,*,*,*,*,*,*,*,*,*,*,*,*,*
LECHE Y DERIVADOS,"Leche, de vaca, ecremaa en oo",MILK AND DAIRY PRODUCTS,Mi co oere im,,1.00,1452.00,364.00,3.96,7.98,1.60,0.47,0.19,0.03,18.00,33.86,53.16,52.19,*,0.00,*,1080.00,985.00,0.23,549.00,1705.00,117.00,0.04,4.41,0.02,27.30,*,0.00,4.00,1.00,*,0.20,0.96,0.29,6.00,0.00,3.99,0.00,50.00,0.00
LECHE Y DERIVADOS,Lece e aca ecremaa ultrapasteurizada,MILK AND DAIRY PRODUCTS,Mi co imme ultrapasteurized,,1.00,182.00,43.00,90.38,0.71,1.13,0.60,0.28,0.04,4.00,3.08,5.05,,*,0.00,*,128.00,100.00,0.05,52.00,162.00,14.00,*,0.40,*,*,*,204.00,59.00,*,*,0.04,0.17,0.09,1.00,0.05,0.38,0.00,5.00,1.00
LECHE Y DERIVADOS,"Leche, de vaca, entera deshidratada",MILK AND DAIRY PRODUCTS,Mi co oere oe,,1.00,2076.00,507.00,3.00,5.64,27.96,16.75,7.92,0.67,97.00,25.17,42.75,38.42,*,0.00,*,816.39,78.44,1.14,66.92,511.98,61.45,0.14,2.52,0.14,0.01,*,0.00,258.00,0.17,0.14,0.09,1.40,0.74,8.60,0.30,0.99,0.00,37.00,2.10
LECHE Y DERIVADOS,"Leche, de vaca, en polvo entera, con cereal adicionada con itamina minerae",MILK AND DAIRY PRODUCTS,Mi co oe rie it cerea it itamin an minera,,1.00,2062.66,468.71,2.30,5.10,23.26,*,*,*,*,14.72,54.62,*,0.00,*,*,645.05,252.16,6.33,178.86,1039.31,186.30,0.00,6.64,0.31,*,*,3182.97,*,*,*,1.08,1.59,*,62.06,*,*,*,*,*
LECHE Y DERIVADOS,"Leche, de vaca, entera",MILK AND DAIRY PRODUCTS,Mi co oe,,1.00,264.00,63.00,88.10,0.60,3.70,4.55,0.81,0.20,10.00,3.00,4.60,5.05,*,0.00,*,104.08,75.09,2.99,55.62,108.22,15.85,0.03,0.46,0.00,0.00,*,162.00,46.00,22.00,0.02,0.02,0.12,0.09,0.00,0.04,0.45,0.00,5.00,0.10
LECHE Y DERIVADOS,"Leche, de vaca, entera 26% en polvo",MILK AND DAIRY PRODUCTS,Mi oe co oe mi erate,,1.00,2101.00,495.80,0.80,6.00,24.60,*,*,*,*,26.50,42.10,*,*,*,*,*,*,*,*,*,*,*,*,*,*,*,*,*,*,*,*,*,*,*,*,*,*,*,*
LECHE Y DERIVADOS,"Leche, de vaca, entera deshidratada con grasa vegetal",MILK AND DAIRY PRODUCTS,Mi co oe rie it eetabe at,,1.00,2107.90,497.50,2.30,5.70,25.90,*,*,*,*,25.30,40.80,*,*,*,*,*,*,*,*,*,*,*,*,*,*,*,0.00,*,*,*,*,*,*,*,*,*,*,*,*
LECHE Y DERIVADOS,"Leche, de vaca, entera deshidratada con grasa vegetal sabor chocolate",MILK AND DAIRY PRODUCTS,Mi co oe rie it eetabe at cocoate aor,,1.00,1933.30,455.80,1.50,3.80,15.40,*,*,*,*,15.40,63.90,*,*,*,*,*,*,*,*,*,*,*,*,*,*,*,0.00,*,*,*,*,*,*,*,*,*,*,*,*
LECHE Y DERIVADOS,"Leche, de vaca, entera deshidratada con grasa vegetal sabor fresa",MILK AND DAIRY PRODUCTS,Mi co oe rie it eetabe at traberr aor,,1.00,1938.70,457.10,1.70,3.90,15.90,*,*,*,*,14.60,63.90,*,*,*,*,*,*,*,*,*,*,*,*,*,*,*,0.00,*,*,*,*,*,*,*,*,*,*,*,*
LECHE Y DERIVADOS,"Leche, de vaca, entera deslactosada",MILK AND DAIRY PRODUCTS,Mi co oe deslactosated,,1.00,255.00,61.00,88.40,0.60,3.60,*,*,*,*,2.90,4.50,*,*,*,*,*,*,*,*,*,*,*,*,*,*,*,*,*,*,*,*,*,*,*,*,*,*,*,*
LECHE Y DERIVADOS,"Leche, de vaca, entera enriquecida",MILK AND DAIRY PRODUCTS,Mi co oe enriched,,1.00,239.90,56.60,88.40,0.70,2.60,*,*,*,*,3.00,5.30,*,*,*,*,86.45,*,0.31,30.17,142.53,9.06,0.00,2.65,*,*,*,*,*,*,4669.88,*,*,*,12.77,*,*,*,*,*
LECHE Y DERIVADOS,"Leche, de vaca, entera pasteurizada preferente",MILK AND DAIRY PRODUCTS,Mi co oe pasteurized,,1.00,264.00,63.10,88.45,0.71,4.14,*,*,*,*,2.79,3.91,*,*,*,*,*,*,*,*,*,*,*,*,*,*,*,*,*,*,*,*,*,*,*,*,*,*,*,*
LECHE Y DERIVADOS,"Leche, de vaca, entera ultrapasteurizada",MILK AND DAIRY PRODUCTS,Mi co oe ultrapasteurized,,1.00,257.00,61.00,88.58,0.68,3.70,*,*,*,*,2.82,4.15,0.00,*,*,*,115.94,76.50,3.10,52.94,123.75,8.45,0.02,0.60,*,*,*,0.00,31.00,18.00,0.02,0.02,0.13,0.10,1.50,0.00,0.20,5.00,*,0.02
LECHE Y DERIVADOS,"Leche, de vaca, ermentaa",MILK AND DAIRY PRODUCTS,Mi co ermente,,1.00,256.00,60.60,84.64,0.29,*,*,*,*,*,1.08,13.47,12.60,0.00,0.00,*,44.11,*,0.00,16.43,54.81,3.95,0.00,0.11,*,*,*,0.00,*,*,*,/,0.03,*,0.00,*,*,*,*,*
LECHE Y DERIVADOS,"Leche, de vaca, ermentaa abor rano",MILK AND DAIRY PRODUCTS,Mi co ermente eacaore,,1.00,244.70,57.60,85.80,0.30,0.40,*,*,*,*,1.00,12.50,*,0.00,*,*,112.99,*,0.00,18.87,82.73,8.10,0.00,0.25,*,*,*,*,*,*,*,*,*,*,*,*,*,*,*,*
LECHE Y DERIVADOS,"Leche, de vaca, ermentaa abor rea",MILK AND DAIRY PRODUCTS,Mi co ermente traberr aor,,1.00,229.00,54.00,84.10,0.30,0.40,*,*,*,*,1.10,10.63,9.30,0.00,0.60,*,34.87,*,0.00,30.38,77.83,6.78,0.00,0.24,*,*,*,*,*,*,*,0.83,0.20,*,0.00,*,*,*,*,*
LECHE Y DERIVADOS,"Leche, de vaca, ermentaa abor mano",MILK AND DAIRY PRODUCTS,Mi co ermente manoaore,,1.00,229.00,53.90,86.60,0.30,0.30,*,*,*,*,1.00,11.80,*,0.00,*,*,33.65,*,0.00,32.87,68.84,4.93,0.00,0.59,*,*,*,*,*,*,*,*,*,*,*,*,*,*,*,*
LECHE Y DERIVADOS,"Leche, de vaca, ermentaa abor manana",MILK AND DAIRY PRODUCTS,Mi co ermente ae aor,,1.00,231.00,54.63,83.90,0.30,0.35,*,*,*,*,1.00,11.00,9.00,0.00,1.00,*,122.72,*,0.00,17.84,165.09,9.53,0.00,0.22,*,*,*,*,*,*,*,0.90,0.20,*,0.00,*,*,*,*,*
LECHE Y DERIVADOS,"Leche, de vaca, ermentaa abor natra",MILK AND DAIRY PRODUCTS,Mi co ermente plain,,1.00,274.00,65.00,81.90,0.30,0.40,*,*,*,*,1.10,10.80,9.80,0.00,21.60,*,127.73,*,0.00,16.94,158.64,8.49,0.00,0.25,*,*,*,*,*,*,*,0.60,0.18,*,0.00,*,*,*,*,*
LECHE Y DERIVADOS,"Leche, de vaca, hervida",MILK AND DAIRY PRODUCTS,Mi co boie,,1.00,280.00,67.00,88.20,0.80,3.75,*,*,*,*,3.36,*,*,*,*,*,113.00,92.00,0.20,*,*,*,*,*,*,*,*,55.00,*,*,*,0.04,0.09,0.11,0.80,*,*,*,*,*
LECHE Y DERIVADOS,"Leche, de vaca, higo y membrio con ne ce",MILK AND DAIRY PRODUCTS,Mi mibae fi an ince it nt can,,1.00,1644.00,393.00,6.30,0.99,4.88,*,*,*,*,3.26,84.09,*,0.48,*,*,*,*,*,29.50,*,*,*,*,*,*,*,*,*,*,*,*,*,*,*,*,*,*,*,*
LECHE Y DERIVADOS,"Leche, de vaca, jocoque lite",MILK AND DAIRY PRODUCTS,Mi ocoe meican te or cream it,,1.00,239.10,69.00,85.40,1.10,3.00,*,*,*,*,4.40,6.10,*,*,*,*,92.27,*,0.00,41.51,96.00,11.04,0.00,0.35,*,*,*,*,*,*,*,*,*,*,*,*,*,*,*,*
LECHE Y DERIVADOS,Lece e aca meca deshidratada,MILK AND DAIRY PRODUCTS,Mi co r mitre for beverage,,1.00,1561.00,373.00,0.90,6.20,0.20,*,*,*,*,26.10,66.60,*,0.00,*,*,*,*,*,*,*,*,*,*,*,*,*,*,*,*,*,*,*,*,*,*,*,*,*,*
LECHE Y DERIVADOS,"Leche, de vaca, moificaa eiataa",MILK AND DAIRY PRODUCTS,Mi co moifie,,1.00,1983.00,474.00,2.69,4.09,28.22,*,*,*,*,16.05,52.65,*,*,*,*,*,*,*,*,*,*,*,*,*,*,*,*,*,*,*,*,*,*,*,*,*,*,*,*
LECHE Y DERIVADOS,"Leche, de vaca, nata",MILK AND DAIRY PRODUCTS,Mi nata Mi in,,1.00,1427.00,341.00,52.70,1.20,32.60,*,*,*,*,6.50,7.00,*,*,*,*,105.00,77.00,4.00,*,*,*,*,*,*,*,*,*,199.00,*,*,0.04,0.23,0.40,*,*,*,*,*,*
LECHE Y DERIVADOS,Lece e aca arciamente ecremaa ateriaa,MILK AND DAIRY PRODUCTS,Mi co artia imme pasteurized,,1.00,236.00,56.00,89.05,0.68,2.55,1.26,0.56,0.07,8.00,2.93,5.43,5.06,*,0.00,*,120.00,92.00,0.02,47.00,140.00,11.00,*,0.48,*,*,*,190.00,55.00,*,*,0.04,0.19,0.09,0.20,0.04,0.53,0.00,5.00,1.20
LECHE Y DERIVADOS,"Leche, de vaca, pasteurizada",MILK AND DAIRY PRODUCTS,Mi co aterie,,1.00,249.00,60.00,88.48,0.90,3.53,*,*,*,13.30,2.78,4.25,*,0.00,*,*,*,*,0.20,*,*,*,*,*,*,*,*,*,*,*,*,*,*,*,*,*,*,*,*,*
LECHE Y DERIVADOS,"Leche, de vaca, pasteurizada “light”",MILK AND DAIRY PRODUCTS,Mi co aterie “light”,,1.00,201.00,48.00,89.10,0.50,1.40,*,*,*,*,3.10,5.90,*,*,*,*,*,*,*,*,*,*,*,*,*,*,*,*,*,*,*,*,*,*,*,*,*,*,*,*
LECHE Y DERIVADOS,"Leche, de vaca, ateriaa omoeniaa",MILK AND DAIRY PRODUCTS,Mi co aterie an omoenie,,1.00,235.00,56.00,89.85,0.65,3.85,*,*,*,*,1.40,4.25,*,*,*,*,*,*,*,*,*,*,*,*,*,*,*,*,*,*,*,*,*,*,*,*,*,*,*,*
LECHE Y DERIVADOS,"Leche, de vaca, reconstituida",MILK AND DAIRY PRODUCTS,Mi co reconstituted,,1.00,250.00,60.00,88.05,0.70,3.10,*,*,*,*,2.73,5.43,*,*,*,*,*,*,*,*,*,*,*,*,*,*,*,*,*,*,*,*,*,*,*,*,*,*,*,*
LECHE Y DERIVADOS,"Leche, de vaca, relleno de membrio cbierto con ne ce",MILK AND DAIRY PRODUCTS,Mi co mibae fie it ince coere it nt can,,1.00,1632.00,390.00,6.47,0.45,3.91,*,*,*,*,2.53,86.12,*,0.52,*,*,*,*,*,85.00,*,*,*,*,*,*,*,*,*,*,*,*,*,*,*,*,*,*,*,*
LECHE Y DERIVADOS,"Leche, de vaca, sabor chocolate",MILK AND DAIRY PRODUCTS,Mi co cocoate aore,,1.00,318.00,76.00,82.20,0.80,1.90,*,*,*,*,2.80,12.30,*,*,*,*,55.56,,1.08,18.05,*,*,*,*,*,*,*,873.39,*,*,*,0.03,0.18,*,1.72,*,*,*,*,*
LECHE Y DERIVADOS,"Leche, de vaca, sabor vainilla",MILK AND DAIRY PRODUCTS,Mi co ania aore,,1.00,322.00,77.00,83.00,0.70,2.60,*,*,*,*,2.90,10.80,*,*,*,*,*,*,*,*,*,*,*,*,*,*,*,*,*,*,*,*,*,*,*,*,*,*,*,*
LECHE Y DERIVADOS,"Leche, de vaca, sabor ainia ce",MILK AND DAIRY PRODUCTS,Mi mibae ania aor can,,1.00,1657.00,396.00,4.12,0.61,3.10,*,*,*,*,2.66,89.51,*,*,*,*,*,*,*,77.00,*,*,*,*,*,*,*,*,*,*,*,*,*,*,*,*,*,*,*,*
LECHE Y DERIVADOS,Lece e aca emie- cremaa eirataa,MILK AND DAIRY PRODUCTS,Mi co artia imme,,1.00,1736.00,415.00,0.00,6.30,9.10,*,*,*,*,22.20,62.00,*,0.40,*,*,*,*,*,,*,*,*,*,*,*,*,*,*,*,*,*s,*,*,*,*,*,*,*,*
LECHE Y DERIVADOS,Lece e aca emiecremaa ultrapasteurizada,MILK AND DAIRY PRODUCTS,Mi co artia imme traaterie,,1.00,211.00,50.00,89.75,0.73,2.39,*,*,*,*,2.94,4.08,*,*,*,*,*,*,*,55.10,*,*,*,*,*,*,*,8.89,*,*,*,0.02,0.11,*,*,*,*,*,*,*
LECHE Y DERIVADOS,"Leche, de vaca, ultrapasteurizada",MILK AND DAIRY PRODUCTS,Mi co ultrapasteurized,,1.00,253.00,61.00,88.22,0.89,3.59,*,*,*,*,3.14,4.52,*,*,*,*,*,*,*,*,*,*,*,*,*,*,*,*,*,*,*,*,*,*,*,*,*,*,*,*
LECHE Y DERIVADOS,"Leche, de vaca, ultrapasteurizada “Light”",MILK AND DAIRY PRODUCTS,"Mi co ultrapasteurized, “Light”",,1.00,200.00,42.00,90.30,0.70,1.50,*,*,*,*,3.17,4.60,*,*,*,*,*,*,*,*,*,*,*,*,*,*,*,*,*,*,*,*,*,*,*,*,*,*,*,*
LECHE Y DERIVADOS,"Leche, de vaca, ultrapasteurizada entera",MILK AND DAIRY PRODUCTS,Mi co traaterie oe,,1.00,230.00,55.00,89.40,0.60,3.20,*,*,*,*,2.00,4.80,*,*,*,*,*,*,*,*,*,*,*,*,*,*,*,*,*,*,*,*,*,*,*,*,*,*,*,*
LECHE Y DERIVADOS,"Leche, dulce de leche, chongos amorano enatao ce",MILK AND DAIRY PRODUCTS,Mi net it honey canned,,1.00,740.00,175.00,57.07,1.08,3.62,*,*,*,*,4.62,31.48,20.78,0.00,0.00,*,128.84,*,0.55,36.61,146.56,21.95,0.05,0.57,*,*,*,161.03,*,*,*,*,*,*,0.99,*,*,*,*,*
LECHE Y DERIVADOS,Lece mana,MILK AND DAIRY PRODUCTS,man mi,,1.00,291.00,70.00,87.50,0.20,4.38,2.01,1.66,0.50,4.00,1.03,6.89,6.89,*,0.00,*,32.00,14.00,0.03,17.00,51.00,3.00,0.05,0.17,0.03,0.00,*,212.00,61.00,0.00,0.01,0.01,0.04,0.18,5.00,0.01,0.05,5.00,5.00,0.10
LECHE Y DERIVADOS,"Leche, de vaca, jocoque seco",MILK AND DAIRY PRODUCTS,Mi co r ocoe,,1.00,570.60,134.80,76.50,1.30,9.20,*,*,*,*,8.40,4.60,*,*,*,*,71.35,*,0.00,222.23,108.75,10.48,0.00,0.58,*,*,*,*,*,*,*,*,*,*,*,*,*,*,*,*
LECHE Y DERIVADOS,"Leche, de vaca, jocoque seco, estilo arabe",MILK AND DAIRY PRODUCTS,Mi co arabte dry jocoque,,1.00,496.40,117.30,79.90,1.40,8.50,*,*,*,*,7.20,3.00,*,*,*,*,75.40,*,0.00,246.80,95.83,11.07,0.00,0.44,*,*,*,*,*,*,*,*,*,*,*,*,*,*,*,*
LECHE Y DERIVADOS,"Queso, “fresco”",MILK AND DAIRY PRODUCTS,Ceee ite,,1.00,1214.00,290.00,51.30,3.90,22.14,13.66,6.46,1.15,70.00,19.66,1.50,1.76,*,*,*,690.00,467.00,0.18,704.00,126.00,29.00,*,3.06,*,*,*,555.00,157.00,*,*,0.05,0.02,0.04,0.00,0.09,1.75,*,*,0.70
LECHE Y DERIVADOS,"Queso, “fresco” de cabra",MILK AND DAIRY PRODUCTS,"Cheese, green goat`s",,1.00,1104.00,264.00,62.70,6.60,0.50,14.58,4.81,0.50,46.00,20.85,0.00,0.89,*,0.00,*,867.00,547.00,4.16,368.00,26.00,16.00,*,0.92,*,*,*,0.00,,*,*,0.07,0.60,0.35,0.00,0.25,0.19,0.00,12.00,0.40
LECHE Y DERIVADOS,eo amario,MILK AND DAIRY PRODUCTS,Ceee eo,,1.00,1531.00,366.00,39.61,5.84,30.71,18.06,8.24,1.28,100.00,18.13,4.78,2.26,*,0.00,*,1045.00,641.00,0.63,1671.00,132.00,26.00,*,2.49,*,*,*,1131.00,317.00,*,*,0.02,0.23,0.08,0.00,0.05,1.50,0.00,8.00,7.50
LECHE Y DERIVADOS,eo aeo,MILK AND DAIRY PRODUCTS,"Cheese, aged",,1.00,2060.00,492.00,31.35,5.70,43.08,*,*,*,*,13.60,2.13,4.63,*,0.00,*,860.00,534.00,2.42,611.18,87.00,28.00,0.01,2.94,0.04,14.50,*,650.00,64.00,*,0.00,0.07,0.81,0.22,0.00,0.05,1.38,0.00,1.00,0.50
LECHE Y DERIVADOS,"Queso, asadero",MILK AND DAIRY PRODUCTS,"Cheese, asadero",,1.00,1089.00,259.00,53.56,3.08,16.93,*,8.04,0.27,*,22.58,3.86,2.87,*,0.00,*,594.84,*,0.51,726.59,86.00,26.00,0.03,3.02,0.04,14.50,*,190.00,55.00,*,0.00,0.02,0.22,0.18,0.00,0.05,1.00,0.00,8.00,0.50
LECHE Y DERIVADOS,"Queso, asadero light",MILK AND DAIRY PRODUCTS,"Cheese, asadero light",,1.00,961.33,226.98,56.40,3.53,13.34,*,*,*,*,23.04,3.64,*,*,*,*,526.98,*,*,831.28,*,*,*,*,*,*,*,*,*,*,*,*,*,*,*,*,*,*,*,*
LECHE Y DERIVADOS,"Queso, blanco",MILK AND DAIRY PRODUCTS,Ceee ite,,1.00,921.00,220.00,59.80,3.89,14.64,*,7.39,0.77,69.00,17.14,5.25,1.76,*,0.00,*,563.00,65.00,0.60,525.00,159.00,17.00,0.03,0.50,0.02,13.80,*,0.00,*,*,*,0.09,0.33,0.14,0.00,0.00,1.75,*,*,0.70
LECHE Y DERIVADOS,"Queso, burgos",MILK AND DAIRY PRODUCTS,"Cheese, burgos",,1.00,*,*,48.20,4.30,25.00,*,*,*,*,22.60,*,*,*,*,*,675.00,404.00,3.69,*,*,*,*,*,*,*,*,893.00,*,*,*,0.10,0.46,0.25,*,*,*,*,*,*
LECHE Y DERIVADOS,"Queso, cabrales",MILK AND DAIRY PRODUCTS,"Cheese, blue cheese",,1.00,1638.00,392.00,38.60,5.00,33.60,*,*,*,*,20.00,2.80,*,*,*,*,*,*,*,*,*,*,*,*,*,*,*,,*,*,*,*,*,*,*,*,*,*,*,*
LECHE Y DERIVADOS,"Queso, cheddar",MILK AND DAIRY PRODUCTS,"Cheese, cheddar",,1.00,1684.00,403.00,36.75,3.93,33.14,21.09,9.39,0.94,105.00,24.90,1.28,0.52,*,0.00,*,721.00,512.00,0.90,621.00,98.00,28.00,0.03,3.11,0.01,13.90,*,1002.00,265.00,0.21,0.09,0.03,0.38,0.08,0.00,0.00,0.83,0.00,18.00,0.60
LECHE Y DERIVADOS,"Queso, chester",MILK AND DAIRY PRODUCTS,"Cheese, chester",,1.00,1636.00,391.00,35.00,3.90,29.40,*,*,*,*,24.80,6.90,*,*,*,*,*,*,*,*,*,*,*,*,*,*,*,*,*,*,*,*,*,*,*,*,*,*,*,*
LECHE Y DERIVADOS,"Queso, Chihuahua",MILK AND DAIRY PRODUCTS,"Cheese, Chihuahua",,1.00,1592.00,381.00,34.82,4.22,32.44,18.84,8.44,0.89,105.00,25.72,3.20,5.56,*,0.00,*,795.00,526.00,0.90,617.00,52.00,23.00,0.02,3.50,0.07,0.01,*,184.00,56.00,*,0.00,0.06,0.84,0.00,0.00,0.00,1.03,0.00,2.00,0.50
LECHE Y DERIVADOS,"Queso, cotija",MILK AND DAIRY PRODUCTS,"Cheese, colby",,1.00,1645.00,393.00,33.23,7.30,33.70,*,*,*,*,22.67,3.45,0.52,*,0.00,*,865.00,554.00,2.24,404.13,127.00,26.00,0.04,3.07,0.01,14.50,*,1460.00,264.00,*,0.08,0.04,0.94,0.00,0.00,0.08,0.83,0.00,18.00,0.60
LECHE Y DERIVADOS,"Queso, curécuaro",MILK AND DAIRY PRODUCTS,"Cheese, curecuaro",,1.00,*,*,66.40,2.70,10.50,*,*,*,*,19.00,*,*,*,*,*,265.00,221.00,2.28,*,*,*,*,*,*,*,*,*,*,*,*,0.12,0.70,0.51,*,*,*,*,*,*
LECHE Y DERIVADOS,"Queso, enchilado",MILK AND DAIRY PRODUCTS,Ceee it cie,,1.00,*,*,39.00,4.00,34.50,*,*,*,*,24.00,*,,*,*,*,300.00,299.00,5.09,*,*,*,*,*,*,*,*,333.00,*,*,*,0.07,0.94,0.48,*,*,*,*,*,*
LECHE Y DERIVADOS,"Queso, fresco ranchero",MILK AND DAIRY PRODUCTS,Ceee armer re,,1.00,1158.20,273.80,55.30,3.50,21.80,*,5.97,1.11,69.00,18.80,0.60,2.32,*,*,*,530.15,385.00,0.20,498.51,28.19,24.00,0.03,2.58,0.01,19.30,*,806.00,224.00,0.11,0.11,0.04,0.17,0.03,0.00,0.08,1.68,*,*,2.70
LECHE Y DERIVADOS,"Queso, Holandés",MILK AND DAIRY PRODUCTS,Ceee eam,,1.00,1494.00,357.00,32.40,5.60,26.00,17.57,8.13,0.67,89.00,33.50,1.43,1.43,*,0.00,*,829.00,541.00,1.74,965.00,188.00,30.00,0.03,3.75,*,*,*,934.00,243.00,135.00,*,0.06,0.61,0.09,0.00,0.08,1.54,20.00,16.00,0.50
LECHE Y DERIVADOS,eo imitacin “fresco”,MILK AND DAIRY PRODUCTS,Ceee imitation ite,,1.00,1857.00,444.00,36.20,3.20,41.80,*,*,*,*,8.90,9.90,*,*,*,*,*,*,*,*,*,*,*,*,*,*,*,*,*,*,*,*,*,*,*,*,*,*,*,*
LECHE Y DERIVADOS,eo imitacin ierra,MILK AND DAIRY PRODUCTS,Ceee imitation ierra,,1.00,1280.00,306.00,49.30,4.60,24.30,*,*,*,*,21.40,0.30,*,*,*,*,*,*,*,*,*,*,*,*,*,*,*,*,*,*,*,*,*,*,*,*,*,*,*,*
LECHE Y DERIVADOS,"Queso, kraft",MILK AND DAIRY PRODUCTS,"Cheese, kraft",,1.00,1155.00,276.00,45.70,4.90,21.00,13.10,*,*,75.00,25.50,9.20,6.70,*,0.30,*,666.00,432.00,3.71,1638.00,240.00,*,*,1.64,*,*,*,949.00,*,*,*,0.05,0.89,*,0.40,*,*,*,*,*
LECHE Y DERIVADOS,eo manceo,MILK AND DAIRY PRODUCTS,Ceee manceo rom La Manca,,1.00,1471.00,352.00,41.97,3.53,27.03,*,*,*,*,23.37,3.77,*,*,*,*,*,*,*,*,*,*,*,*,*,*,*,,*,*,*,*,*,*,*,*,*,*,*,*
LECHE Y DERIVADOS,eo moarea,MILK AND DAIRY PRODUCTS,Ceee moarea,,1.00,1226.00,293.00,48.80,2.80,19.60,13.15,6.57,0.77,79.00,22.80,6.00,1.03,*,0.00,*,505.00,354.00,0.44,627.00,76.00,20.00,*,2.92,*,*,*,676.00,179.00,*,*,0.03,0.28,0.10,0.00,0.04,2.28,0.00,7.00,0.40
LECHE Y DERIVADOS,"Queso, Oaxaca",MILK AND DAIRY PRODUCTS,"Cheese, Oaxaca",,1.00,1304.00,312.00,46.23,3.44,21.91,*,*,*,*,23.43,4.12,*,*,*,*,469.00,354.00,3.30,*,*,*,*,*,*,*,*,893.00,*,*,*,0.09,0.73,0.25,*,*,*,*,*,*
LECHE Y DERIVADOS,"Queso, panela",MILK AND DAIRY PRODUCTS,"Cheese, panela",,1.00,1082.00,257.00,56.80,3.69,16.28,*,*,*,*,21.23,2.18,*,*,*,*,629.92,249.00,6.97,523.10,*,*,*,*,*,*,*,*,*,*,*,0.09,0.42,*,*,*,*,*,*,*
LECHE Y DERIVADOS,"Queso, Petit Suisse con durazno",MILK AND DAIRY PRODUCTS,"Cheese, Petit-Suisse te it eac",,1.00,648.00,155.00,68.90,0.50,7.30,*,*,*,*,5.40,17.50,*,0.40,*,*,/,*,0.00,44.43,98.65,8.86,0.00,/,*,*,*,4.91,*,*,*,0.03,0.17,*,0.00,*,*,*,*,*
LECHE Y DERIVADOS,"Queso, Petit Suisse con fresa",MILK AND DAIRY PRODUCTS,"Cheese, Petit-Suisse te it traberr",,1.00,*,*,*,*,*,*,*,*,*,*,*,*,*,*,*,140.81,*,0.00,41.53,95.88,9.15,0.00,0.61,*,*,*,4.96,*,*,*,0.03,0.17,*,0.00,*,*,*,*,*
LECHE Y DERIVADOS,"Queso, Petit Suizo con fresa",MILK AND DAIRY PRODUCTS,"Cheese, Petit-Suisse te it traberr",,1.00,552.00,132.00,72.20,0.55,5.75,*,*,*,*,5.30,15.25,*,0.30,*,*,70.89,*,*,63.54,101.28,*,*,0.27,*,*,*,*,*,*,*,*,*,*,*,*,*,*,*,*
LECHE Y DERIVADOS,"Queso, Petit Suisse con frutas tropicales",MILK AND DAIRY PRODUCTS,"Cheese, Petit-Suisse type it troica rit",,1.00,*,*,*,*,*,*,*,*,*,*,*,*,*,*,*,141.45,*,0.00,41.78,92.57,8.91,0.00,0.71,*,*,*,6.15,*,*,*,0.03,0.17,*,0.00,*,*,*,*,*
LECHE Y DERIVADOS,"Queso, Petit Suizo con mano",MILK AND DAIRY PRODUCTS,"Cheese, Petit-Suisse te it mano",,1.00,615.00,147.00,69.00,0.50,6.00,*,*,*,*,5.90,17.90,*,0.70,*,*,71.14,*,*,39.38,104.76,*,*,0.28,*,*,*,*,*,*,*,*,*,*,*,*,*,*,*,*
LECHE Y DERIVADOS,"Queso, Petit Suizo con tutifruti",MILK AND DAIRY PRODUCTS,"Cheese, Petit-Suisse te it tttirtti",,1.00,661.00,158.00,69.00,0.50,7.90,*,*,*,*,5.10,17.20,*,0.30,*,*,71.79,*,*,37.48,104.12,*,*,0.29,*,*,*,*,*,*,*,*,*,*,*,*,*,*,*,*
LECHE Y DERIVADOS,"Queso, poblano",MILK AND DAIRY PRODUCTS,"Cheese, poblano",,1.00,*,*,51.20,8.10,20.00,*,*,*,*,19.20,*,*,*,*,*,635.00,375.00,2.41,*,*,*,*,*,*,*,*,*,*,*,*,0.10,0.61,0.12,*,*,*,*,*,*
LECHE Y DERIVADOS,"Queso, provolone",MILK AND DAIRY PRODUCTS,"Cheese, provolone",,1.00,1314.00,314.00,37.80,7.00,17.70,17.80,7.39,0.77,69.00,33.50,4.00,0.56,*,0.00,*,756.00,496.00,0.52,876.00,138.00,28.00,*,3.23,*,*,*,880.00,236.00,*,*,0.02,0.32,0.16,0.00,0.07,1.46,*,10.00,0.50
LECHE Y DERIVADOS,"Queso, ranchero, sabor tradicional",MILK AND DAIRY PRODUCTS,Ceee armer traitiona aor,,1.00,1184.84,279.96,52.40,3.98,19.73,*,*,*,*,22.93,3.62,*,*,*,*,758.46,434,2.79,694.99,*,*,*,*,*,*,*,*,*,*,*,0.05,0.37,0.22,*,*,*,*,*,*
LECHE Y DERIVADOS,"Queso, Santa Bárbara",MILK AND DAIRY PRODUCTS,"Cheese, Santa Barbara",,1.00,*,*,54.90,2.30,24.50,*,*,*,*,16.50,*,*,*,*,*,684.00,336.00,5.09,*,*,*,*,*,*,*,*,*,*,*,*,0.01,0.56,0.36,*,*,*,*,*,*
LECHE Y DERIVADOS,"Queso, sierra, de canasta",MILK AND DAIRY PRODUCTS,"Cheese, basquet sierra",,1.00,1330.00,318.00,48.20,4.00,25.50,*,*,*,*,18.10,4.20,*,*,*,*,*,*,*,*,*,*,*,*,*,*,*,*,*,*,*,*,*,*,*,*,*,*,*,*
LECHE Y DERIVADOS,eo tio americano fundido,MILK AND DAIRY PRODUCTS,Ceee american mete te,,1.00,1288.80,304.50,45.50,5.00,21.30,13.33,6.22,0.62,55.00,19.40,8.80,7.32,*,0.00,*,302.40,875.00,0.33,1151.04,95.54,29.00,*,2.59,*,*,*,653.00,173.00,*,*,0.05,0.43,0.13,0.00,0.12,0.40,0.00,7.00,0.40
LECHE Y DERIVADOS,"Queso, tipo cottage",MILK AND DAIRY PRODUCTS,"Cheese, cottage type",,1.00,475.39,112.18,77.60,1.23,5.50,2.85,1.28,0.14,15.00,8.67,7.00,2.67,*,0.00,*,123.97,159.00,0.07,339.95,104.00,8.00,0.03,0.37,0.00,0.01,*,140.00,37.00,0.02,0.01,0.03,0.16,0.10,0.00,0.05,0.04,0.00,12.00,0.10
LECHE Y DERIVADOS,eo tio manceo,MILK AND DAIRY PRODUCTS,Ceee manceo te,,1.00,1570.60,371.40,42.70,3.70,31.40,*,*,*,*,20.70,1.50,*,*,*,*,553.87,*,*,561.21,19.28,*,*,*,*,*,*,*,*,*,*,*,*,*,*,*,*,*,*,*
LECHE Y DERIVADOS,"Queso, tipo panela",MILK AND DAIRY PRODUCTS,"Cheese, panela type",,1.00,1083.30,256.00,56.60,2.90,18.80,*,*,*,*,20.30,1.40,*,*,*,*,430.36,*,*,504.28,27.83,*,*,*,*,*,*,*,*,*,*,*,*,*,*,*,*,*,*,*
LECHE Y DERIVADOS,Reen comercia,MILK AND DAIRY PRODUCTS,Cr Ceee commercia,,1.00,360.00,86.00,78.90,1.30,0.85,4.30,1.80,0.20,25.00,13.80,10.00,*,*,*,*,105.00,134.00,0.50,450.00,54.00,6.00,*,0.50,*,*,*,*,*,*,,0.04,0.16,0.06,0.00,0.01,0.50,9.00,*,*
LECHE Y DERIVADOS,Reen e ranco,MILK AND DAIRY PRODUCTS,Cr Ceee arm,,1.00,615.00,147.00,68.90,0.50,4.98,*,*,*,*,10.80,*,*,*,*,*,78.00,71.00,*,*,*,*,*,*,*,*,*,*,*,*,0.09,0.29,0.05,*,*,*,*,*,*,*
LECHE Y DERIVADOS,"Sustitutos Lácteos, crema canti",MILK AND DAIRY PRODUCTS,"Dairy Substitutes, canti cream",,1.00,1904.00,455.00,34.10,0.50,39.20,*,*,*,*,2.80,23.40,*,*,*,*,*,*,*,*,*,*,*,*,*,*,*,*,*,*,*,*,*,*,*,*,*,*,*,*
LECHE Y DERIVADOS,"Sustitutos Lácteos, deshidratado",MILK AND DAIRY PRODUCTS,"Dairy Substitutes, oere",,1.00,1749.00,418.00,2.20,5.10,11.50,32.53,0.97,0.01,0.00,7.70,73.50,*,*,0.00,*,22.00,422.00,1.15,181.00,812.00,4.00,*,0.51,*,*,*,*,2.00,*,*,0.00,0.17,0.00,0.00,0.00,0.00,0.00,0.00,*
LECHE Y DERIVADOS,"Yogur, blanco",MILK AND DAIRY PRODUCTS,"Yoghurt, plain",,1.00,241.50,56.90,86.80,0.60,1.30,*,*,*,*,4.30,7.00,*,*,*,*,308.35,*,0.00,43.15,142.67,14.36,0.00,0.06,*,*,*,*,*,*,*,*,*,*,*,*,*,*,*,*
LECHE Y DERIVADOS,"Yogur, blanco, bajo en grasas calcio plus",MILK AND DAIRY PRODUCTS,ort ain oat cacim,,1.00,198.80,46.80,87.80,1.00,0.40,1.00,0.43,0.04,6.00,4.90,5.90,7.04,0.00,0.00,*,137.43,144.00,0.00,57.04,213.06,14.70,0.00,0.35,*,*,*,51.00,14.00,*,*,0.04,0.21,0.11,0.80,0.05,0.56,*,11.00,0.00
LECHE Y DERIVADOS,"Yogur, con cereales",MILK AND DAIRY PRODUCTS,ort it cerea,,1.00,443.00,106.00,72.90,1.20,1.10,*,*,*,*,4.10,20.50,*,0.20,*,*,132.70,*,*,53.30,*,*,*,*,*,*,*,*,*,*,0.04,0.10,*,*,*,*,*,*,*,*
LECHE Y DERIVADOS,"Yogur, con cereales y frutas",MILK AND DAIRY PRODUCTS,ort it cerea and fruits,,1.00,498.00,119.00,69.50,2.80,4.20,0.53,0.31,0.12,3.00,4.40,16.30,11.68,2.50,1.10,*,105.00,93.00,0.49,0.49,189.00,17.00,*,0.89,*,*,*,115.00,30.00,*,*,0.07,0.17,0.71,14.30,0.23,0.88,*,77.00,0.10
LECHE Y DERIVADOS,"Yogur, con durazno",MILK AND DAIRY PRODUCTS,ort it eac,,1.00,415.00,98.00,77.20,0.70,2.13,*,*,*,*,3.04,16.88,*,0.40,*,*,114.71,*,0.00,42.19,163.45,9.33,0.00,0.64,*,*,*,0.00,0.00,*,*,0.04,0.10,*,0.00,*,*,*,*,*
LECHE Y DERIVADOS,"Yogur, con durazno y zucaritas",MILK AND DAIRY PRODUCTS,ort it eac an rote corn ae,,1.00,540.00,129.00,67.50,0.90,1.30,*,*,*,*,3.60,26.40,*,0.30,*,*,106.42,*,*,115.46,167.13,*,*,0.91,*,*,*,0.00,*,*,*,0.18,0.30,*,7.46,*,*,*,*,*
LECHE Y DERIVADOS,"Yogur, con durazno, 0% grasa",MILK AND DAIRY PRODUCTS,"Yoghurt, fat-free peach",,1.00,208.10,49.00,87.80,0.80,0.60,*,*,*,*,3.80,7.00,*,0.00,*,*,115.60,*,0.00,38.58,154.66,11.74,0.00,0.33,*,*,*,*,*,*,*,*,*,*,*,*,*,*,*,*
LECHE Y DERIVADOS,"Yogur, con fresa",MILK AND DAIRY PRODUCTS,ort it traberr,,1.00,401.00,95.00,77.31,0.85,2.05,*,*,*,*,3.17,16.38,*,0.43,*,*,103.34,*,0.00,46.70,168.45,9.71,0.00,0.30,*,*,*,0.00,*,*,*,0.04,0.07,*,0.00,*,*,*,*,*
LECHE Y DERIVADOS,"Yogur, con fresa y chocokrispis",MILK AND DAIRY PRODUCTS,ort it traberr and chocokrispies,,1.00,586.00,140.00,65.20,1.00,1.80,*,*,*,*,4.00,27.60,*,0.40,*,*,113.00,*,*,132.05,178.46,*,*,0.89,*,*,*,0.00,*,*,*,0.04,0.07,*,0.00,*,*,*,*,*
LECHE Y DERIVADOS,"Yogur, con fresa y granola",MILK AND DAIRY PRODUCTS,ort it traberr and granola,,1.00,531.00,127.00,69.00,0.90,2.30,*,*,*,*,4.30,22.80,*,0.70,*,*,118.44,*,*,45.96,222.62,*,*,0.55,*,*,*,*,*,*,*,*,*,*,*,*,*,*,*,*
LECHE Y DERIVADOS,"Yogur, con fresa, light",MILK AND DAIRY PRODUCTS,ort oat it traberrie,,1.00,217.00,51.00,87.00,0.90,0.60,*,*,*,*,4.10,7.30,*,0.10,*,*,151.57,*,0.00,39.12,154.91,14.63,0.00,0.18,*,*,*,*,*,*,*,*,*,*,*,*,*,*,*,*
LECHE Y DERIVADOS,"Yogur, con frutas",MILK AND DAIRY PRODUCTS,ort it rit,,1.00,427.00,102.00,74.60,1.03,2.10,*,*,*,*,3.97,18.23,*,0.50,*,*,120.80,*,*,56.32,168.29,*,*,0.81,*,*,*,*,*,*,0.04,0.15,*,*,*,*,*,*,*,*
LECHE Y DERIVADOS,"Yogur, con frutas tropicales",MILK AND DAIRY PRODUCTS,ort it troica fruits,,1.00,397.00,94.00,78.80,0.75,2.35,0.74,0.32,0.03,5.00,3.15,14.95,18.64,0.00,0.00,*,102.70,109.00,0.00,43.34,151.75,9.49,0.00,0.23,*,*,*,40.00,11.00,*,*,0.03,0.16,0.09,0.60,0.04,0.43,0.00,9.00,0.00
LECHE Y DERIVADOS,"Yogur, con frutas y cereales",MILK AND DAIRY PRODUCTS,ort it rit and cereals,,1.00,434.00,102.00,76.20,0.80,2.20,*,*,*,*,3.60,17.00,*,0.20,*,*,106.61,*,0.00,51.72,173.93,12.44,0.00,0.37,*,*,*,*,*,*,*,*,*,*,*,*,*,*,*,*
LECHE Y DERIVADOS,"Yogur, con granola",MILK AND DAIRY PRODUCTS,ort it ranoa,,1.00,391.00,92.20,80.10,0.60,3.00,*,*,*,*,2.60,13.70,*,0.00,*,*,83.75,*,0.00,39.30,138.56,10.34,0.00,0.16,*,*,*,*,*,*,*,*,*,*,*,*,*,*,*,*
LECHE Y DERIVADOS,"Yogur, con higo - nuez, bio calcio",MILK AND DAIRY PRODUCTS,ort it fi an ecan biocacim,,1.00,440.70,103.90,77.20,1.10,3.40,*,*,*,*,3.30,14.90,*,0.10,*,*,243.71,*,0.00,21.08,149.63,11.70,0.00,0.43,*,*,*,*,*,*,*,*,*,*,*,*,*,*,*,*
LECHE Y DERIVADOS,or con mano,MILK AND DAIRY PRODUCTS,ort it mano,,1.00,393.00,94.00,77.55,0.73,2.00,*,*,*,*,3.00,16.20,*,0.40,*,*,94.31,*,0.00,46.90,150.69,7.38,0.00,0.61,*,*,*,*,*,*,*,*,*,*,*,*,*,*,*,*
LECHE Y DERIVADOS,or con manana y canela,MILK AND DAIRY PRODUCTS,ort it ae an cinnamon,,1.00,405.20,95.50,78.90,0.60,2.70,*,*,*,*,2.70,15.10,*,0.00,*,*,85.15,*,0.00,46.28,130.50,8.15,0.00,0.15,*,*,*,*,*,*,*,*,*,*,*,*,*,*,*,*
LECHE Y DERIVADOS,or con manana,MILK AND DAIRY PRODUCTS,ort it ae,,1.00,404.00,96.00,77.35,0.75,1.78,*,*,*,*,3.08,16.35,*,0.70,*,*,102.14,*,0.00,47.00,158.20,9.08,0.00,0.24,*,*,*,*,*,*,*,*,*,*,*,*,*,*,*,*
LECHE Y DERIVADOS,"Yogur, con nuez y cereal",MILK AND DAIRY PRODUCTS,"Yoghurt, pecan-cereal",,1.00,381.00,91.00,78.60,0.70,2.60,*,*,*,*,2.70,14.60,*,0.80,*,*,*,*,*,*,*,*,*,*,*,*,*,*,*,*,*,*,*,*,*,*,*,*,*,*
LECHE Y DERIVADOS,or con ia mano bio calcio,MILK AND DAIRY PRODUCTS,ort it ineae an mano biocacim,,1.00,426.00,100.40,77.50,1.00,2.80,*,*,*,*,3.30,15.40,*,0.00,*,*,252.42,*,0.00,85.42,146.32,11.13,0.00,0.39,*,*,*,*,*,*,*,*,*,*,*,*,67.65,*,*,*
LECHE Y DERIVADOS,or con aramora,MILK AND DAIRY PRODUCTS,ort it bacberr,,1.00,407.00,97.00,77.35,0.75,2.30,*,*,*,*,3.10,16.15,*,0.60,*,*,122.74,*,0.00,42.18,181.11,12.19,0.00,0.24,*,*,*,*,*,*,*,*,*,*,*,*,93.32,*,*,*
LECHE Y DERIVADOS,or cremoo,MILK AND DAIRY PRODUCTS,ort cream,,1.00,456.00,107.00,78.60,0.85,5.05,*,*,*,*,4.05,11.45,*,*,*,*,114.98,*,0.00,47.88,142.71,11.55,0.00,0.49,*,*,*,*,*,*,*,*,*,*,*,*,24.48,*,*,*
LECHE Y DERIVADOS,"Yogur, dietético",MILK AND DAIRY PRODUCTS,"Yoghurt, nonfat",,1.00,240.00,56.50,85.40,1.10,0.50,*,*,*,*,5.30,7.70,*,*,*,*,72.97,*,0.31,28.86,201.00,8.07,0.00,1.09,*,*,*,*,*,*,*,*,*,*,*,*,46.73,*,*,*
LECHE Y DERIVADOS,"Yogur, licuado con manana cerea",MILK AND DAIRY PRODUCTS,ort ermente miae te it ae an cerea,,1.00,326.00,78.00,81.80,0.60,2.10,*,*,*,*,2.30,12.80,*,0.40,*,*,75.23,*,*,45.02,120.11,*,*,0.60,*,*,*,*,*,*,*,*,*,*,*,*,18.64,*,*,*
LECHE Y DERIVADOS,"Yogur, licuado de fresa- mame cerea",MILK AND DAIRY PRODUCTS,ort ermente miae te it traberrmame and cereal,,1.00,356.00,85.00,80.40,0.60,2.40,*,*,*,*,2.40,14.00,*,0.20,*,*,83.66,*,*,49.76,120.72,*,*,0.33,*,*,*,*,*,*,*,*,*,*,*,*,18.29,*,*,*
LECHE Y DERIVADOS,"Yogur, licuado de manana cerea",MILK AND DAIRY PRODUCTS,ort ermente miae te it ae an cerea,,1.00,284.00,68.00,82.70,0.40,1.50,*,*,*,*,1.90,12.10,*,0.60,*,*,72.70,*,*,60.48,,*,*,*,*,*,*,0.00,*,*,0.02,0.09,*,8.05,*,*,12.25,*,*,*
LECHE Y DERIVADOS,"Yogur, licuado de plátano y cereal",MILK AND DAIRY PRODUCTS,ort ermente miae teit banana an cerea,,1.00,351.00,84.00,79.90,0.60,1.80,*,*,*,*,2.10,15.40,*,0.20,*,*,68.89,*,*,41.40,111.26,*,*,0.52,*,*,*,*,*,*,*,*,*,*,*,*,10.98,*,*,*
LECHE Y DERIVADOS,"Yogur, natural",MILK AND DAIRY PRODUCTS,"Yoghurt, plain",,1.00,323.00,77.00,83.77,1.03,3.60,2.10,0.89,0.09,13.00,4.35,6.50,4.66,*,0.00,*,66.60,95.00,0.00,28.15,86.90,6.21,0.00,0.38,0.00,2.20,*,99.00,27.00,*,0.05,0.20,0.14,0.08,0.50,0.03,30.55,0.00,7.00,0.10
LECHE Y DERIVADOS,"Yogur, para beber",MILK AND DAIRY PRODUCTS,"Yoghurt, beverage",,1.00,339.00,81.00,80.30,0.80,1.60,*,*,*,*,2.30,14.90,*,0.10,*,*,*,*,*,*,*,*,*,*,*,*,*,*,*,*,0.03,0.26,*,*,*,*,*,*,*,*
LECHE Y DERIVADOS,"Yogur, para beber con durazno",MILK AND DAIRY PRODUCTS,ort it eac beverage,,1.00,330.00,79.00,82.50,0.40,2.50,*,*,*,*,2.00,12.40,*,0.20,*,*,58.35,*,*,116.63,94.20,*,*,0.42,*,*,*,*,*,*,*,*,*,*,*,*,*,*,*,*
LECHE Y DERIVADOS,"Yogur, para beber con fresa",MILK AND DAIRY PRODUCTS,ort it traberr beverage,,1.00,301.00,72.00,82.75,0.45,1.90,*,*,*,*,1.90,12.20,*,0.20,*,*,60.25,*,*,119.06,96.50,*,*,0.41,*,*,*,*,*,*,*,*,*,*,*,*,*,*,*,*
LECHE Y DERIVADOS,"Yogur, para beber con frutas tropicales",MILK AND DAIRY PRODUCTS,"ort it troica fruit, beverage",,1.00,322.00,77.00,82.50,0.50,2.30,*,*,*,*,1.90,12.70,*,0.10,*,*,60.70,*,*,132.61,94.69,*,*,0.45,*,*,*,*,*,*,*,*,*,*,*,*,*,*,*,*
LECHE Y DERIVADOS,"Yogur, para beber con manarina",MILK AND DAIRY PRODUCTS,ort it tanerine beverage,,1.00,322.00,77.00,82.50,0.50,2.20,*,*,*,*,1.90,12.70,*,0.20,*,*,61.01,*,*,132.13,102.19,*,*,0.40,*,*,*,*,*,*,*,*,*,*,*,*,*,*,*,*
HUEVO AVES,"Huevo, gallina blanco, clara cruda",EGG POULTRY,E en ra e ite ite,,1.00,234.00,56.00,86.90,0.70,0.50,0.00,0.00,0.00,0.00,11.10,0.80,0.71,*,0.00,*,6.90,11.08,0.45,189.36,124.28,11.23,0.02,0.10,0.01,20.00,*,0.00,0.00,0.00,0.00,0.01,0.35,0.09,0.00,0.01,0.09,0.00,4.00,0.00
HUEVO AVES,"Huevo, gallina blanco, entero crudo",EGG POULTRY,E en ra oe ite,,0.88,611.00,145.00,73.87,1.00,8.62,3.13,3.66,1.91,540.00,12.30,4.93,0.37,*,0.00,*,46.34,192.03,1.75,133.06,115.17,12.25,0.07,1.18,0.03,30.70,*,2085.98,*,0.01,0.00,0.12,0.49,0.10,0.00,0.17,0.89,0.00,47.00,2.00
HUEVO AVES,"Huevo, gallina blanco, ema cra",EGG POULTRY,E en ra o ite,,1.00,1259.00,301.00,53.00,1.70,23.20,9.55,11.74,4.20,1100.00,16.10,6.00,0.56,*,0.00,*,37.37,344.03,5.44,72.59,79.95,11.34,0.15,2.77,0.06,56.00,*,3212.27,381.00,0.03,0.09,0.15,0.45,0.15,0.00,0.35,1.95,0.00,146.00,5.40
HUEVO AVES,"Huevo, gallina, cocido in cacarn",EGG POULTRY,"Egg, hen cooked",,,714.45,170.92,77.10,0.93,10.41,3.60,5.00,1.80,562.10,13.29,1.12,1.12,*,0.00,*,100.06,190.04,0.88,102.92,67.63,15.49,0.00,0.95,*,0.03,*,520.00,149.00,*,*,0.03,0.38,0.06,0.00,0.12,1.11,0.00,44.00,2.20
HUEVO AVES,"Huevo, gallina, deshidratado",EGG POULTRY,"Egg, hen dried",,,2831.42,677.37,2.40,3.59,34.80,11.65,16.72,6.42,2280.63,49.61,9.60,0.30,*,0.00,*,299.55,767.41,4.09,502.98,430.23,49.61,0.00,4.36,*,0.04,*,500.00,150.00,*,*,0.33,1.64,0.34,0.00,0.49,3.39,0.00,119.00,3.10
HUEVO AVES,"Huevo, gallina iofiiao",EGG POULTRY,"Egg, hen freeze-dried",,1.00,2485.00,594.00,3.10,3.66,35.48,12.73,15.34,5.80,1507.00,48.86,4.95,3.08,*,0.00,*,360.00,32.60,0.77,1087.00,610.00,1.60,0.06,12.50,0.13,0.04,*,997.00,275.00,*,41.00,0.20,1.54,0.31,0.00,0.39,3.95,0.00,171.00,8.00
HUEVO AVES,"Huevo, gallina rojo, clara cruda",EGG POULTRY,E en ra e ite re,,1.00,217.00,52.00,87.30,0.90,0.40,*,*,*,0.00,10.40,1.00,*,*,*,*,6.65,10.45,0.25,183.67,117.90,9.36,0.03,0.07,*,*,*,0.00,*,*,*,0.01,0.34,0.08,0.00,*,*,*,*,*
HUEVO AVES,"Huevo, gallina rojo, entero crudo",EGG POULTRY,E en ra oe re,,0.88,606.00,145.00,75.40,0.80,9.30,*,*,*,730.00,12.20,2.30,*,*,*,*,22.56,143.60,1.51,136.35,98.74,9.98,0.05,0.79,*,*,*,1535.27,*,*,*,0.06,0.30,0.09,0.00,*,*,*,*,*
HUEVO AVES,"Huevo, gallina rojo, ema cra",EGG POULTRY,"E en ra yolk, red",,1.00,1301.00,311.00,52.50,1.60,24.70,*,*,*,1219.77,15.40,5.80,*,*,*,*,32.55,272.41,4.83,74.18,83.02,9.64,0.14,2.51,*,*,*,2658.81,*,*,*,0.17,0.52,0.11,0.00,*,*,*,*,*
HUEVO AVES,"Huevo, pata entero, crudo",EGG POULTRY,"Egg, duck oe ra",,0.88,774.04,185.00,70.83,1.14,13.77,3.68,6.53,1.22,884.00,12.81,1.45,0.93,*,0.00,*,64.00,220.00,3.85,146.00,222.00,17.00,0.06,1.41,0.09,0.04,*,674.00,194.00,*,*,0.16,0.40,0.20,0.00,0.25,5.40,*,80.00,1.70
HUEVO REPTILES,"Huevo, iguana entero, crudo",EGG REPTILE,"Egg, iguana oe ra",,0.89,912.00,218.00,65.40,2.60,1.13,*,*,*,*,12.39,4.30,*,*,*,*,429.00,44.00,15.21,*,*,*,*,*,*,*,*,*,336.00,*,*,0.14,0.41,0.50,*,*,*,*,*,*
"CARNES, VISCERAS Y DERIVADOS","Aves, pavo bisteck","MEATS, OFFALS, AND BY-PRODUCTS","Poultry, turkey steak",,1.00,586.00,263.00,69.10,1.00,4.60,1.46,1.83,1.47,72.00,21.90,3.40,0.07,*,0.00,*,11.00,190.00,0.86,118.00,235.00,27.00,*,1.84,*,*,*,56.00,17.00,*,*,0.05,0.19,7.63,0.00,0.60,1.22,*,7.00,0.30
"CARNES, VISCERAS Y DERIVADOS","Aves, pavo brocheta","MEATS, OFFALS, AND BY-PRODUCTS","Poultry, turkey kebeb style",,1.00,692.24,174.48,69.80,0.90,11.60,*,*,*,*,15.10,2.40,*,0.20,*,*,*,*,*,*,*,*,*,*,*,*,*,*,*,*,*,*,*,*,*,*,*,*,*,*
"CARNES, VISCERAS Y DERIVADOS",Ae ao carne moia,"MEATS, OFFALS, AND BY-PRODUCTS","Poultry, turkey ron meat",,1.00,527.00,129.00,72.70,1.00,4.70,2.17,2.84,2.54,74.00,19.70,1.90,0.00,*,0.00,*,21.00,193.00,1.17,69.00,213.00,21.00,*,2.53,*,*,*,73.00,22.00,*,*,0.07,0.19,5.42,0.00,0.35,1.20,*,7.00,14.00
"CARNES, VISCERAS Y DERIVADOS","Aves, pavo crudo, cometo coneao","MEATS, OFFALS, AND BY-PRODUCTS","Poultry, turkey frozen turkey",,1.00,508.30,123.00,72.40,1.10,3.40,2.20,2.76,1.93,78.00,22.80,0.30,*,*,0.00,*,15.00,180.00,1.69,67.00,269.00,22.00,0.12,2.31,*,*,*,341.00,,*,*,0.07,0.20,4.15,0.20,0.41,1.62,0.00,23.00,*
"CARNES, VISCERAS Y DERIVADOS","Aves, pavo entero, amao coneao","MEATS, OFFALS, AND BY-PRODUCTS",otr tre moe frozen turkey,,1.00,541.00,129.00,68.50,1.90,2.20,2.83,3.18,2.47,82.00,23.70,3.70,0.00,*,0.00,*,26.00,203.00,1.79,996.00,280.00,25.00,*,2.96,*,*,*,0.00,0.00,*,*,0.06,0.18,5.09,0.00,0.41,0.35,*,7.00,0.00
"CARNES, VISCERAS Y DERIVADOS",Ae ao fiete,"MEATS, OFFALS, AND BY-PRODUCTS",otr tre fiet,,1.00,564.40,135.80,68.70,1.10,3.00,*,*,*,*,22.80,4.40,*,*,*,*,2.27,*,1.46,60.66,264.14,20.44,*,3.09,*,*,*,0.00,,*,*,0.06,0.00,*,0.00,*,*,*,*,*
"CARNES, VISCERAS Y DERIVADOS","Aves, pavo ambrea","MEATS, OFFALS, AND BY-PRODUCTS","Poultry, turkey patties",,1.00,571.20,139.30,69.80,1.50,4.90,*,*,*,*,15.60,8.20,*,*,*,*,*,*,*,*,*,*,*,*,*,*,*,*,*,*,*,*,*,*,*,*,*,*,*,*
"CARNES, VISCERAS Y DERIVADOS","Aves, pavo longaniza","MEATS, OFFALS, AND BY-PRODUCTS","Poultry, turkey longaniza Tin Saae",,1.00,634.10,159.80,69.60,3.00,10.50,*,*,*,*,16.60,0.30,*,*,*,*,*,*,*,*,*,*,*,*,*,*,*,*,*,*,*,*,*,*,*,*,*,*,*,*
"CARNES, VISCERAS Y DERIVADOS",Ae ao mortaea,"MEATS, OFFALS, AND BY-PRODUCTS",otr tre mortaea,,1.00,901.00,215.00,61.90,3.90,15.30,*,*,*,*,13.30,5.60,*,*,*,*,*,*,*,*,*,*,*,*,*,*,*,*,*,*,*,*,*,*,*,*,*,*,*,*
"CARNES, VISCERAS Y DERIVADOS","Aves, pavo salchicha hot dog","MEATS, OFFALS, AND BY-PRODUCTS","Poultry, turkey hot dog sausage",,1.00,932.00,223.00,61.50,2.90,15.50,4.03,5.74,3.95,77.00,13.20,6.90,1.21,*,0.00,*,148.00,172.00,1.47,1078.00,392.00,14.00,*,1.84,*,0.07,*,0.00,,*,*,0.04,0.18,3.68,0.00,0.14,0.82,*,10.00,0.60
"CARNES, VISCERAS Y DERIVADOS","Aves, pollo carne deshidratada","MEATS, OFFALS, AND BY-PRODUCTS","Poultry, chicken rie meat",,1.00,2247.00,537.00,1.50,2.30,26.60,*,*,*,*,68.60,1.00,*,0.00,*,*,*,*,*,*,*,*,*,*,*,*,*,*,*,*,*,*,*,*,*,*,*,*,*,*
"CARNES, VISCERAS Y DERIVADOS","Aves, pollo con verduras","MEATS, OFFALS, AND BY-PRODUCTS","Poultry, chicken it eetabe",,1.00,217.00,52.00,87.00,2.80,2.30,*,*,*,*,4.00,3.50,*,0.40,*,*,*,*,*,*,*,*,*,*,*,*,*,*,*,*,*,*,*,*,*,*,*,*,*,*
"CARNES, VISCERAS Y DERIVADOS","Aves, pollo entero, sin hueso con piel","MEATS, OFFALS, AND BY-PRODUCTS",otr cicen oe it in,,0.56,979.00,234.00,64.30,0.80,18.00,4.31,6.24,3.23,53.50,15.80,1.10,0.00,*,0.00,*,7.14,147.00,4.07,21.67,173.27,15.29,0.12,1.06,*,*,*,899.64,*,*,*,0.05,0.79,4.27,0.00,0.35,0.31,0.00,6.00,0.20
"CARNES, VISCERAS Y DERIVADOS","Aves, pollo harina","MEATS, OFFALS, AND BY-PRODUCTS",otr cicen oe or,,1.00,2402.00,574.00,3.40,4.30,41.50,*,*,*,*,37.70,10.00,*,3.10,*,*,*,*,*,*,*,*,*,*,*,*,*,*,*,*,*,*,*,*,*,*,*,*,*,*
"CARNES, VISCERAS Y DERIVADOS","Aves, pollo hígado","MEATS, OFFALS, AND BY-PRODUCTS","Poultry, chicken liver",Gallus gallus,1.00,479.00,119.00,76.46,1.17,4.83,1.56,1.25,1.31,345.00,16.92,0.73,0.00,*,0.00,*,8.00,297.00,8.20,71.00,230.00,19.00,0.40,2.67,0.26,0.01,*,11078.00,3296.00,*,*,0.31,1.78,6.95,17.90,0.85,16.58,0.00,588.00,0.00
"CARNES, VISCERAS Y DERIVADOS",Ae oo mo sin hueso con piel,"MEATS, OFFALS, AND BY-PRODUCTS","Poultry, chicken ti it in",,1.00,1084.00,259.00,63.00,0.70,21.90,4.48,6.89,3.45,29.65,14.40,0.00,0.00,*,0.00,*,6.15,158.00,7.17,12.39,157.40,13.91,0.12,1.02,*,*,*,0.00,,*,*,0.05,0.08,3.73,0.00,0.34,0.64,0.00,3.00,0.10
"CARNES, VISCERAS Y DERIVADOS","Aves, pollo nugget","MEATS, OFFALS, AND BY-PRODUCTS","Poultry, chicken nugget",,1.00,443.00,106.00,75.60,1.90,3.40,0.80,8.27,4.39,95.00,16.70,2.20,0.00,0.20,0.10,*,11.80,169.00,0.80,381.00,249.00,17.00,*,0.81,*,*,*,53.00,*,*,*,0.11,0.06,6.74,0.00,0.33,0.23,*,5.00,*
"CARNES, VISCERAS Y DERIVADOS","Aves, pollo pechuga, sin hueso con piel","MEATS, OFFALS, AND BY-PRODUCTS","Poultry, chicken breat it in",,1.00,715.00,171.00,70.00,0.90,9.80,2.66,3.82,1.96,29.07,19.30,0.00,0.00,*,0.00,*,7.77,174.00,6.70,20.11,179.02,17.03,0.15,0.93,*,0.01,*,593.14,*,*,*,0.05,0.04,6.18,0.00,0.53,0.34,0.00,4.00,0.40
"CARNES, VISCERAS Y DERIVADOS","Aves, pollo pierna, sin hueso con piel","MEATS, OFFALS, AND BY-PRODUCTS","Poultry, chicken e it in",,1.00,758.00,181.00,70.90,0.70,12.60,4.37,6.62,3.35,37.51,15.80,0.00,0.00,*,0.00,*,6.44,155.00,2.02,21.26,180.05,16.43,0.10,1.56,*,*,*,0.00,*,*,*,0.06,0.12,3.77,0.00,0.32,0.56,0.00,4.00,0.10
"CARNES, VISCERAS Y DERIVADOS",Ae oo anic pechuga grill,"MEATS, OFFALS, AND BY-PRODUCTS",otr cicen anic grill chicken breast,,1.00,781.72,184.19,56.50,1.89,4.35,*,*,*,*,15.92,20.34,*,1.00,*,*,*,*,2.35,502.00,*,*,*,*,*,*,*,*,*,*,*,*,*,*,*,*,*,*,*,*
"CARNES, VISCERAS Y DERIVADOS",Ae oo anic pechuga crispy,"MEATS, OFFALS, AND BY-PRODUCTS",otr cicen anic grill chicken breast,,1.00,959.02,226.10,50.30,2.38,7.62,*,*,*,*,12.98,26.40,*,0.32,*,*,*,*,1.99,675.54,*,*,*,*,*,*,*,*,*,*,*,*,*,*,*,*,*,*,*,*
"CARNES, VISCERAS Y DERIVADOS","Aves, pollo sazonador para preparar caldo","MEATS, OFFALS, AND BY-PRODUCTS","Poultry, chicken seasoning for preparing stock",,1.00,854.00,204.00,2.03,61.03,8.20,*,*,*,*,9.70,22.58,*,0.00,*,*,79.00,135.00,7.42,117.97,*,*,*,*,*,*,*,*,*,*,*,0.00,0.43,1.03,*,*,*,*,*,*
"CARNES, VISCERAS Y DERIVADOS","Aves, pollo vinagreta","MEATS, OFFALS, AND BY-PRODUCTS","Poultry, chicken vinaigrette",,1.00,414.00,99.00,81.10,1.90,6.00,*,*,*,*,9.70,0.80,*,0.50,*,*,*,*,*,*,*,*,*,*,*,*,*,*,*,*,*,*,*,*,*,*,*,*,*,*
"CARNES, VISCERAS Y DERIVADOS",oino aan,"MEATS, OFFALS, AND BY-PRODUCTS",Bovines sirloin,Bos taurus,1.00,841.00,201.00,70.70,1.00,12.71,5.13,5.44,0.48,75.00,24.10,0.00,0.00,*,0.00,*,24.00,187.00,1.48,52.00,315.00,21.00,0.13,3.55,*,*,*,428.00,*,*,*,0.11,0.20,4.80,0.00,0.55,1.05,7.00,11.00,*
"CARNES, VISCERAS Y DERIVADOS","Bovinos, agujas","MEATS, OFFALS, AND BY-PRODUCTS","Bovines, beef plate",Bos taurus,1.00,*,*,68.30,*,7.90,*,*,*,*,20.40,*,*,*,*,*,*,*,*,*,*,*,*,*,*,0.00,*,779.00,*,*,*,0.06,0.22,3.68,*,*,*,*,*,*
"CARNES, VISCERAS Y DERIVADOS",oino abnia,"MEATS, OFFALS, AND BY-PRODUCTS",oine meatba,,1.00,594.00,142.00,71.10,1.80,6.60,*,*,*,*,15.50,4.10,*,0.30,*,*,*,*,*,*,*,*,*,*,*,*,*,*,*,*,*,*,*,*,*,*,*,*,*,*
"CARNES, VISCERAS Y DERIVADOS",oino abnia con arroz,"MEATS, OFFALS, AND BY-PRODUCTS",oine meatba it rice,,1.00,503.00,120.18,76.30,2.27,6.98,*,*,*,*,6.66,7.68,*,0.16,*,*,45.60,262.00,0.88,334.00,71.70,*,*,*,*,*,*,*,*,*,*,0.00,0.01,1.13,*,*,*,*,*,*
"CARNES, VISCERAS Y DERIVADOS",oino abnia con espaguetti,"MEATS, OFFALS, AND BY-PRODUCTS",oine meatba it aetti,,1.00,326.00,78.00,75.70,1.80,4.50,*,*,*,*,6.40,2.40,*,9.20,*,*,*,*,*,*,*,*,*,*,*,*,*,*,*,*,*,*,*,*,*,*,*,*,*,*
"CARNES, VISCERAS Y DERIVADOS",oino abnia enlatada,"MEATS, OFFALS, AND BY-PRODUCTS",oine canne meatba,,1.00,339.00,81.00,83.20,1.30,3.80,*,*,*,*,7.00,4.20,*,0.50,*,*,*,*,*,*,*,*,*,*,*,*,*,*,*,*,*,*,*,*,*,*,*,*,*,*
"CARNES, VISCERAS Y DERIVADOS",oino abnia con soya,"MEATS, OFFALS, AND BY-PRODUCTS",oine meatba it o,,1.00,351.00,84.00,42.90,4.40,15.70,*,*,*,*,19.70,16.50,*,0.80,*,*,*,*,*,*,*,*,*,*,*,*,*,*,*,*,*,*,*,*,*,*,*,*,*,*
"CARNES, VISCERAS Y DERIVADOS","Bovinos, aldilla, cocida anco eantero e a aca","MEATS, OFFALS, AND BY-PRODUCTS","Bovines, shoulder cooe",,1.00,904.00,216.00,56.73,2.15,10.33,*,*,*,*,30.79,*,*,*,*,*,21.00,162.00,3.80,546.00,229.00,19.00,0.00,5.20,*,*,*,*,*,0.00,*,0.11,0.10,4.69,0.00,*,*,*,*,*
"CARNES, VISCERAS Y DERIVADOS","Bovinos, bazo","MEATS, OFFALS, AND BY-PRODUCTS","Bovines, spleen",Bos taurus,1.00,439.00,105.00,77.40,1.30,3.00,1.00,0.78,0.22,263.00,18.00,0.00,*,*,0.00,*,9.00,296.00,44055.00,85.00,429.00,22.00,*,2.11,*,*,*,498.00,89.00,*,*,0.14,0.30,4.26,45.50,0.07,5.68,0.00,4.00,*
"CARNES, VISCERAS Y DERIVADOS","Bovinos, bolonia","MEATS, OFFALS, AND BY-PRODUCTS","Bovines, bologna",Bos taurus,1.00,883.00,211.00,59.52,3.41,14.25,11.13,12.22,0.78,56.00,10.40,11.07,0.00,*,1.35,*,31.00,174.00,2.40,654.00,217.00,24.00,0.00,1.10,*,*,*,70.00,,0.00,*,0.12,0.22,2.61,0.00,0.17,1.27,*,9.00,0.70
"CARNES, VISCERAS Y DERIVADOS","Bovinos, carne deshidratada","MEATS, OFFALS, AND BY-PRODUCTS","Bovines, beef jerky erate be",,1.00,1507.90,367.30,16.50,7.30,12.50,*,*,*,*,52.70,11.00,*,*,*,*,11.95,*,8.38,1121.29,694.37,40.16,0.00,9.57,*,*,*,*,*,*,*,*,*,*,*,*,*,*,*,*
"CARNES, VISCERAS Y DERIVADOS","Bovinos, carne guisada","MEATS, OFFALS, AND BY-PRODUCTS",oine tee meat,,1.00,594.00,142.00,72.20,2.90,8.70,*,*,*,*,9.80,5.40,*,1.00,*,*,*,*,*,*,*,*,*,*,*,*,*,*,*,*,*,*,*,*,*,*,*,*,*,*
"CARNES, VISCERAS Y DERIVADOS","Bovinos, carne guisada","MEATS, OFFALS, AND BY-PRODUCTS",oine tee meat,,1.00,355.00,85.00,78.70,2.00,2.00,*,*,*,*,12.80,3.20,*,1.30,*,*,*,*,*,*,*,*,*,*,*,*,*,*,*,*,*,*,*,*,*,*,*,*,*,*
"CARNES, VISCERAS Y DERIVADOS",oino carne moia,"MEATS, OFFALS, AND BY-PRODUCTS",oine ron meat,,1.00,674.00,160.50,72.10,1.40,10.90,11.29,13.16,0.70,78.00,15.60,0.00,0.00,*,0.00,*,24.00,132.00,1.64,67.00,218.00,14.00,0.15,3.57,*,*,*,0.00,*,*,*,0.04,0.14,3.38,0.00,0.28,2.07,9.00,8.00,*
"CARNES, VISCERAS Y DERIVADOS",oino ambrea,"MEATS, OFFALS, AND BY-PRODUCTS",oine ambrer patties,,1.00,795.00,190.00,65.65,2.90,12.65,*,*,*,*,15.55,5.70,*,0.80,*,*,*,*,*,*,*,*,*,*,*,*,*,*,*,*,*,*,*,*,*,*,*,*,*,*
"CARNES, VISCERAS Y DERIVADOS","Bovinos, carne seca aaa en mina","MEATS, OFFALS, AND BY-PRODUCTS",oine rie meat,,1.00,1494.00,353.00,12.92,8.52,8.16,2.60,*,*,30.00,63.28,0.00,*,0.00,0.00,*,18.00,*,7.00,4007.00,*,*,0.00,0.00,*,*,*,81.36,*,*,*,*,*,*,0.00,*,*,*,*,*
"CARNES, VISCERAS Y DERIVADOS","Bovinos, cecina de la sierra","MEATS, OFFALS, AND BY-PRODUCTS","Bovines, cecina rie ate meat",,1.00,787.00,185.00,59.04,2.77,6.04,*,*,*,*,23.30,11.02,*,1.52,34.85,*,23.16,< 31.08,10.92,583.17,439.14,66.30,0.00,4.92,*,*,*,802.00,*,*,*,0.14,0.23,7.40,*,*,*,*,*,*
"CARNES, VISCERAS Y DERIVADOS",oino cambarete,"MEATS, OFFALS, AND BY-PRODUCTS","Bovines, shank",Bos taurus,0.60,*,*,70.70,*,4.78,*,*,*,*,20.40,*,*,*,*,*,*,*,*,*,*,*,*,*,*,*,*,462.00,*,*,*,0.07,0.22,3.32,*,*,*,*,*,*
"CARNES, VISCERAS Y DERIVADOS","Bovinos, cuete","MEATS, OFFALS, AND BY-PRODUCTS","Bovines, round",Bos taurus,1.00,*,*,80.80,1.10,*,*,*,*,*,17.00,*,*,*,*,*,*,*,*,*,*,*,*,*,*,*,*,434.00,*,*,*,0.10,0.09,5.67,*,*,*,*,*,*
"CARNES, VISCERAS Y DERIVADOS",oino iemio asado sin hueso,"MEATS, OFFALS, AND BY-PRODUCTS","Bovines, boneless roasted chuck",Bos taurus,1.00,966.00,231.00,52.88,2.83,10.71,*,*,*,*,33.58,*,*,*,0.00,*,29.00,255.00,5.30,691.00,375.00,25.00,0.00,4.20,*,*,*,*,*,0.00,*,0.01,0.14,4.13,0.00,*,*,*,*,*
"CARNES, VISCERAS Y DERIVADOS","Bovinos, falda","MEATS, OFFALS, AND BY-PRODUCTS",oine bee an tea,Bos taurus,1.00,1050.00,251.00,75.10,1.10,1.72,7.53,8.52,0.66,68.00,22.40,0.00,0.00,*,0.00,*,6.00,177.00,1.70,69.00,282.00,19.00,0.12,3.71,0.87,0.00,*,0.00,22.00,*,*,0.17,0.22,5.04,0.00,0.38,2.25,8.00,6.00,*
"CARNES, VISCERAS Y DERIVADOS",oino fiete,"MEATS, OFFALS, AND BY-PRODUCTS","Bovines, tenderloin",Bos taurus,1.00,782.00,187.00,86.10,1.10,11.71,4.63,5.43,0.55,65.00,20.38,0.00,0.00,*,0.00,*,6.00,145.00,1.71,64.00,262.00,20.00,0.14,5.99,0.20,0.00,*,13.00,0.00,0.00,*,0.17,0.19,5.73,0.00,0.42,2.31,0.60,3.00,0.10
"CARNES, VISCERAS Y DERIVADOS","Bovinos, hígado","MEATS, OFFALS, AND BY-PRODUCTS","Bovines, liver",Bos taurus,1.00,565.00,135.00,68.00,2.00,3.63,1.23,0.48,0.47,275.00,22.90,3.89,0.00,*,0.00,*,5.00,387.00,8.90,69.00,313.00,18.00,*,4.00,*,*,*,481.00,*,*,*,0.23,2.76,8.74,1.30,1.06,59.30,0.00,290.00,1.20
"CARNES, VISCERAS Y DERIVADOS","Bovinos, hígado deshidratado","MEATS, OFFALS, AND BY-PRODUCTS","Bovines, dried liver",,1.00,1514.00,362.00,8.30,7.80,5.20,*,*,*,*,63.80,14.90,*,*,*,*,*,*,*,*,*,*,*,*,*,*,*,*,*,*,*,*,*,*,*,*,*,*,*,*
"CARNES, VISCERAS Y DERIVADOS","Bovinos, hígado deshidratado desgrasado","MEATS, OFFALS, AND BY-PRODUCTS","Bovines, fatless, dried liver",,1.00,1489.00,356.00,3.80,8.60,1.20,*,*,*,*,77.50,8.90,*,*,*,*,*,*,*,*,*,*,*,*,*,*,*,*,*,*,*,*,*,*,*,*,*,*,*,*
"CARNES, VISCERAS Y DERIVADOS",oino macaca con verdura,"MEATS, OFFALS, AND BY-PRODUCTS",oine macaca it eetabe,,1.00,861.00,206.00,57.40,4.02,10.86,*,*,*,*,26.20,0.79,*,0.72,*,*,84.00,340.00,1.26,1036.60,184.20,*,*,*,*,*,*,15.78,*,*,*,*,0.02,2.51,*,*,*,*,*,*
"CARNES, VISCERAS Y DERIVADOS",oino meno/ enlatado,"MEATS, OFFALS, AND BY-PRODUCTS","Bovines, canned offal",,0.98,463.00,110.50,79.33,0.65,6.64,*,*,*,*,6.82,/,*,0.02,*,*,35.00,228.00,0.89,148.30,39.70,*,*,*,*,*,*,207.00,*,*,*,0.03,0.10,/,*,*,*,*,*,*
"CARNES, VISCERAS Y DERIVADOS",oino mianea,"MEATS, OFFALS, AND BY-PRODUCTS","Bovines, cutlet",,1.00,1222.00,292.00,40.20,4.90,14.70,*,*,*,*,18.60,20.10,*,1.50,*,*,*,*,*,*,*,*,*,*,*,0.05,*,*,*,*,*,*,*,*,*,*,*,*,*,*
"CARNES, VISCERAS Y DERIVADOS",oino moia rita,"MEATS, OFFALS, AND BY-PRODUCTS",oine ron rie,,1.00,1366.00,327.00,41.31,3.43,21.11,7.19,8.66,0.49,88.00,34.15,0.00,0.00,,0.00,*,17.00,180.00,4.30,703.00,380.00,29.00,0.00,4.30,*,0.00,*,0.00,0.00,0.00,*,0.09,0.21,5.44,0.00,0.43,3.01,*,13.00,0.00
"CARNES, VISCERAS Y DERIVADOS",oino morona,"MEATS, OFFALS, AND BY-PRODUCTS","Bovines, blood sausage",,0.98,766.00,183.00,70.20,1.00,12.80,5.00,5.60,1.20,120.00,13.80,2.20,*,*,*,*,10.00,44.00,35.90,*,*,*,*,*,*,0.01,*,*,20.00,,*,0.02,0.06,2.90,2.00,*,*,*,*,*
"CARNES, VISCERAS Y DERIVADOS","Bovinos, pescuezo","MEATS, OFFALS, AND BY-PRODUCTS","Bovines, chuck",Bos taurus,1.00,*,*,73.80,*,3.04,*,*,*,*,20.40,*,*,*,*,*,*,*,*,*,*,*,*,*,*,0.00,*,389.00,*,*,*,0.11,0.21,4.14,*,*,*,*,*,*
"CARNES, VISCERAS Y DERIVADOS","Bovinos, picadillo","MEATS, OFFALS, AND BY-PRODUCTS",oine ron meat tee it eetabe,,1.00,668.00,160.00,66.80,4.20,11.80,*,*,*,*,12.10,7.60,*,0.65,*,*,*,*,*,*,*,*,*,*,*,*,*,*,*,*,*,*,*,*,*,*,*,*,*,*
"CARNES, VISCERAS Y DERIVADOS","Bovinos, picadillo con soya","MEATS, OFFALS, AND BY-PRODUCTS",oine ron meat tee it eetabe an o,,1.00,489.00,117.00,71.00,2.00,8.90,*,*,*,*,6.90,1.80,*,9.40,*,*,*,*,*,*,*,*,*,*,*,*,*,*,*,*,*,*,*,*,*,*,*,*,*,*
"CARNES, VISCERAS Y DERIVADOS",oino mn,"MEATS, OFFALS, AND BY-PRODUCTS","Bovines, lung",Bos taurus,1.00,385.00,92.00,79.20,0.90,2.50,0.86,0.64,0.34,242.00,16.00,0.00,*,*,0.00,*,10.00,224.00,7.95,198.00,340.00,14.00,*,1.61,*,*,*,143.00,14.00,*,*,0.08,0.25,2.15,38.50,0.04,3.81,0.00,11.00,*
"CARNES, VISCERAS Y DERIVADOS","Bovinos, pulpa","MEATS, OFFALS, AND BY-PRODUCTS","Bovines, beef",Bos taurus,1.00,649.00,155.00,75.60,1.60,7.37,2.59,3.46,0.23,62.00,21.25,0.00,0.00,*,0.00,*,5.00,201.00,1.92,79.00,330.00,23.00,*,4.31,*,0.00,*,750.00,*,*,*,0.11,0.13,6.96,0.00,0.42,2.43,0.00,7.00,*
"CARNES, VISCERAS Y DERIVADOS",oino a bitec,"MEATS, OFFALS, AND BY-PRODUCTS","Bovines, beefsteak",Bos taurus,1.00,1008.00,241.00,53.57,2.70,13.25,*,*,*,*,30.41,*,*,*,0.00,*,12.00,229.00,3.80,537.00,388.00,25.00,0.00,5.40,*,*,*,*,*,0.00,*,0.09,0.24,4.48,0.00,*,*,*,*,*
"CARNES, VISCERAS Y DERIVADOS",oino rin,"MEATS, OFFALS, AND BY-PRODUCTS","Bovines, kidney",Bos taurus,0.90,414.00,99.00,73.20,1.50,3.09,0.87,0.59,0.55,411.00,18.18,0.29,0.00,*,0.00,*,13.00,257.00,4.60,182.00,256.00,17.00,*,1.92,*,*,*,1397.00,*,*,*,0.42,1.04,8.03,9.40,0.67,27.50,0.00,98.00,1.10
"CARNES, VISCERAS Y DERIVADOS","Bovinos, Rosbeef","MEATS, OFFALS, AND BY-PRODUCTS","Bovines, Roastbeef",Bos taurus,0.90,933.00,223.00,88.60,1.20,16.28,6.40,5.59,0.43,70.00,15.27,3.73,0.71,*,0.20,*,23.00,116.00,2.06,724.00,259.00,24.00,0.08,6.08,*,*,*,622.00,*,*,*,0.05,0.13,7.78,0.20,0.15,2.38,*,8.00,*
"CARNES, VISCERAS Y DERIVADOS","Bovinos, tripas","MEATS, OFFALS, AND BY-PRODUCTS","Bovines, tripe",Bos taurus,1.00,356.00,85.00,63.40,0.50,3.69,1.29,1.53,0.18,122.00,11.30,0.00,0.00,*,0.00,*,69.00,64.00,0.59,97.00,67.00,13.00,*,1.42,*,0.07,*,177.00,53.00,*,*,0.04,0.10,1.46,0.00,0.01,1.39,2.00,5.00,0.00
"CARNES, VISCERAS Y DERIVADOS","Caprinos, canal, pierna","MEATS, OFFALS, AND BY-PRODUCTS","Goat, leg",,1.00,927.90,219.00,57.70,1.80,11.40,0.71,1.03,0.17,57.00,29.10,0.00,*,*,0.00,*,13.00,180.00,2.83,532.00,385.00,*,*,4.00,*,*,*,0.00,0.00,*,*,0.11,0.49,3.75,0.00,0.30,1.13,0.00,5.00,*
"CARNES, VISCERAS Y DERIVADOS",Carino rionaa rin cotia baa e a arte oterior,"MEATS, OFFALS, AND BY-PRODUCTS",Goat rionaa ine an oer bac rib,,1.00,952.10,224.70,56.40,1.80,11.50,*,*,*,*,30.30,0.00,*,*,*,*,*,*,*,379.97,*,*,*,*,*,*,*,*,*,*,*,*,*,*,*,*,*,*,*,*
"CARNES, VISCERAS Y DERIVADOS","Equinos, hígado deshidratado desgrasado","MEATS, OFFALS, AND BY-PRODUCTS","Equine, nonfat dried liver",,1.00,1602.00,383.00,4.60,4.20,3.70,*,*,*,*,78.80,8.70,*,*,*,*,*,*,*,*,*,*,*,*,*,*,*,*,*,*,*,*,*,*,*,*,*,*,*,*
"CARNES, VISCERAS Y DERIVADOS",Oino carne mara con hueso,"MEATS, OFFALS, AND BY-PRODUCTS",Oine ean meat it bone,Ovis agnus,0.58,1059.00,253.00,61.40,1.00,6.50,*,*,*,*,15.00,*,*,*,*,*,7.00,190.00,2.50,*,*,*,*,*,*,*,*,*,*,*,*,0.07,0.15,2.00,*,*,*,*,*,*
"CARNES, VISCERAS Y DERIVADOS","Ovinos, carne mara in eo","MEATS, OFFALS, AND BY-PRODUCTS",Oine ean meat itot bone,Ovis agnus,0.90,561.00,134.00,73.42,1.06,6.50,1.88,2.11,0.48,65.00,15.00,0.00,*,*,0.00,*,10.00,189.00,1.77,66.00,280.00,26.00,0.17,4.06,*,*,*,0.00,0.00,*,*,0.13,0.23,5.41,0.00,0.16,2.62,0.00,23.00,*
"CARNES, VISCERAS Y DERIVADOS","Ovinos, pierna de carnero deshuesada","MEATS, OFFALS, AND BY-PRODUCTS",Oine amb e itot bone,Ovis agnus,1.00,962.00,230.00,59.30,1.07,17.07,7.43,7.00,1.35,69.00,23.90,0.00,*,*,0.00,*,9.00,170.00,1.66,56.00,249.00,23.00,0.14,3.32,*,*,*,0.00,0.00,*,*,0.17,0.16,6.26,0.00,0.15,2.50,0.00,19.00,*
"CARNES, VISCERAS Y DERIVADOS","Porcinos, carne","MEATS, OFFALS, AND BY-PRODUCTS",or meat,,1.00,598.00,143.00,63.40,1.05,14.30,1.95,2.56,0.61,59.00,18.60,0.00,*,*,0.00,*,17.00,211.00,0.84,52.00,389.00,23.00,0.15,1.84,0.03,0.01,*,6.00,2.00,*,*,0.99,0.27,4.91,1.00,0.53,0.63,0.00,5.00,*
"CARNES, VISCERAS Y DERIVADOS","Porcinos, carne grasosa sin hueso","MEATS, OFFALS, AND BY-PRODUCTS",or att meat itot bone,S ometic,0.88,828.00,198.00,66.92,0.80,12.58,4.36,5.61,1.34,63.00,20.60,0.00,*,*,0.00,*,18.00,197.00,0.79,50.00,356.00,21.00,*,1.74,*,*,*,7.00,2.00,*,*,0.90,0.25,4.58,0.60,0.47,0.53,0.00,1.00,0.50
"CARNES, VISCERAS Y DERIVADOS","Porcinos, carne moia icante","MEATS, OFFALS, AND BY-PRODUCTS","Pork, ground ic meat",S ometic,1.00,979.00,234.00,59.40,2.90,16.00,7.87,9.44,1.91,72.00,14.90,6.40,*,0.40,0.00,*,14.00,175.00,0.88,56.00,287.00,19.00,*,2.20,*,*,*,7.00,2.00,*,*,0.73,0.24,4.34,0.70,0.38,0.70,*,5.00,*
"CARNES, VISCERAS Y DERIVADOS",orcino cicarrn/ caero/rito,"MEATS, OFFALS, AND BY-PRODUCTS","Pork, fried pork-rind, hard",,1.00,2221.00,530.00,2.73,4.15,37.84,14.32,*,*,74.00,58.45,0.00,*,0.00,*,*,61.00,149.00,2.80,968.00,*,*,*,*,*,0.01,*,*,*,*,*,0.11,0.14,3.80,0.00,*,*,*,*,*
"CARNES, VISCERAS Y DERIVADOS","Porcinos, chorizo blanco","MEATS, OFFALS, AND BY-PRODUCTS",or ite corio,,1.00,1891.00,452.00,32.80,3.90,38.90,*,*,*,*,13.80,10.60,*,*,*,*,*,*,*,*,*,*,*,*,*,*,*,*,*,*,*,*,*,*,*,*,*,*,*,*
"CARNES, VISCERAS Y DERIVADOS","Porcinos, chorizo de omo Saamanca","MEATS, OFFALS, AND BY-PRODUCTS",or corio omo Saamanca,,0.98,1163.00,278.00,35.80,5.47,33.55,14.13,15.60,3.83,3.18,19.69,5.49,*,*,*,*,41.00,130.00,4.10,2505.00,160.00,*,*,2.30,*,*,*,*,*,*,*,0.21,0.17,3.03,1.00,0.22,0.01,0.00,*,*
"CARNES, VISCERAS Y DERIVADOS","Porcinos, chorizo con papas","MEATS, OFFALS, AND BY-PRODUCTS","Pork, chorizo it otatoe",,1.00,1544.00,369.00,39.10,1.94,27.00,*,*,*,*,5.28,26.22,*,0.45,*,*,27.20,320.00,3.50,768.00,466.00,*,*,*,*,*,*,42.45,*,*,*,0.04,0.01,3.09,*,*,*,*,*,*
"CARNES, VISCERAS Y DERIVADOS","Porcinos, chorizo fuet","MEATS, OFFALS, AND BY-PRODUCTS","Pork, spicy chorizo rom catania",,1.00,2297.00,549.00,15.60,6.30,46.00,*,*,*,*,24.40,7.60,*,*,*,*,*,*,*,*,*,*,*,*,*,*,*,*,*,*,*,*,*,*,*,*,*,*,*,*
"CARNES, VISCERAS Y DERIVADOS","Porcinos, chorizo imitacin","MEATS, OFFALS, AND BY-PRODUCTS",or imitation corio,,1.00,1950.00,466.00,26.60,6.60,38.10,*,*,*,*,27.10,1.60,*,*,*,*,*,*,*,*,*,*,*,*,,*,*,*,*,*,*,*,*,*,*,*,*,*,*,*
"CARNES, VISCERAS Y DERIVADOS","Porcinos, chorizo amona","MEATS, OFFALS, AND BY-PRODUCTS","Pork, chorizo amona",,1.00,1690.00,404.00,35.70,5.29,33.02,14.40,14.90,3.72,17.72,19.07,6.92,*,*,*,*,*,*,*,*,*,*,*,*,*,*,*,*,*,*,*,*,*,*,*,*,*,*,*,*
"CARNES, VISCERAS Y DERIVADOS","Porcinos, chorizo picante","MEATS, OFFALS, AND BY-PRODUCTS","Pork, spicy chorizo",,1.00,1945.00,465.00,32.80,3.50,41.20,*,*,*,*,13.30,9.10,*,*,*,*,*,*,*,*,*,*,*,*,*,*,*,*,*,*,*,*,*,*,*,*,*,*,*,*
"CARNES, VISCERAS Y DERIVADOS","Porcinos, chorizo sin picante","MEATS, OFFALS, AND BY-PRODUCTS","Pork, chorizo itot cie",,1.00,2167.00,518.00,26.20,3.80,46.70,14.38,18.40,3.46,88.00,12.10,11.20,0.00,*,0.00,*,8.00,150.00,1.59,1235.00,398.00,18.00,*,3.41,*,*,*,0.00,0.00,*,*,0.63,300.00,5.13,0.00,0.53,2.00,*,2.00,1.50
"CARNES, VISCERAS Y DERIVADOS","Porcinos, hígado","MEATS, OFFALS, AND BY-PRODUCTS","Pork, liver",S ometic,1.00,561.00,134.00,71.06,1.44,3.65,1.17,0.52,0.87,301.00,21.39,2.17,*,*,0.00,*,9.00,288.00,6.10,87.00,273.00,18.00,1.30,5.76,0.31,0.06,*,21650.00,6502.00,*,*,0.28,3.01,15.30,25.03,0.69,26.00,0.00,212.00,*
"CARNES, VISCERAS Y DERIVADOS",orcino amn americano,"MEATS, OFFALS, AND BY-PRODUCTS",or am american te,,1.00,413.00,99.00,76.95,3.58,3.55,*,*,*,50.00,12.85,4.20,*,0.00,0.00,*,*,*,*,*,*,*,*,*,*,*,*,*,*,*,*,*,*,*,*,*,*,*,*,*
"CARNES, VISCERAS Y DERIVADOS",orcino amn cocido,"MEATS, OFFALS, AND BY-PRODUCTS",or cooe am,,1.00,467.00,112.00,74.17,3.73,6.24,*,*,*,60.00,14.92,2.57,*,*,*,*,11.00,238.00,3.10,965.00,270.00,24.00,*,*,*,*,*,*,*,*,*,0.53,0.24,4.70,37.00,360.00,590.00,5.10,*,*
"CARNES, VISCERAS Y DERIVADOS",orcino amn de pierna,"MEATS, OFFALS, AND BY-PRODUCTS",or am,,1.00,447.00,107.00,74.40,3.45,3.65,*,*,*,66.00,16.50,2.90,*,0.00,0.00,*,*,*,*,*,*,*,*,*,*,*,*,*,*,*,*,*,*,*,*,*,*,*,*,*
"CARNES, VISCERAS Y DERIVADOS",orcino amn e pierna horneado,"MEATS, OFFALS, AND BY-PRODUCTS",or roate am,,1.00,568.62,134.09,70.25,2.50,5.05,3.30,4.45,0.85,94.00,29.41,0.04,0.00,0.00,0.00,*,7.00,281.00,1.12,64.00,373.00,25.00,*,3.26,*,*,*,9.00,3.00,*,*,0.69,0.35,4.94,0.40,0.45,0.72,*,12.00,0.90
"CARNES, VISCERAS Y DERIVADOS",orcino amn del diablo,"MEATS, OFFALS, AND BY-PRODUCTS",or eie am,,1.00,1090.00,261.00,55.80,3.23,20.63,*,*,*,*,16.70,1.10,*,*,*,*,39.00,135.00,5.49,*,*,*,*,*,*,*,*,*,7.00,*,*,0.18,0.11,2.74,*,*,*,*,*,*
"CARNES, VISCERAS Y DERIVADOS",orcino amn horneado,"MEATS, OFFALS, AND BY-PRODUCTS",or bae am,,1.00,396.00,95.00,76.95,3.48,3.80,3.12,4.44,1.41,59.00,13.83,1.70,0.00,0.00,0.00,*,8.00,281.00,1.34,1500.00,409.00,22.00,*,2.47,*,*,*,0.00,0.00,*,*,0.73,0.33,6.15,0.00,0.31,0.70,*,3.00,0.80
"CARNES, VISCERAS Y DERIVADOS",orcino amn erni,"MEATS, OFFALS, AND BY-PRODUCTS",or ort an am,,1.00,406.00,97.00,74.00,3.80,1.80,3.37,4.32,2.20,85.00,19.00,1.30,0.00,0.00,0.00,*,16.00,255.00,0.90,77.00,416.00,25.00,*,2.31,*,*,*,10.00,3.00,*,*,0.49,0.38,7.44,0.00,0.50,0.67,*,0.00,0.40
"CARNES, VISCERAS Y DERIVADOS",orcino amn Serrano,"MEATS, OFFALS, AND BY-PRODUCTS",or Serrano am,,,*,*,50.50,8.08,16.51,8.65,6.72,1.14,189.12,20.98,3.93,*,*,*,*,11.51,*,117.27,2647.25,*,34.26,0.00,20.41,*,*,*,*,*,*,*,*,*,*,*,*,*,*,*,*
"CARNES, VISCERAS Y DERIVADOS",orcino amn tio Americano,"MEATS, OFFALS, AND BY-PRODUCTS",or am American te,,1.00,519.00,124.00,74.30,3.80,6.60,*,*,*,*,13.50,1.80,*,*,0.00,*,*,*,*,*,*,*,*,*,*,*,*,*,*,*,*,*,*,*,*,*,*,*,*,*
"CARNES, VISCERAS Y DERIVADOS",orcino amn tipo York,"MEATS, OFFALS, AND BY-PRODUCTS",or orte am,,1.00,421.60,99.38,76.11,2.82,3.06,*,*,*,*,17.96,0.05,*,0.00,*,*,*,*,*,*,*,*,*,*,*,*,*,*,*,*,*,*,*,*,*,*,*,*,*,*
"CARNES, VISCERAS Y DERIVADOS",orcino amn Virginia,"MEATS, OFFALS, AND BY-PRODUCTS",or Virinia am,,1.00,404.00,97.00,75.80,3.45,2.70,*,*,*,*,13.65,4.35,*,0.00,0.00,*,*,*,*,*,*,*,*,*,*,*,*,*,*,*,*,*,*,*,*,*,*,*,*,*
"CARNES, VISCERAS Y DERIVADOS",orcino amn York,"MEATS, OFFALS, AND BY-PRODUCTS",or oat am York type,,1.00,453.00,108.00,74.15,3.48,2.33,2.62,3.76,1.08,57.00,17.60,1.35,0.00,0.00,0.00,*,8.00,248.00,1.40,969.00,362.00,19.00,*,2.63,*,*,*,0.00,0.00,*,*,0.74,0.28,5.32,0.00,0.35,0.68,*,3.00,8.00
"CARNES, VISCERAS Y DERIVADOS",orcino omo,"MEATS, OFFALS, AND BY-PRODUCTS","Pork, loin",S ometic,1.00,456.00,109.00,69.40,1.00,2.17,0.70,0.79,0.37,65.00,22.50,0.00,*,*,0.00,*,5.00,247.00,0.98,53.00,399.00,27.00,*,1.89,*,*,*,0.00,0.00,*,*,1.15,0.10,6.68,0.00,0.78,0.51,*,0.00,0.20
"CARNES, VISCERAS Y DERIVADOS",orcino omo embcao,"MEATS, OFFALS, AND BY-PRODUCTS","Pork, loin",,1.00,912.00,218.00,46.90,7.40,7.05,3.38,3.27,0.40,28.88,17.22,21.43,*,*,*,*,*,*,*,*,*,*,*,*,*,*,*,*,*,*,*,*,*,*,*,*,*,*,*,*
"CARNES, VISCERAS Y DERIVADOS","Porcinos, longaniza chistorra","MEATS, OFFALS, AND BY-PRODUCTS","Pork, spicy pork sausage for frying",,1.00,2033.00,486.00,34.20,3.20,46.40,*,*,*,*,11.60,4.50,*,*,*,*,41.00,98.00,3.70,*,*,*,*,*,*,0.01,*,*,*,*,*,0.36,0.19,1.82,2.00,*,*,*,*,*
"CARNES, VISCERAS Y DERIVADOS",orcino aaa aro,"MEATS, OFFALS, AND BY-PRODUCTS","Pork, lard",,1.00,2740.00,655.00,25.60,5.00,61.10,25.26,32.89,8.11,90.00,12.80,0.00,0.00,*,0.00,*,4.00,86.00,0.42,25.00,148.00,3.00,*,0.84,*,*,*,9.00,3.00,*,*,0.39,0.24,4.54,0.00,0.09,0.82,*,1.00,*
"CARNES, VISCERAS Y DERIVADOS","Porcinos, pastel de pollo","MEATS, OFFALS, AND BY-PRODUCTS","Pork, chicken co meat",,1.00,1098.00,263.00,54.30,3.51,16.06,*,*,*,*,10.92,11.96,*,*,*,*,*,*,*,*,*,*,*,*,*,*,*,*,*,*,*,*,*,*,*,*,*,*,*,*
"CARNES, VISCERAS Y DERIVADOS","Porcinos, pernil holandés","MEATS, OFFALS, AND BY-PRODUCTS","Pork, short shank dutch style",,1.00,418.00,100.00,76.00,3.60,3.00,*,*,*,*,14.50,2.80,*,*,*,*,*,*,*,*,*,*,*,*,*,*,*,*,*,*,*,*,*,*,*,*,*,*,*,*
"CARNES, VISCERAS Y DERIVADOS","Porcinos, peperoni","MEATS, OFFALS, AND BY-PRODUCTS","Pork, peperoni",,1.00,2067.00,494.00,30.70,4.87,44.57,17.90,20.75,5.92,7.28,17.29,2.57,0.00,*,0.00,*,22.00,177.00,1.62,1653.00,279.00,21.00,*,2.50,*,*,*,0.00,0.00,*,*,0.36,0.32,4.64,0.70,0.35,1.73,0.00,5.00,0.20
"CARNES, VISCERAS Y DERIVADOS","Porcinos, pierna deshuesada","MEATS, OFFALS, AND BY-PRODUCTS","Pork, pork leg itot bone",S ometic,1.00,569.00,136.00,65.70,0.88,5.41,1.87,2.44,0.58,68.00,17.80,0.00,0.00,*,0.00,*,6.00,229.00,1.01,55.00,369.00,25.00,0.31,2.27,0.04,0.01,*,6.00,2.00,*,*,0.79,0.15,5.34,0.90,0.50,0.70,0.00,9.00,0.60
"CARNES, VISCERAS Y DERIVADOS","Porcinos, queso de puerco","MEATS, OFFALS, AND BY-PRODUCTS",or or co meat,,1.00,1424.00,340.00,48.37,2.90,28.17,*,*,*,*,16.43,8.80,*,*,*,*,*,*,*,*,*,*,*,*,*,*,*,*,*,*,*,*,*,*,*,*,*,*,*,*
"CARNES, VISCERAS Y DERIVADOS",orcino aami tipo italiano,"MEATS, OFFALS, AND BY-PRODUCTS",or aami itaian,,1.00,1703.00,407.00,36.00,5.33,29.90,12.71,13.76,3.46,5.08,21.04,7.73,*,*,0.00,*,13.00,229.00,1.30,2260.00,378.00,22.00,*,4.20,*,*,*,0.00,0.00,*,*,0.93,0.33,5.60,0.00,0.55,2.80,0.00,2.00,*
"CARNES, VISCERAS Y DERIVADOS","Porcinos, salchicha","MEATS, OFFALS, AND BY-PRODUCTS","Pork, sausage",,1.00,2213.00,529.00,67.70,2.50,13.45,8.80,11.81,3.56,72.00,12.13,5.90,0.00,*,0.00,*,37.00,129.00,4.55,656.00,248.00,14.00,*,2.17,*,*,*,75.00,13.00,*,*,0.10,0.10,2.53,0.70,0.31,0.85,0.00,1.00,1.30
"CARNES, VISCERAS Y DERIVADOS","Porcinos, salchicha enlatada","MEATS, OFFALS, AND BY-PRODUCTS",or canne iener,,1.00,414.00,99.00,77.40,2.50,3.60,*,*,*,*,13.30,2.40,*,0.80,*,*,70.00,93.00,2.30,711.00,*,*,*,*,*,*,*,*,*,*,*,0.02,0.11,0.80,23.00,*,*,*,*,*
"CARNES, VISCERAS Y DERIVADOS","Porcinos, salchicha Frankfurter","MEATS, OFFALS, AND BY-PRODUCTS","Pork, Frankfurter",,1.00,888.00,212.00,63.37,2.87,13.25,*,*,*,*,13.93,3.55,*,*,*,*,*,*,*,*,*,*,*,*,*,*,*,*,*,*,*,*,*,*,*,*,*,*,*,*
"CARNES, VISCERAS Y DERIVADOS","Porcinos, salchicha Frankfurter, enlatadas","MEATS, OFFALS, AND BY-PRODUCTS","Pork, canned Frankfurters",,1.00,587.00,140.00,74.23,3.10,9.37,*,*,*,*,12.00,0.50,*,*,*,*,*,*,*,*,*,*,*,*,*,*,*,*,*,*,*,*,*,*,*,*,*,*,*,*
"CARNES, VISCERAS Y DERIVADOS","Porcinos, salchicha para asar","MEATS, OFFALS, AND BY-PRODUCTS","Pork, sausage for broiling",,1.00,1870.00,447.00,25.60,4.10,32.30,*,*,*,*,16.20,21.70,*,*,*,*,*,*,*,*,*,*,*,*,*,*,*,*,*,*,*,*,*,*,*,*,*,*,*,*
"CARNES, VISCERAS Y DERIVADOS","Porcinos, salchicha Viena","MEATS, OFFALS, AND BY-PRODUCTS","Pork, Viena sausage",,1.00,781.00,187.00,65.37,2.83,12.71,11.27,14.34,4.03,76.00,10.63,8.15,*,*,0.00,*,18.00,142.00,1.18,731.00,253.00,14.00,*,1.79,*,*,*,0.00,0.00,*,*,0.57,0.17,3.25,2.00,0.30,0.91,0.00,8.00,*
"CARNES, VISCERAS Y DERIVADOS","Porcinos, salchicha Viena con aa tomate","MEATS, OFFALS, AND BY-PRODUCTS","Pork, Viena sausage in tomato ace",,1.00,1088.00,260.00,33.50,1.60,8.60,*,*,*,*,10.30,34.60,*,11.40,*,*,*,*,*,*,*,*,*,*,*,*,*,*,*,*,*,*,*,*,*,*,*,*,*,*
PESCADOS Y MARISCOS,"Anchoveta, cruda",FISH AND SEAFOOD,Anco ra,Enrai mora,,548.10,131.00,73.37,1.44,4.84,1.28,1.18,1.64,60.00,20.35,0.00,0.00,*,0.00,*,147.00,174.00,3.25,104.00,383.00,41.00,0.21,1.72,0.07,0.04,*,50.00,15.00,*,*,0.06,0.26,14.02,0.00,0.14,0.62,0.00,9.00,*
PESCADOS Y MARISCOS,"Acocil, crudo",FISH AND SEAFOOD,Acoci ra,Cambarre montemae,0.95,670.00,160.00,66.50,12.40,1.33,*,*,*,*,17.1,*,*,*,*,*,3250.00,423.00,8.40,*,*,*,*,*,*,*,*,*,*,*,*,0.00,1.02,3.68,*,*,*,*,*,*
PESCADOS Y MARISCOS,Atn aeta amaria enlatado sin drenar,FISH AND SEAFOOD,Tna eofin tna canned not drained,,1.00,698.73,167.00,70.50,1.35,13.60,*,*,*,*,14.20,*,*,*,*,*,12.65,436.89,1.11,210.80,429.00,21.92,0.07,0.40,*,*,*,*,22.00,*,*,0.13,0.10,11.30,*,*,*,*,*,*
PESCADOS Y MARISCOS,"Atún, en aceite",FISH AND SEAFOOD,"Tuna, in oil",,1.00,726.00,174.00,70.70,1.60,11.60,*,*,*,32.00,16.10,0.00,*,*,*,*,7.00,190.00,1.10,142.92,280.00,28.00,0.09,0.80,*,0.01,*,*,152.00,*,*,0.04,0.11,11.00,*,0.44,5.00,15.00,*,5.80
PESCADOS Y MARISCOS,"Atún, en aceite, drenado",FISH AND SEAFOOD,"Tuna, in oil, drained",,1.00,529.00,126.00,73.42,1.08,4.00,1.53,2.95,2.89,18.00,20.65,0.81,0.00,*,0.00,*,13.00,311.00,1.39,354.00,207.00,31.00,0.07,0.90,0.02,0.08,*,77.00,23.00,*,*,0.04,0.12,12.40,0.00,0.11,2.20,0.00,5.00,6.70
PESCADOS Y MARISCOS,"Atún, en agua",FISH AND SEAFOOD,Tna in ater,,1.00,350.00,84.00,81.03,1.47,0.85,0.23,0.16,0.34,30.00,16.23,0.00,0.00,*,0.00,*,11.00,163.00,1.53,92.72,237.00,27.00,0.05,0.77,0.01,0.08,*,57.00,17.00,*,*,0.03,0.07,13.28,0.00,0.35,1.17,0.00,4.00,4.50
PESCADOS Y MARISCOS,"Bagre, crudo",FISH AND SEAFOOD,Catfi ra,are inimmacat,0.51,496.00,119.00,80.36,0.96,1.93,1.31,2.57,1.12,55.00,15.23,0.00,0.00,*,0.00,*,8.00,204.00,0.23,98.00,302.00,19.00,0.03,0.48,*,0.01,*,1.00,0.00,*,*,0.02,0.08,2.11,0.00,0.15,2.88,0.00,10.00,0.20
PESCADOS Y MARISCOS,"Barrilete, crudo",FISH AND SEAFOOD,Siac Tna ra,Etnn eami,0.50,431.00,103.00,70.73,1.30,7.20,0.33,0.19,0.32,47.00,21.01,0.00,*,*,0.00,*,29.00,222.00,1.25,37.00,407.00,34.00,0.09,0.82,0.02,0.04,*,52.00,16.00,*,*,0.03,0.10,15.40,1.00,0.85,1.90,0.00,9.00,*
PESCADOS Y MARISCOS,"Barrilete, entero, harina",FISH AND SEAFOOD,Siac Tna oe or,Etnn eami,1.00,*,*,5.80,*,0.53,*,*,*,*,72.00,*,*,*,*,*,*,*,*,*,*,*,*,*,*,*,*,*,*,*,*,*,*,*,*,*,*,*,*,*
PESCADOS Y MARISCOS,arriete mco,FISH AND SEAFOOD,Siac Tna mce,Etnn eami,1.00,*,*,70.20,*,6.13,*,*,*,*,21.04,*,*,*,*,*,*,*,*,*,*,*,*,*,*,*,*,*,*,*,*,*,*,*,*,*,*,*,*,*
PESCADOS Y MARISCOS,arriete mco harina,FISH AND SEAFOOD,Siac Tna mce ra,Etnn eami,1.00,*,*,3.40,*,0.50,*,*,*,*,92.80,*,*,*,*,*,*,*,*,*,*,*,*,*,*,*,*,*,*,*,*,*,*,*,*,*,*,*,*,*
PESCADOS Y MARISCOS,oern cro,FISH AND SEAFOOD,Sma Sarine ra,Cetengraulis edentulus,0.80,397.00,95.00,77.10,3.60,2.16,*,*,*,*,17.66,*,*,*,*,*,566.00,2629.00,*,*,*,*,*,*,*,*,*,*,*,*,*,0.01,0.15,1.90,*,*,*,*,*,*
PESCADOS Y MARISCOS,"Boquilla, cruda",FISH AND SEAFOOD,Grnt ra,aemon merie Laceee,,355.00,85.00,79.80,1.10,0.22,*,*,*,*,19.51,*,*,*,*,*,10.00,167.00,1.30,*,*,*,*,*,*,*,*,*,*,*,*,0.03,0.03,2.19,*,*,*,*,*,*
PESCADOS Y MARISCOS,"Cabrilla, cruda",FISH AND SEAFOOD,Reatiere ra,Chephalospholis fulva,0.51,364.00,87.00,79.60,1.10,0.12,*,*,*,*,20.13,*,*,*,*,*,15.00,183.00,*,*,*,*,*,*,*,*,*,*,*,*,*,0.05,0.05,1.05,*,*,*,*,*,*
PESCADOS Y MARISCOS,"Cabrilla de Roca, lavada",FISH AND SEAFOOD,"Spotted Sand Seabass, ae",araabra macatoaciat,,*,*,82.50,*,1.15,*,*,*,*,16.58,*,*,*,*,*,*,*,*,*,*,*,*,*,*,*,*,*,*,*,*,*,*,*,*,*,*,*,*,*
PESCADOS Y MARISCOS,Camarn a natra,FISH AND SEAFOOD,Srim natra,,,297.00,71.00,84.40,2.00,1.50,0.12,0.08,0.13,126.00,12.10,0.00,0.00,*,0.00,*,54.00,244.00,0.21,554.44,113.00,22.00,0.18,0.97,0.03,0.03,*,180.00,54.00,*,*,0.02,0.02,1.78,0.00,0.16,1.11,0.00,19.00,0.10
PESCADOS Y MARISCOS,Camarn banco cro congelado,FISH AND SEAFOOD,Srim ra roen,,,436.97,102.91,68.91,7.35,1.59,*,*,*,*,17.69,4.40,*,*,*,*,1028.51,197.15,5.24,71.87,265.37,48.21,1.62,1.99,*,*,*,*,*,*,*,0.00,0.09,*,*,*,*,*,*,*
PESCADOS Y MARISCOS,Camarn cocio in ccara,FISH AND SEAFOOD,Srim cooe,Penaeus sp.,1.00,461.00,110.00,74.63,3.45,1.46,0.52,0.36,0.59,211.00,23.22,1.52,0.00,*,0.00,*,144.67,188.00,5.81,947.00,170.00,37.00,0.80,1.63,*,*,*,301.00,90.00,*,*,0.02,0.04,1.12,0.00,0.24,1.66,0.00,24.00,0.10
PESCADOS Y MARISCOS,Camarn cro congelado,FISH AND SEAFOOD,Srim ra roen,Penaeus sp.,0.80,88.50,3.71,75.90,1.15,0.27,*,*,*,42.00,18.75,*,*,*,*,*,76.50,199.00,6.86,*,*,*,*,*,*,*,*,*,*,*,*,0.05,0.07,1.64,*,*,*,*,*,*
PESCADOS Y MARISCOS,Camarn aao deshidratado,FISH AND SEAFOOD,Srim r an ate,Penaeus sp.,0.90,669.00,160.00,20.40,13.40,0.00,0.00,*,*,125.00,39.30,0.00,*,*,3.60,*,175.00,779.00,4.20,3571.00,*,*,*,*,*,*,*,*,*,*,*,0.10,0.08,7.20,0.00,*,*,*,*,*
PESCADOS Y MARISCOS,"Cangrejo, crudo",FISH AND SEAFOOD,Crafi ra,Paratephusa spinigera,0.43,301.00,72.00,84.05,1.00,0.97,0.16,0.19,0.31,107.00,14.85,0.00,*,*,0.00,*,25.00,218.00,2.70,62.00,261.00,30.00,0.24,1.01,0.15,0.03,*,50.00,15.00,*,*,0.05,0.03,1.87,0.50,0.08,2.10,0.00,30.00,*
PESCADOS Y MARISCOS,"Carpa, asada",FISH AND SEAFOOD,"Carp, broiled",Carioie meriionai Gnter,0.47,485.00,116.00,72.00,2.10,1.90,1.39,2.99,1.84,84.00,23.20,0.00,*,*,0.00,*,1026.00,234.00,1.59,63.00,427.00,38.00,0.07,1.90,0.05,0.02,*,32.00,10.00,*,*,0.15,2.38,0.00,1.60,0.22,1.47,0.00,17.00,*
PESCADOS Y MARISCOS,"Carpa, cruda",FISH AND SEAFOOD,Car ra,Carioie meriionai,0.46,381.00,91.00,79.40,1.10,1.02,1.08,2.33,1.43,66.00,19.24,0.00,0.00,*,0.00,*,15.00,165.00,1.70,49.00,333.00,29.00,0.06,1.48,0.04,0.01,*,30.00,9.00,*,*,0.04,0.05,1.98,1.60,0.19,1.53,0.00,15.00,24.70
PESCADOS Y MARISCOS,"Carpa, torta seco-salada amaa",FISH AND SEAFOOD,"Carp, dried-salted and moe attie",,1.00,1577.00,377.00,3.70,10.70,5.70,*,*,*,*,40.10,37.60,*,2.20,*,*,*,*,*,*,*,*,*,*,*,*,*,*,*,*,*,*,*,*,*,*,*,*,*,*
PESCADOS Y MARISCOS,Can cro fiete,FISH AND SEAFOOD,ofi fiet ra,Carcharias aethalorus Jordan et Gilbert,1.00,443.00,106.00,74.30,1.10,0.17,*,*,*,*,25.26,*,*,*,*,*,8.00,141.00,*,*,*,*,*,*,*,*,*,*,*,*,*,0.03,0.04,2.41,*,*,*,*,*,*
PESCADOS Y MARISCOS,Can Cao rimi análogo de escalopa,FISH AND SEAFOOD,ofi an Trie rimi escalope analogue,,1.00,*,*,72.99,*,4.79,*,*,*,*,33.12,*,*,*,*,*,*,*,*,*,*,*,*,*,*,*,*,*,*,*,*,*,*,*,*,*,*,*,*,*
PESCADOS Y MARISCOS,"Chano, crudo",FISH AND SEAFOOD,Mifi ra,Umbrina roncaor,,619.00,148.00,86.50,*,1.05,1.66,2.58,1.84,52.00,15.9,0.00,*,*,*,*,51.00,162.00,0.32,72.00,292.00,30.00,0.03,0.82,0.02,0.01,*,100.00,30.00,*,*,0.01,0.05,6.44,0.00,0.42,3.40,0.00,16.00,*
PESCADOS Y MARISCOS,"Chano, deshuesado, fiete",FISH AND SEAFOOD,Mifi bone fiet,Umbrina roncaor,1.00,*,*,80.70,1.35,1.53,*,*,*,*,17.45,*,*,*,*,*,*,*,*,*,*,*,*,*,*,*,*,*,*,*,*,*,*,*,*,*,*,*,*,*
PESCADOS Y MARISCOS,"Charal, cocido",FISH AND SEAFOOD,Sma Lae cooe,,1.00,*,*,70.40,7.70,1.53,*,*,*,*,17.39,*,*,*,*,*,1175.00,724.00,4.00,*,*,*,*,*,*,*,*,*,*,*,*,0.04,0.11,1.06,*,*,*,*,*,*
PESCADOS Y MARISCOS,"Charal, crudo",FISH AND SEAFOOD,Sma Lae i ra,Cirotoma,0.90,368.00,88.00,54.70,11.20,5.93,*,*,*,*,*,*,*,*,*,*,2360.00,1512.00,*,*,*,*,*,*,*,*,*,*,*,*,*,*,0.56,2.90,*,*,*,*,*,*
PESCADOS Y MARISCOS,"Charal, fritos",FISH AND SEAFOOD,Sma Lae i rie,,1.00,1878.00,449.00,5.69,12.75,24.80,*,*,*,*,39.36,17.00,*,*,*,*,*,*,*,1465.00,*,*,*,*,*,*,*,*,*,*,*,*,*,*,*,*,*,*,*,*
PESCADOS Y MARISCOS,"Charal, seco",FISH AND SEAFOOD,Sma Lae i rie,Cirotoma,0.80,1561.00,373.00,5.20,14.20,12.20,*,*,*,*,67.53,*,*,*,*,*,4005.00,2510.00,*,*,*,*,*,*,*,*,*,*,*,*,*,0.54,0.15,5.89,*,*,*,*,*,*
PESCADOS Y MARISCOS,"Cherna, crudo",FISH AND SEAFOOD,Giant a ra,Einee morio Cier et Vaen- ciennes,0.51,364.00,87.00,79.80,1.10,0.20,0.23,0.20,0.32,37.00,19.90,0.00,*,*,0.00,*,7.00,167.00,0.89,53.00,483.00,31.00,0.02,51.00,0.01,0.04,*,143.00,43.00,*,*,0.11,0.37,1.38,0.00,0.30,0.60,0.00,9.00,*
PESCADOS Y MARISCOS,"Constantino, crudo",FISH AND SEAFOOD,Contantine ra,Centroom robaito oran et Gilbert,,397.00,95.00,78.80,1.10,0.85,*,*,*,*,20.58,*,*,*,*,*,14.00,127.00,*,*,*,*,*,*,*,*,*,*,*,*,*,0.10,0.05,0.68,*,*,*,*,*,*
PESCADOS Y MARISCOS,"Curvina Azul, cruda",FISH AND SEAFOOD,e Corina ra,Cynoscion parvipinnis,,435.00,104.00,81.00,1.11,1.90,1.09,1.15,0.46,61.00,18.80,0.00,0.00,*,0.00,*,15.00,210.00,0.37,56.00,345.00,40.00,0.04,0.42,0.03,0.04,*,41.00,12.00,*,*,0.08,0.10,4.20,0.00,0.30,2.50,0.00,15.00,0.70
PESCADOS Y MARISCOS,"Guachinango, crudo",FISH AND SEAFOOD,Re Snaer ra,Lutianus blackfordii Goode et Bean,0.51,381.00,91.00,78.30,1.30,0.63,*,*,*,*,20.10,*,*,*,*,*,14.00,184.00,*,*,*,*,*,*,*,*,*,*,*,*,*,0.08,0.05,1.82,*,*,*,*,*,*
PESCADOS Y MARISCOS,"Guapona, cruda",FISH AND SEAFOOD,Gaona ra,Equetus lanceolatus,0.51,360.00,86.00,78.80,1.20,0.27,*,*,*,*,19.64,*,*,*,*,*,15.00,116.00,*,*,*,*,*,*,*,*,*,*,*,*,*,0.04,0.06,1.36,*,*,*,*,*,*
PESCADOS Y MARISCOS,"Isabelita, cruda",FISH AND SEAFOOD,Anefi ra,Angelichthys isabelita Jordan et Rutter,0.51,372.00,89.00,79.70,1.10,0.21,*,*,*,*,20.32,*,*,*,*,*,12.00,138.00,*,*,*,*,*,*,*,*,*,*,*,*,*,0.31,0.44,4.58,*,*,*,*,*,*
PESCADOS Y MARISCOS,"Jaiba, carne enlatada ante tratam trmico",FISH AND SEAFOOD,Crab canne meat beore terma treatment,,1.00,523.00,125.00,75.30,*,5.70,0.20,0.13,0.26,97.00,15.60,1.80,0.00,*,0.00,*,91.00,234.00,0.50,395.00,259.00,36.00,0.81,3.81,0.07,0.04,*,2.00,*,*,*,0.02,0.09,2.75,3.30,0.16,3.33,0.00,51.00,0.00
PESCADOS Y MARISCOS,"Jaiba, cocida",FISH AND SEAFOOD,"Crab, cooked",Mythrax spp.,0.40,354.00,85.00,78.67,2.05,0.22,0.17,0.21,0.41,76.00,19.10,0.00,*,*,0.00,*,232.00,139.67,11.45,*,*,58.00,0.73,5.47,0.10,0.05,*,104.00,31.00,*,*,0.07,0.22,2.20,3.60,0.17,10.38,0.00,42.00,*
PESCADOS Y MARISCOS,"Jorobado, crudo",FISH AND SEAFOOD,Sier Menaen ra,Argyreiosus brevoorli Gill,,418.00,100.00,77.80,0.90,1.36,*,*,*,*,20.63,*,*,*,*,*,13.00,150.00,*,*,*,*,*,*,*,*,*,*,*,*,*,0.08,0.07,2.06,*,*,*,*,*,*
PESCADOS Y MARISCOS,"Jurel Toro, crudo",FISH AND SEAFOOD,ore Macere ra,Caranx hippos,0.51,427.00,102.00,73.60,1.35,1.20,3.26,5.46,3.35,70.00,19.70,1.80,0.00,*,0.00,*,12.00,217.00,1.63,90.00,314.00,76.00,0.07,0.63,0.02,0.04,*,167.00,50.00,*,*,0.18,0.32,9.08,0.40,0.40,8.71,0.00,1.00,16.10
PESCADOS Y MARISCOS,"Jurel Toro, salchicha",FISH AND SEAFOOD,"Horse Mackerel, sausage",,1.00,*,*,70.54,*,4.48,*,*,*,*,14.67,*,*,*,*,*,*,*,*,*,*,*,*,*,*,*,*,*,*,*,*,*,*,*,*,*,*,*,*,*
PESCADOS Y MARISCOS,"Langosta, cocida",FISH AND SEAFOOD,"Lobster, cooked",omar american,0.40,443.00,106.00,73.40,1.50,0.39,0.21,0.25,0.34,146.00,24.00,0.00,0.00,*,0.00,*,76.00,24.00,3.86,486.00,230.00,43.00,1.55,4.05,0.07,0.07,*,4.00,1.43,*,*,0.01,0.04,1.83,0.00,0.12,1.43,0.00,11.00,0.00
PESCADOS Y MARISCOS,"Langostino, crudo",FISH AND SEAFOOD,ran ra,,,481.00,115.00,76.60,1.50,4.26,0.16,0.17,0.29,114.00,17.89,0.00,*,*,0.00,*,194.00,215.00,1.66,58.00,302.00,27.00,*,1.30,*,*,*,*,16.00,*,*,0.08,0.15,2.40,1.00,0.11,2.00,0.00,37.00,*
PESCADOS Y MARISCOS,"Lenguado, crudo",FISH AND SEAFOOD,Soe ra,Paralichthys californicus,0.42,293.00,70.00,84.00,1.36,1.30,0.44,0.54,0.37,45.00,18.00,0.00,0.00,*,0.00,*,21.00,252.00,0.18,296.00,160.00,18.00,0.05,0.32,0.04,0.04,*,33.00,10.00,*,*,0.02,0.02,1.04,0.00,0.10,1.13,0.00,5.00,2.80
PESCADOS Y MARISCOS,"Lisa, cruda",FISH AND SEAFOOD,Strie Met ra,Caenomi robocie Gnter,0.51,410.00,98.00,74.88,1.00,9.36,1.12,1.08,0.72,49.00,19.68,0.00,0.00,*,0.00,*,12.00,153.00,1.02,65.00,357.00,29.00,0.05,0.52,0.02,0.04,*,123.00,37.00,*,*,0.01,0.10,6.90,1.20,0.43,0.22,0.00,9.00,1.50
PESCADOS Y MARISCOS,"Mero, crudo",FISH AND SEAFOOD,Sea a ra,Stereolepis gigas Ayres,0.51,326.00,78.00,81.10,1.10,1.07,0.29,0.47,0.29,49.00,18.00,0.00,0.00,*,0.00,*,10.00,192.00,0.16,68.00,435.00,23.00,0.02,0.36,0.01,0.05,*,67.00,20.00,*,*,0.10,0.05,2.44,0.00,0.55,1.10,0.00,12.00,4.70
PESCADOS Y MARISCOS,"Mojarra, cruda",FISH AND SEAFOOD,Sea a ra,Aniotrem interrt Gi,0.50,443.00,106.00,77.30,1.10,2.67,0.51,0.42,0.74,41.00,19.16,0.00,0.00,*,0.00,*,15.00,260.00,0.29,68.00,256.00,41.00,0.02,0.40,0.02,0.04,*,154.00,46.00,*,*,0.06,0.05,5.40,0.00,0.40,0.30,0.00,5.00,5.60
PESCADOS Y MARISCOS,"Mojarra, rayada lavada",FISH AND SEAFOOD,acific afin Moarra ae,Ecinotom racii,0.50,406.00,97.00,89.00,*,0.90,0.51,0.66,0.78,80.00,14.10,0.00,,*,0.00,*,15.00,198.00,0.84,69.00,256.00,40.00,0.03,0.40,0.02,0.04,*,90.00,27.00,*,*,0.10,0.03,2.10,0.00,0.30,3.82,0.00,9.00,*
PESCADOS Y MARISCOS,Otin cro,FISH AND SEAFOOD,Oter ra,Ostrea sp.,1.00,163.00,39.00,91.30,0.60,1.00,0.51,0.36,0.89,50.00,6.00,1.10,,*,0.00,*,28.04,162.00,4.90,65.60,168.00,22.00,7.60,16.62,0.14,0.03,*,0.00,81.00,*,*,0.01,0.13,1.00,8.00,0.05,16.00,7.00,10.00,8.00
PESCADOS Y MARISCOS,Otin en conca/ sin concha,FISH AND SEAFOOD,Oter in it e/ itot e,Ostrea sp.,,127.00,3.25,89.48,1.15,0.56,*,*,*,*,5.61,*,*,*,*,*,159.00,71.50,8.43,*,*,*,*,*,*,*,*,*,*,*,*,0.12,0.12,1.20,*,*,*,*,*,*
PESCADOS Y MARISCOS,aometa cra,FISH AND SEAFOOD,Caribe ra,aometa meia eter,,393.00,94.00,77.40,1.20,0.79,*,*,*,*,20.48,*,*,*,*,*,18.00,143.00,*,*,*,*,*,*,*,*,*,*,*,*,*,0.11,0.09,3.02,*,*,*,*,*,*
PESCADOS Y MARISCOS,amano cro,FISH AND SEAFOOD,omano ra,Citula dorsalis Gill,,494.00,118.00,75.50,1.20,4.00,3.51,2.59,1.14,50.00,19.12,0.00,*,*,*,0.00,17.00,137.00,0.60,65.00,381.00,27.00,0.04,0.72,0.01,0.04,*,132.00,40.00,*,*,0.56,0.12,3.00,0.00,0.20,1.30,0.00,15.00,11.00
PESCADOS Y MARISCOS,"Pargo, crudo",FISH AND SEAFOOD,or ra,Holopagrus guntheri Gill,0.51,456.00,109.00,76.62,1.20,2.59,0.29,0.25,0.46,37.00,19.88,0.00,0.00,*,0.00,*,17.00,204.00,0.18,64.00,417.00,32.00,0.03,0.36,0.01,0.04,*,106.00,32.00,*,*,0.09,0.06,2.50,1.60,0.40,3.00,0.00,5.00,10.20
PESCADOS Y MARISCOS,"Pescadilla, cruda",FISH AND SEAFOOD,itin ra,Sphyraena barracuda,,381.00,91.00,78.20,1.20,0.44,0.25,0.28,0.42,67.00,20.69,0.00,*,*,0.00,*,12.00,162.00,0.34,72.00,249.00,21.00,0.03,0.88,0.10,0.03,*,100.00,30.00,*,*,0.13,0.07,2.16,0.00,0.16,2.30,0.00,13.00,0.13
PESCADOS Y MARISCOS,"Pescado, blanco, asado",FISH AND SEAFOOD,i ite broie,,1.00,682.00,163.00,61.00,4.80,3.46,1.16,2.56,2.76,77.00,30.80,0.00,*,*,0.00,*,822.00,714.00,0.47,65.00,406.00,42.00,0.09,1.27,0.09,0.02,*,131.00,39.00,*,*,0.08,2.55,0.00,0.00,0.35,0.96,0.00,17.00,*
PESCADOS Y MARISCOS,ecao etio amn,FISH AND SEAFOOD,i natra amon te,Yavaros,1.00,653.00,156.00,72.50,2.40,10.30,*,*,*,*,14.80,0.00,*,*,*,*,89.19,,5.22,534.77,*,*,*,*,*,*,*,*,*,*,*,*,*,*,*,*,*,*,*,*
PESCADOS Y MARISCOS,ecao rimi bollo enriquecido,FISH AND SEAFOOD,i rimi ortifie bn,,1.00,1042.00,249.00,37.00,*,5.82,*,*,*,*,17.30,29.80,*,*,*,*,*,*,*,*,*,*,*,*,*,*,*,*,*,*,*,*,*,*,*,*,*,*,*,*
PESCADOS Y MARISCOS,ecao rimi croquetas sabor a pollo,FISH AND SEAFOOD,i rimi cicen aore croette,,1.00,874.00,209.00,52.50,*,2.30,*,*,*,*,27.80,16.80,*,*,*,*,*,*,*,*,*,*,*,*,*,*,*,*,*,*,*,*,*,*,*,*,*,*,*,*
PESCADOS Y MARISCOS,ecao rimi meca con arroz y trigo,FISH AND SEAFOOD,i rimi rice an eat ben,,1.00,1569.00,375.00,*,*,13.40,*,*,*,*,14.60,46.60,*,*,*,*,*,*,*,*,*,*,*,*,*,*,*,*,*,*,*,*,*,*,*,*,*,*,*,*
PESCADOS Y MARISCOS,"Popescu, crudo, congelado",FISH AND SEAFOOD,oec ra roen,,,168.80,714.57,68.40,3.55,11.32,*,*,*,*,16.69,0.04,*,*,*,*,1139.10,207.22,14.60,56.07,249.35,40.30,0.00,3.57,*,*,*,*,*,*,*,0.00,0.08,*,*,*,*,*,*,*
PESCADOS Y MARISCOS,"Pulpo, crudo",FISH AND SEAFOOD,Octo ra,Octopus spp.,0.80,238.00,57.00,82.40,1.60,0.32,0.23,0.16,0.24,48.00,12.61,2.20,0.00,*,0.00,*,39.00,109.00,2.53,230.00,350.00,30.00,0.44,1.68,0.03,0.04,*,150.00,45.00,*,*,0.02,0.07,1.30,5.00,0.36,20.00,0.00,16.00,0.00
PESCADOS Y MARISCOS,"Rayadilla, cruda",FISH AND SEAFOOD,Raaia ra,,0.57,309.00,74.00,83.00,1.20,1.50,0.09,0.06,0.17,54.00,18.10,0.00,0.00,*,0.00,*,11.00,227.00,0.17,213.00,286.00,21.00,0.02,0.32,0.01,0.03,*,57.00,17.00,*,*,0.02,0.06,3.36,0.00,0.28,1.83,0.00,12.00,0.50
PESCADOS Y MARISCOS,"Reculador, crudo, congelado",FISH AND SEAFOOD,Recaor ra roen,,,89.98,381.85,76.45,3.88,2.26,*,*,*,*,12.96,4.45,*,*,*,*,2706.05,172.00,8.71,73.54,194.78,40.58,0.83,1.74,*,*,*,*,*,*,*,0.00,0.17,*,*,*,*,*,*,*
PESCADOS Y MARISCOS,"Robalo, crudo",FISH AND SEAFOOD,a ra,Centroom armat Gi,0.51,393.00,94.00,78.50,1.00,1.00,0.78,1.43,1.06,68.00,20.02,0.00,*,*,0.00,*,15.00,204.00,1.49,70.00,356.00,30.00,0.09,0.65,0.89,0.01,*,100.00,30.00,*,*,0.35,0.07,0.93,2.00,0.12,2.00,0.00,15.00,*
PESCADOS Y MARISCOS,"Rubirrubia, cruda",FISH AND SEAFOOD,eotai ra,Rabirrbia inermi,,372.00,89.00,78.60,1.40,0.16,1.28,1.99,1.42,55.00,20.63,0.00,*,*,0.00,*,20.00,154.00,0.49,39.00,420.00,30.00,*,0.52,*,*,*,95.00,29.00,*,*,0.16,0.05,2.50,2.80,0.16,1.30,*,4.00,*
PESCADOS Y MARISCOS,"Sardina, cruda, entera",FISH AND SEAFOOD,Sarine oe ra,Sardinops caerula,1.00,515.00,123.00,71.57,4.80,8.19,*,*,*,*,14.97,0.60,*,*,*,*,127.00,303.00,2.40,100.00,*,24.00,0.17,0.06,*,*,*,*,*,*,*,0.01,0.35,9.70,*,*,*,*,*,*
PESCADOS Y MARISCOS,"Sardina, en aceite",FISH AND SEAFOOD,"Sardine, in oil",,1.00,1737.00,415.00,44.70,1.20,39.60,1.52,3.87,5.15,142.00,13.60,0.90,0.00,*,0.00,*,227.40,490.00,2.45,100.95,397.00,39.00,0.19,1.31,0.11,0.05,*,108.00,32.00,*,*,0.08,6.60,5.25,0.00,0.17,8.94,0.00,5.00,4.80
PESCADOS Y MARISCOS,"Sardina, en aceite con picante",FISH AND SEAFOOD,Sarine in oi it cie,,1.00,*,*,42.10,2.00,39.20,*,*,*,*,16.70,*,*,*,*,*,*,*,*,163.18,*,*,*,*,*,*,*,*,*,*,*,*,*,*,*,*,*,*,*,*
PESCADOS Y MARISCOS,"Sardina, en salsa e tomate",FISH AND SEAFOOD,Sarine in tomato ace,,1.00,807.00,193.00,65.82,2.15,15.40,2.68,4.82,2.11,61.00,15.65,1.90,0.43,*,0.10,*,223.05,366.00,2.97,138.16,341.00,34.00,0.27,1.40,0.21,0.04,*,151.00,34.00,*,*,0.04,0.23,4.20,1.00,0.12,9.00,0.00,24.00,4.80
PESCADOS Y MARISCOS,Sarina meca e a eeaa rimi,FISH AND SEAFOOD,"Sardine, boned pulp an rimi ben",,1.00,556.00,133.00,71.40,*,4.70,*,*,*,*,19.50,1.70,*,*,*,*,*,*,*,*,*,*,*,*,*,*,*,*,*,*,*,*,*,*,*,*,*,*,*,*
PESCADOS Y MARISCOS,Sarina rimi con aditivos,FISH AND SEAFOOD,Sarine rimi it aitie,,1.00,502.00,120.00,72.80,*,0.80,*,*,*,*,18.00,8.70,*,*,*,*,*,*,*,*,*,*,*,*,*,*,*,*,*,*,*,*,*,*,*,*,*,*,*,*
PESCADOS Y MARISCOS,"Sardina, torta seco- aaa amaa",FISH AND SEAFOOD,"Sardine, dried-salted an moe att",,1.00,1506.00,360.00,6.42,14.40,7.42,*,*,*,*,36.10,33.74,*,1.92,*,*,*,*,*,10.13,*,*,*,*,*,*,*,*,*,*,*,*,*,*,*,*,*,*,*,*
PESCADOS Y MARISCOS,"Sierra, fresca y cruda",FISH AND SEAFOOD,Safi re,Scomberomor macat Mitci,0.75,477.00,114.00,75.98,1.30,2.75,0.13,0.09,0.23,43.00,20.24,0.00,*,*,*,*,10.00,168.00,1.20,54.00,413.00,*,*,0.45,*,*,*,*,12.00,*,*,0.14,0.19,4.12,*,0.25,0.91,0.00,7.00,*
PESCADOS Y MARISCOS,Tibrn cartíao deshidratado,FISH AND SEAFOOD,"Shark, dry cartilage protein",Carcarin abimarinat,1.00,1703.00,407.00,0.80,4.30,0.30,*,*,*,*,94.60,*,*,*,*,*,*,*,*,*,*,*,*,*,*,*,*,*,*,*,*,*,*,*,*,*,*,*,*,*
PESCADOS Y MARISCOS,Tibrn ato entero,FISH AND SEAFOOD,Sicefin mooton oe,Mustelus lunatus,1.00,544.00,130.00,73.20,1.30,3.80,0.93,1.81,1.20,51.00,18.10,0.00,0.00,*,0.00,*,34.00,210.00,0.84,79.00,160.00,49.00,*,0.43,*,*,*,233.00,70.00,*,*,0.04,0.06,2.94,0.00,0.40,1.49,*,3.00,0.60
PESCADOS Y MARISCOS,"Trucha, cruda",FISH AND SEAFOOD,Trot ra,Eriscion nebulosus Cuvier et Valenciennes,0.46,393.00,94.00,79.80,1.00,1.67,1.15,3.25,1.50,58.00,18.49,0.00,0.00,*,0.00,*,12.00,122.00,1.50,52.00,361.00,22.00,0.19,0.66,0.85,0.01,*,57.00,17.00,*,*,0.06,0.06,4.19,0.50,0.20,7.79,0.00,13.00,3.90
"AZÚCARES, MIELES Y DULCES",Amíbar cerea,"SUGAR, HONEY AND CANDY","Syrup, cherry",,1.00,1021.00,244.00,28.90,0.40,0.07,0.02,0.03,0.03,0.00,0.03,63.04,22.17,7.56,1.10,*,22.00,3.00,9.50,7.00,93.00,6.00,*,0.06,*,*,*,714.00,36.00,*,0.12,0.00,0.03,0.05,3.40,0.04,0.00,*,8.00,0.00
"AZÚCARES, MIELES Y DULCES",Amíbar cabacano,"SUGAR, HONEY AND CANDY","Syrup, apricot",,1.00,743.00,178.00,53.20,0.90,0.37,0.00,0.02,0.01,0.00,0.37,44.65,*,0.51,1.60,*,31.00,7.00,1.65,13.00,126.00,8.00,*,0.10,*,*,*,1471.00,74.00,*,0.23,0.02,0.00,0.25,8.50,0.05,0.00,*,2.00,0.00
"AZÚCARES, MIELES Y DULCES",Amíbar cirea,"SUGAR, HONEY AND CANDY",Sr m,,1.00,476.00,114.00,70.50,0.20,0.24,0.01,0.07,0.02,0.00,0.43,28.42,22.31,0.21,0.90,*,12.00,39.00,1.38,19.00,91.00,5.00,*,0.07,*,*,*,259.00,13.00,*,0.00,0.02,0.01,0.15,2.50,0.03,0.00,*,3.00,0.00
"AZÚCARES, MIELES Y DULCES",Amíbar rano,"SUGAR, HONEY AND CANDY","Syrup, peach",,1.00,367.60,88.00,76.56,0.22,0.23,0.01,0.04,0.05,0.00,0.37,22.04,18.64,0.45,1.30,*,3.00,11.00,0.80,6.00,92.00,5.00,*,0.09,*,*,*,332.00,17.00,*,*,0.01,0.02,0.61,2.80,0.02,0.00,0.00,3.00,0.00
"AZÚCARES, MIELES Y DULCES",Amíbar rea,"SUGAR, HONEY AND CANDY",Sr traberr,,1.00,385.00,92.00,7.09,0.30,0.26,0.01,0.04,0.13,0.00,0.56,23.53,23.83,*,1.70,*,38.00,19.00,0.70,4.00,86.00,8.00,*,0.09,*,*,*,26.00,1.00,*,0.01,0.01,0.01,0.27,15.40,0.05,0.00,*,27.00,0.00
"AZÚCARES, MIELES Y DULCES",Amíbar io,"SUGAR, HONEY AND CANDY",Sr fi,,1.00,204.00,49.00,56.50,0.70,0.17,0.02,0.02,0.05,0.00,0.62,44.99,20.70,1.02,2.20,*,68.00,52.00,5.20,1.00,99.00,10.00,*,0.11,*,*,*,37.00,2.00,*,0.08,0.01,0.01,0.07,2.80,0.07,0.00,0.00,2.00,0.00
"AZÚCARES, MIELES Y DULCES",Amíbar mano,"SUGAR, HONEY AND CANDY",Sr mano,,1.00,416.50,99.50,74.10,0.25,0.31,*,*,*,*,0.53,24.66,*,0.31,0.92,*,16.50,5.00,0.36,*,*,*,0.25,*,*,*,*,*,*,*,0.47,0.06,0.02,0.45,32.15,*,*,*,*,*
"AZÚCARES, MIELES Y DULCES",Amíbar manana,"SUGAR, HONEY AND CANDY","Syrup, apple",,1.00,*,*,55.90,0.20,*,*,*,*,*,0.12,*,*,*,*,*,16.00,3.00,0.45,*,*,*,*,*,*,*,*,*,*,*,0.00,0.01,0.00,0.08,2.00,*,*,*,*,*
"AZÚCARES, MIELES Y DULCES",Amíbar membrio,"SUGAR, HONEY AND CANDY","Syrup, quince",,1.00,*,*,56.70,0.30,*,*,*,*,*,0.44,*,*,*,*,*,23.00,5.00,0.56,*,*,*,*,*,*,*,*,*,*,*,0.01,*,0.00,0.10,3.30,*,*,*,*,*
"AZÚCARES, MIELES Y DULCES",Amíbar narana,"SUGAR, HONEY AND CANDY","Syrup, orange",,1.00,1222.00,292.00,24.69,0.54,0.36,*,*,*,*,0.43,71.86,71.23,2.12,2.75,*,94.20,*,1.80,31.30,*,*,*,*,*,*,*,*,*,*,*,*,*,*,*,*,*,*,*,*
"AZÚCARES, MIELES Y DULCES",Amíbar ia,"SUGAR, HONEY AND CANDY","Syrup, pineapple",,1.00,155.00,37.00,69.00,0.30,0.18,0.01,0.01,0.04,0.00,0.44,29.77,16.90,0.31,1.30,*,27.00,2.00,1.45,1.00,104.00,16.00,*,0.12,*,*,*,14.00,1.00,*,0.03,0.04,0.00,0.15,4.30,0.07,0.00,0.00,5.00,0.00
"AZÚCARES, MIELES Y DULCES",Ate e tamarino,"SUGAR, HONEY AND CANDY",rit tamarin aor,,1.00,*,*,14.03,3.27,*,*,*,*,*,0.76,*,*,2.07,*,*,*,*,*,*,*,*,*,*,*,*,*,*,*,*,*,*,*,*,*,*,*,*,*,*
"AZÚCARES, MIELES Y DULCES",Ate membrio,"SUGAR, HONEY AND CANDY","Fruit Pulp, quince",,1.00,1318.00,315.00,16.60,1.00,0.40,0.00,*,*,0.00,3.00,75.00,*,4.00,*,*,*,*,*,*,*,*,*,*,*,*,*,*,*,*,*,*,*,*,*,*,*,*,*,*
"AZÚCARES, MIELES Y DULCES",Azúcar Sacarosa,"SUGAR, HONEY AND CANDY",Sugar,,1.00,1607.00,384.00,0.02,0.01,0.00,0.00,0.00,0.00,0.00,0.00,99.10,99.80,*,0.00,*,0.00,0.00,0.00,1.00,2.00,0.00,0.01,0.01,0.00,0.00,*,0.00,0.00,0.00,0.00,0.00,0.00,0.00,0.00,0.00,0.00,0.00,0.00,0.00
"AZÚCARES, MIELES Y DULCES","Chocolate, cobertura","SUGAR, HONEY AND CANDY","Chocolate, yielding icing",,1.00,2864.00,685.00,0.10,0.90,58.90,*,*,*,*,2.15,36.45,22.50,1.50,*,*,25.14,*,2.07,44.08,96.37,22.23,0.00,0.91,*,*,*,*,*,*,*,*,*,*,*,*,*,*,*,*
"AZÚCARES, MIELES Y DULCES","Chocolate, deshidratado, instantáneo","SUGAR, HONEY AND CANDY",Cocoate oere instant,,1.00,1554.00,366.00,1.50,1.40,6.00,*,*,*,*,5.90,77.40,73.80,*,*,*,33.00,190.00,2.40,102.34,410.00,1.50,1.10,1.90,*,*,*,*,*,*,*,0.06,0.04,*,0.00,0.02,0.00,10.00,*,0.00
"AZÚCARES, MIELES Y DULCES",Cocoate fira en barra monea coneo en tabeta,"SUGAR, HONEY AND CANDY","Chocolate, bar coin bnnbar",,1.00,2481.00,593.00,0.34,1.40,41.38,18.34,7.91,0.69,24.00,5.10,51.60,37.00,0.50,1.70,*,35.91,206.00,0.91,60.07,438.00,100.00,0.00,1.27,*,*,*,229.00,*,40.00,*,0.01,0.13,*,2.20,0.02,0.00,10.00,*,0.00
"AZÚCARES, MIELES Y DULCES",Cocoate fira etica,"SUGAR, HONEY AND CANDY","Chocolate, exoticas",,1.00,1598.00,382.00,0.50,2.10,46.00,*,*,*,*,6.80,44.10,33.40,0.50,*,*,*,*,*,*,*,*,*,*,*,*,*,*,*,*,*,0.02,0.09,*,*,*,*,*,*,*
"AZÚCARES, MIELES Y DULCES","Chocolate, granulado","SUGAR, HONEY AND CANDY","Chocolate, grannules",,1.00,1997.00,471.00,0.60,1.59,17.48,2.16,1.90,1.30,44.00,6.70,71.72,65.80,1.99,0.40,*,285.00,427.00,12.82,0.00,947.00,228.00,*,8.55,*,*,*,8962.00,2686.00,*,*,0.85,0.20,14.24,76.90,2.00,3.10,*,850.00,0.00
"AZÚCARES, MIELES Y DULCES",Cocoate oorn,"SUGAR, HONEY AND CANDY",Cocoate crmbcae,,1.00,2058.00,492.00,2.20,1.20,23.30,*,*,*,*,10.10,62.50,*,0.70,*,*,*,*,*,*,*,*,*,*,*,*,*,*,*,*,*,*,*,*,*,*,*,*,*,*
"AZÚCARES, MIELES Y DULCES",Cocoate emiamaro amaro ara mea reotería,"SUGAR, HONEY AND CANDY",Cocoate emibitter pastries,,1.00,2008.00,480.00,0.70,1.20,*,17.75,9.96,0.97,*,4.20,63.90,54.50,*,5.90,*,32.00,132.00,3.13,11.00,365.00,115.00,0.00,1.55,0.80,0.00,*,0.00,0.00,*,*,0.06,0.09,0.43,0.00,0.04,*,0.00,13.00,*
"AZÚCARES, MIELES Y DULCES","Chocolate, tablilla con ece/a a meicana","SUGAR, HONEY AND CANDY",Cocoate mi chocolate bar,,1.00,2233.00,530.00,0.55,1.45,29.25,8.61,5.04,1.16,0.00,7.00,62.50,30.80,0.50,4.00,*,54.19,142.00,1.40,116.07,221.61,34.00,0.00,0.83,0.45,1.80,*,0.00,0.00,40.00,*,0.00,0.31,1.83,0.10,0.03,0.00,5.00,5.00,0.00
"AZÚCARES, MIELES Y DULCES","Coco, cocada de","SUGAR, HONEY AND CANDY","Coconut, coconut candy",,1.00,2271.00,536.50,4.10,1.00,34.10,*,*,*,*,4.00,53.40,*,3.40,*,*,8.00,17.00,1.20,*,*,*,*,*,*,*,*,*,*,*,*,0.08,0.02,0.07,1.00,*,*,*,*,*
"AZÚCARES, MIELES Y DULCES","Dulce, agridulce enchilado","SUGAR, HONEY AND CANDY",Can bittereet eaone it cie,,1.00,1590.00,380.00,1.90,0.60,1.00,*,*,*,*,0.20,95.60,40.20,0.70,*,*,*,*,*,136.95,*,*,*,*,*,*,*,0.00,*,*,*,*,*,*,*,*,*,*,*,*
"AZÚCARES, MIELES Y DULCES","Dulce, avellana chocolate","SUGAR, HONEY AND CANDY","Candy, hazelnut chocolate",,1.00,2209.00,528.00,0.50,1.40,29.30,*,*,*,*,2.90,65.40,44.20,0.50,*,*,*,*,*,58.00,*,*,*,*,*,*,*,*,*,*,*,*,*,*,*,*,*,*,*,*
"AZÚCARES, MIELES Y DULCES",ce bombonete e maaico con ranio,"SUGAR, HONEY AND CANDY",Can rine ma marmao,,1.00,1594.70,375.30,6.80,0.90,1.30,*,*,*,*,3.40,87.50,*,0.10,*,*,*,*,*,49.78,*,*,*,*,*,*,*,*,*,*,*,*,*,*,*,*,*,*,*,*
"AZÚCARES, MIELES Y DULCES","Dulce, borrachitos de leche","SUGAR, HONEY AND CANDY",Can mi borrachitos,,1.00,1363.98,326.00,20.10,0.30,1.50,*,*,*,*,1.90,76.20,*,*,*,*,*,*,*,*,*,*,*,*,*,*,*,*,*,*,*,*,*,*,*,*,*,*,*,*
"AZÚCARES, MIELES Y DULCES",ce carameo,"SUGAR, HONEY AND CANDY","Candy, hard",,1.00,1699.00,406.00,0.90,0.40,6.60,2.48,1.54,3.48,7.00,1.30,88.20,41.90,2.60,0.00,*,138.00,114.00,0.14,61.95,214.00,17.00,0.02,0.44,0.01,1.80,*,*,12.00,*,2.00,0.02,0.09,0.15,0.00,0.06,0.30,0.00,4.00,0.00
"AZÚCARES, MIELES Y DULCES",ce carameo fira,"SUGAR, HONEY AND CANDY",Can fire,,1.00,1598.00,382.00,2.10,0.30,1.00,*,*,*,*,0.10,96.30,68.80,0.20,*,*,*,*,*,*,*,*,*,*,*,*,*,*,*,*,*,*,*,*,*,*,*,*,*,*
"AZÚCARES, MIELES Y DULCES",ce carameo macio menta,"SUGAR, HONEY AND CANDY",Can mint ar,,1.00,159.00,380.00,1.70,0.60,0.50,0.00,0.00,0.00,0.00,0.10,96.90,68.50,0.20,0.00,*,3.00,3.00,3.00,80.95,5.00,3.00,0.03,0.01,*,0.00,*,0.00,0.00,*,*,0.00,0.00,0.01,0.00,0.00,0.00,0.00,0.00,0.00
"AZÚCARES, MIELES Y DULCES",ce carameo ae,"SUGAR, HONEY AND CANDY","Candy, soft candy",,1.00,1690.00,404.00,0.70,0.40,6.20,0.00,0.00,0.00,0.00,1.30,88.60,41.50,2.80,0.10,*,3.00,1.00,0.97,200.50,5.00,1.00,*,1.32,*,*,*,0.00,*,*,*,0.01,0.01,0.01,0.00,0.00,0.00,0.00,0.00,*
"AZÚCARES, MIELES Y DULCES",ce camo,"SUGAR, HONEY AND CANDY",Can camoito,,1.00,593.00,141.00,60.45,6.29,3.11,0.00,*,*,*,1.10,30.50,*,0.20,*,*,4.60,*,0.00,845.79,24.08,3.26,0.00,0.02,*,*,*,*,*,*,*,*,*,*,*,*,*,*,*,*
"AZÚCARES, MIELES Y DULCES",ce camo can,"SUGAR, HONEY AND CANDY",Can camoito,,1.00,195.42,46.00,86.90,2.15,0.66,*,*,*,*,0.00,10.02,*,0.24,*,*,*,*,*,1.16,*,*,*,*,*,*,*,*,*,*,*,*,*,*,*,*,*,*,*,*
"AZÚCARES, MIELES Y DULCES",ce camo con ciruela,"SUGAR, HONEY AND CANDY",Can camoito it m,,*,546.66,128.79,64.60,6.11,2.79,*,*,*,*,0.35,25.57,*,0.58,*,*,*,*,*,1.98,*,*,*,*,*,*,*,*,*,*,*,*,*,*,*,*,*,*,*,*
"AZÚCARES, MIELES Y DULCES",ce camo con imn,"SUGAR, HONEY AND CANDY",Can camoito it emon,,1.00,152.96,36.00,85.10,4.96,0.16,*,*,*,*,0.97,7.67,*,1.14,*,*,*,*,*,1.53,*,*,*,*,*,*,*,*,*,*,*,*,*,*,*,*,*,*,*,*
"AZÚCARES, MIELES Y DULCES",ce camo salsa,"SUGAR, HONEY AND CANDY",Can camoito sauce,,1.00,361.46,85.15,75.10,4.91,1.71,*,*,*,*,0.56,16.88,*,0.84,*,*,*,*,*,1.53,*,*,*,*,*,*,*,*,*,*,*,*,*,*,*,*,*,*,*,*
"AZÚCARES, MIELES Y DULCES",ce camo salsa picante,"SUGAR, HONEY AND CANDY",Can camoito sauce,,1.00,206.06,48.62,84.80,5.57,2.30,*,*,*,*,0.18,6.80,*,0.35,*,*,*,*,*,1.97,*,*,*,*,*,*,*,*,*,*,*,*,*,*,*,*,*,*,*,*
"AZÚCARES, MIELES Y DULCES","Dulce, chicloso","SUGAR, HONEY AND CANDY","Candy, taffy",,1.00,1117.00,327.00,10.80,2.20,5.30,*,*,*,*,9.90,69.00,*,2.80,*,*,*,*,*,*,*,*,*,*,*,*,*,*,*,*,*,*,*,*,*,*,*,*,*,*
"AZÚCARES, MIELES Y DULCES","Dulce, chicloso de chocolate","SUGAR, HONEY AND CANDY","Candy, chocolate taffy",,1.00,1933.00,462.00,6.99,1.28,18.12,*,*,*,*,4.46,69.14,*,*,*,*,*,*,*,259.00,*,*,*,*,*,*,*,*,*,*,*,*,*,*,*,*,*,*,*,*
"AZÚCARES, MIELES Y DULCES","Dulce, chicloso de nuez","SUGAR, HONEY AND CANDY","Candy, nut taffy",,1.00,2029.00,485.00,6.26,0.89,22.72,*,*,*,*,2.90,67.23,*,*,*,*,*,*,*,256.00,*,*,*,*,*,*,*,*,*,*,*,*,*,*,*,*,*,*,*,*
"AZÚCARES, MIELES Y DULCES","Dulce, chicloso de vainilla","SUGAR, HONEY AND CANDY","Candy, vanilla taffy",,1.00,1619.00,387.00,4.02,1.22,1.66,*,*,*,*,3.40,89.70,*,*,*,*,*,*,*,265.00,*,*,*,*,*,*,*,*,*,*,*,*,*,*,*,*,*,*,*,*
"AZÚCARES, MIELES Y DULCES","Dulce, chocolate","SUGAR, HONEY AND CANDY","Candy, chocolate",,1.00,669.00,1.60,0.60,2.80,28.90,*,*,*,*,25.70,41.30,*,0.70,*,*,*,*,*,*,*,*,*,*,*,*,*,*,*,*,*,*,*,*,*,*,*,*,*,*
"AZÚCARES, MIELES Y DULCES",ce cono inao/ azucarado,"SUGAR, HONEY AND CANDY","Candy, cone-shaped puffed",,1.00,1723.00,406.00,4.73,1.41,6.10,*,*,*,*,7.74,80.00,*,0.02,*,*,*,*,*,237.21,*,*,*,*,*,*,*,*,*,*,*,*,*,6.71,*,*,*,*,*,*
"AZÚCARES, MIELES Y DULCES",ce cremino bicolor,"SUGAR, HONEY AND CANDY",Can cremino bicolor,,1.00,2222.00,531.00,0.50,0.90,29.80,*,*,*,*,3.60,64.20,42.80,1.00,*,*,*,*,*,50.20,*,*,*,*,*,*,*,*,*,*,*,*,*,*,*,*,*,*,*,*
"AZÚCARES, MIELES Y DULCES","Dulce, cuadro e oma","SUGAR, HONEY AND CANDY",Can mm squares,,1.00,1375.10,323.60,19.90,0.20,0.80,*,*,*,*,4.10,75.00,*,0.00,*,*,4.27,,0.50,47.94,3.77,2.06,0.00,0.69,*,*,*,*,*,*,*,*,*,*,*,*,*,*,*,*
"AZÚCARES, MIELES Y DULCES","Dulce, de coco, barra coorín/e romoe/oraa/ cocada veladora","SUGAR, HONEY AND CANDY",Can cocont barra coorin/ e romoe/barra oraa cocada veladora,,1.00,1987.93,469.28,11.10,0.90,25.98,*,*,*,*,3.23,55.65,*,3.15,*,*,*,*,*,42.44,*,*,*,*,*,*,*,*,*,*,*,*,*,*,*,*,*,*,*,*
"AZÚCARES, MIELES Y DULCES","Dulce, en polvo","SUGAR, HONEY AND CANDY",Can oere an eetene can,,1.00,1626.60,383.10,4.70,0.30,0.70,*,*,*,*,0.10,94.10,*,0.10,*,*,*,*,*,4.09,*,*,*,*,*,*,*,*,*,*,*,*,*,*,*,*,*,*,*,*
"AZÚCARES, MIELES Y DULCES","Dulce, forti - postre","SUGAR, HONEY AND CANDY","Candy, forti dessert",,1.00,987.60,232.60,44.40,1.70,3.80,*,*,*,*,5.40,44.20,*,0.50,*,*,104.67,,1.23,256.94,155.10,24.91,0.00,1.30,*,*,*,147.99,*,*,*,*,*,*,*,*,*,*,*,*
"AZÚCARES, MIELES Y DULCES","Dulce, fresa- chocolate","SUGAR, HONEY AND CANDY",Can traberr chocolate,,1.00,2260.00,540.00,0.40,0.80,31.40,*,*,*,*,2.60,63.90,42.90,0.90,*,*,*,*,*,55.00,*,*,*,*,*,*,*,*,*,*,*,*,*,*,*,*,*,*,*,*
"AZÚCARES, MIELES Y DULCES",ce omita,"SUGAR, HONEY AND CANDY",Can mro,,1.00,1456.00,348.00,10.20,0.20,0.30,0.00,0.00,0.00,0.00,4.30,84.70,45.40,0.30,0.10,*,3.00,1.00,0.40,27.05,5.00,1.00,0.01,0.00,0.01,0.01,*,0.00,*,*,0.00,0.01,0.01,0.01,0.00,0.01,0.00,0.00,0.00,0.00
"AZÚCARES, MIELES Y DULCES","Dulce, gragea adicita de sabores","SUGAR, HONEY AND CANDY","Candy, sour sprinkles, aorte aor",,1.00,1679.00,395.10,1.80,0.20,0.70,*,*,*,*,0.00,97.20,*,0.10,*,*,*,*,*,12.88,*,*,*,*,*,*,*,*,*,*,*,*,*,*,*,*,*,*,*,*
"AZÚCARES, MIELES Y DULCES","Dulce, grenetina","SUGAR, HONEY AND CANDY","Candy, grenetine",,1.00,1445.58,345.40,14.15,0.25,0.80,*,*,*,*,4.30,80.70,*,*,*,*,17.53,*,0.00,50.17,*,*,0.00,0.00,*,*,*,*,*,*,*,*,*,*,*,*,*,*,*,*
"AZÚCARES, MIELES Y DULCES",ce maaico con gragea,"SUGAR, HONEY AND CANDY","Candy, sprinkled marmao",,1.00,1642.00,386.40,4.20,0.20,0.80,0.06,0.08,0.08,0.00,1.10,93.70,57.56,0.00,0.10,*,3.00,8.00,0.23,33.76,5.00,2.00,0.10,0.04,0.01,0.00,*,0.00,*,*,*,0.00,0.00,0.08,0.00,0.00,0.00,0.00,1.00,0.00
"AZÚCARES, MIELES Y DULCES","Dulce, paleta chupirul","SUGAR, HONEY AND CANDY","Candy, chupirul lollipop",,1.00,1590.00,380.00,1.80,0.43,0.70,*,*,*,*,0.15,96.60,70.13,0.23,*,*,*,*,*,77.09,*,*,*,*,*,*,*,*,*,*,*,*,*,*,*,*,*,*,*,*
"AZÚCARES, MIELES Y DULCES",ce minienciao,"SUGAR, HONEY AND CANDY",Can minienciao,,1.00,1571.00,375.00,2.00,0.50,0.70,*,*,*,*,0.50,94.90,42.30,1.40,*,*,*,*,*,293.59,*,*,*,*,*,*,*,0.00,*,*,*,*,*,*,*,*,*,*,*,*
"AZÚCARES, MIELES Y DULCES","Dulce, palanqueta de cacaate amaranto","SUGAR, HONEY AND CANDY","Candy, peanut amarant bar",,1.00,534.00,2261.20,7.10,1.10,35.00,*,*,*,*,17.40,37.50,*,1.90,*,*,*,*,*,*,*,*,*,*,*,*,*,*,*,*,*,*,*,*,*,*,*,*,*,*
"AZÚCARES, MIELES Y DULCES","Dulce, paleta maaico con omita","SUGAR, HONEY AND CANDY",Can marmao oio it mro,,1.00,1364.00,326.00,12.10,0.00,0.40,*,*,*,*,3.60,83.90,82.10,*,*,*,*,*,*,24.25,*,*,*,*,*,*,*,*,*,*,*,*,*,*,*,*,*,*,*,*
"AZÚCARES, MIELES Y DULCES","Dulce, paletina","SUGAR, HONEY AND CANDY","Candy, paletina",,1.00,1561.00,373.00,3.50,0.20,0.40,*,*,*,*,0.10,95.50,73.50,0.30,*,*,*,*,*,84.90,*,*,*,*,*,*,*,*,*,*,*,*,*,*,*,*,*,*,*,*
"AZÚCARES, MIELES Y DULCES",ce atia abor cerea/ imn/mento/narana,"SUGAR, HONEY AND CANDY",Can cerr/ime/mento/ oraneaore oene,,1.00,1696.33,399.18,1.05,0.00,0.95,*,*,*,*,0.00,98.28,102.20,0.00,0.00,*,5.10,*,0.20,9.28,*,0.42,0.00,0.00,*,*,*,*,*,0.00,*,0.00,0.00,*,0.00,0.00,0.00,0.00,*,0.00
"AZÚCARES, MIELES Y DULCES","Dulce, picasuave","SUGAR, HONEY AND CANDY","Candy, picasuave",,1.00,1691.00,404.00,0.70,0.60,6.70,*,*,*,*,1.40,87.40,41.60,3.20,*,*,*,*,*,293.70,*,*,*,*,*,*,*,0.00,*,*,*,*,*,*,*,*,*,*,*,*
"AZÚCARES, MIELES Y DULCES","Dulce, pirulí enchilado","SUGAR, HONEY AND CANDY","Candy, lollipop eaone it cie",,1.00,1665.00,398.00,2.00,0.40,1.60,*,*,*,*,0.40,94.80,41.60,0.80,*,*,*,*,*,265.60,*,*,*,*,*,*,*,0.00,*,*,*,*,*,*,*,*,*,*,*,*
"AZÚCARES, MIELES Y DULCES","Dulce, pulpa tipo camo","SUGAR, HONEY AND CANDY",Can camoito,,1.00,268.05,63.12,80.00,4.65,0.84,*,*,*,*,0.07,13.82,*,0.62,*,*,*,*,*,1.53,*,*,*,*,*,*,*,*,*,*,*,*,*,*,*,*,*,*,*,*
"AZÚCARES, MIELES Y DULCES","Dulce, pulpa tipo camo","SUGAR, HONEY AND CANDY",Can camoito,,1.00,437.66,103.09,71.80,4.62,1.89,*,*,*,*,0.00,21.52,*,0.17,*,*,*,*,*,1.66,*,*,*,*,*,*,*,*,*,*,*,*,*,*,*,*,*,*,*,*
"AZÚCARES, MIELES Y DULCES","Dulce, rollo de guayaba","SUGAR, HONEY AND CANDY","Candy, guava roll",,1.00,1393.00,333.00,*,0.46,*,*,*,*,*,0.51,80.15,73.93,2.77,*,*,43.20,*,*,14.10,*,*,*,*,*,*,*,*,*,*,*,*,*,*,*,*,*,*,*,*
"AZÚCARES, MIELES Y DULCES",ce tio tamarino,"SUGAR, HONEY AND CANDY",Can tamarin te,,1.00,1520.93,357.93,8.13,2.33,0.85,*,*,*,*,1.95,86.23,*,0.25,3.90,2.45,25.77,18.38,2.33,538.40,60.00,2.77,0.00,0.39,*,*,*,*,*,*,*,*,*,*,*,*,*,*,*,*
"AZÚCARES, MIELES Y DULCES","Dulce, único tipo dulce chicloso sabor nuez","SUGAR, HONEY AND CANDY","Candy, pecan- aore ce",,1.00,2235.30,527.60,2.30,0.80,28.00,*,*,*,*,4.50,64.40,*,*,*,*,36.32,*,0.00,19.75,84.65,13.61,0.00,0.33,*,*,*,*,*,*,*,*,*,*,*,*,*,*,*,*
"AZÚCARES, MIELES Y DULCES","Dulce, vainilla","SUGAR, HONEY AND CANDY","Candy, vanilla",,1.00,2104.00,503.00,0.80,2.90,25.60,*,*,*,*,21.80,48.00,*,0.90,*,*,*,*,*,*,*,*,*,*,*,*,*,*,*,*,*,*,*,*,*,*,*,*,*,*
"AZÚCARES, MIELES Y DULCES",an meca deshidratada para preparar,"SUGAR, HONEY AND CANDY","Baked Custard, oere reami",,1.00,1588.00,380.00,0.35,1.14,0.00,*,*,*,0.00,0.53,97.77,*,*,0.00,*,24.00,1.00,0.08,20.68,153.00,0.00,0.02,0.04,0.01,0.02,*,0.00,*,*,*,0.00,0.00,0.00,0.00,0.00,0.00,*,*,*
"AZÚCARES, MIELES Y DULCES","an meca eirataa para preparar sabor vainilla, sugar free","SUGAR, HONEY AND CANDY",ae Ctar oere reami ania aore,,1.00,1379.00,329.95,6.10,11.73,0.37,0.09,0.03,0.17,0.00,2.82,78.12,47.16,0.86,0.60,*,5.00,2.00,0.06,754.00,20.00,0.00,,0.02,*,*,*,*,*,*,*,0.00,0.01,0.00,0.00,0.00,0.00,0.00,0.00,*
"AZÚCARES, MIELES Y DULCES","Flan, preparado","SUGAR, HONEY AND CANDY","Baked Custard, prepared",,1.00,435.00,104.00,68.70,1.00,2.60,1.64,0.71,0.20,9.00,2.00,26.97,16.00,*,0.10,*,38.25,74.00,0.00,91.08,158.13,5.59,0.00,0.37,*,*,*,*,25.00,0.01,*,0.03,0.16,0.09,0.00,0.03,0.31,0.00,4.00,*
"AZÚCARES, MIELES Y DULCES","Gelatina, con yogurt","SUGAR, HONEY AND CANDY",Geatine it ort,,1.00,343.00,81.90,81.00,0.40,1.50,*,*,*,*,8.00,9.10,*,*,*,*,*,*,*,44.30,*,*,*,*,*,*,*,*,*,*,*,*,*,*,*,*,*,*,*,*
"AZÚCARES, MIELES Y DULCES","Gelatina, grenetina en polvo","SUGAR, HONEY AND CANDY",Geatine oere grenetine,,1.00,1580.00,378.00,7.10,0.50,0.50,0.00,0.00,0.00,0.00,91.40,0.30,86.04,*,0.00,*,3.00,141.00,0.13,466.00,7.00,2.00,0.12,0.01,0.01,0.01,*,0.00,*,*,*,0.00,0.04,0.01,0.00,0.00,0.00,0.00,3.00,0.00
"AZÚCARES, MIELES Y DULCES",Geatina meca eirataa para preparar sabor naranja,"SUGAR, HONEY AND CANDY",Geatine oere rea mi orane aor,,1.00,1597.00,366.00,1.16,1.53,0.00,*,*,*,*,11.04,87.21,15.38,0.00,*,*,*,*,*,22.79,*,*,*,*,*,*,*,*,*,*,*,*,*,*,*,*,*,*,*,*
"AZÚCARES, MIELES Y DULCES","Gelatina, preparada","SUGAR, HONEY AND CANDY","Gelatine, prepared",,1.00,523.00,125.00,82.80,0.40,11.60,0.00,0.00,0.00,0.00,1.80,3.40,13.49,0.00,0.00,*,3.00,22.00,0.02,75.00,1.00,1.00,0.02,0.01,0.00,0.00,*,0.00,*,0.00,*,0.00,0.01,0.00,0.00,0.00,0.00,0.00,1.00,0.00
"AZÚCARES, MIELES Y DULCES","Gelatina, sin sabor","SUGAR, HONEY AND CANDY",Geatine aore,,1.00,352.00,84.20,79.40,0.30,0.60,*,*,*,*,3.60,16.10,*,*,*,*,*,*,*,68.76,*,*,*,*,*,*,*,*,*,*,*,*,*,*,*,*,*,*,*,*
"AZÚCARES, MIELES Y DULCES","Gelatina, sin sabor en polvo","SUGAR, HONEY AND CANDY",Geatine aore,,1.00,1568.00,373.30,0.80,0.75,0.55,*,0.00,0.00,*,90.99,91.60,86.04,0.10,0.00,*,3.00,< 49.42,0.13,466.00,7.00,2.00,0.12,0.01,0.01,0.01,*,0.00,*,*,*,0.00,0.04,0.01,0.00,0.00,0.00,0.00,3.00,0.00
"AZÚCARES, MIELES Y DULCES","Gelatina, tricolor","SUGAR, HONEY AND CANDY","Gelatine, three-colored",,1.00,396.50,83.90,78.90,0.50,0.30,*,*,*,*,3.90,16.40,*,0.00,*,*,*,*,*,*,*,*,*,*,*,*,*,*,*,*,*,*,*,*,*,*,*,*,*,*
"AZÚCARES, MIELES Y DULCES","Guayaba, conserva","SUGAR, HONEY AND CANDY","Guava, preserve",,1.00,971.00,232.00,40.00,0.20,1.10,*,*,*,*,1.50,57.20,*,0.00,*,*,*,*,*,*,*,*,*,*,*,*,*,*,*,*,*,*,*,*,*,*,*,*,*,*
"AZÚCARES, MIELES Y DULCES","Jalea, conserva","SUGAR, HONEY AND CANDY","Jelly, preserve",,1.00,1115.00,266.00,29.77,0.12,0.02,0.01,0.00,0.00,0.00,0.15,69.95,51.22,*,1.00,*,7.00,6.00,1.30,30.00,54.00,6.00,0.01,0.03,0.13,0.00,*,5.00,*,*,*,0.00,0.03,0.04,0.90,0.02,0.00,0.00,2.00,0.00
"AZÚCARES, MIELES Y DULCES",aea membrio,"SUGAR, HONEY AND CANDY","Jelly, quince",,1.00,1187.00,282.00,37.30,0.20,0.07,*,*,*,*,0.40,68.29,*,2.80,*,*,15.00,15.00,2.93,*,*,*,*,*,*,*,*,*,*,0.00,*,0.00,0.01,0.05,3.80,*,*,*,*,*
"AZÚCARES, MIELES Y DULCES","Jalea, naranja","SUGAR, HONEY AND CANDY","Jelly, orange",,1.00,972.00,232.00,25.20,0.20,0.09,*,*,*,*,0.22,59.12,*,15.64,*,*,18.00,7.00,2.20,*,*,*,*,*,*,*,*,*,*,*,0.00,0.04,0.02,0.16,27.40,*,*,*,*,*
"AZÚCARES, MIELES Y DULCES",Mermeaa camote con ia,"SUGAR, HONEY AND CANDY",am eet otato it ineae,,1.00,1222.00,292.00,24.20,0.40,0.50,*,*,*,*,0.10,74.30,*,0.50,*,*,*,*,*,*,*,*,*,*,*,*,*,*,*,*,*,*,*,*,*,*,*,*,*,*
"AZÚCARES, MIELES Y DULCES",Mermeaa cabacano,"SUGAR, HONEY AND CANDY",am aricot,,1.00,1151.00,275.00,28.70,0.40,0.36,0.01,0.00,0.00,0.00,0.50,69.74,43.40,0.30,0.30,*,20.00,13.00,0.49,40.00,77.00,4.00,0.10,0.06,0.04,0.00,*,205.00,14.00,*,0.02,0.01,0.04,0.30,5.00,0.02,0.00,0.00,1.00,0.00
"AZÚCARES, MIELES Y DULCES",Mermeaa conera,"SUGAR, HONEY AND CANDY",am reere,,1.00,1042.00,249.00,34.60,0.40,0.20,0.01,0.04,0.00,0.00,0.30,63.60,48.50,0.90,1.10,*,20.00,19.00,0.49,32.00,77.00,4.00,0.10,0.06,0.04,0.00,*,0.00,*,0.05,*,0.02,0.08,0.04,8.80,0.02,0.00,0.00,11.00,0.00
"AZÚCARES, MIELES Y DULCES",Mermeaa rano,"SUGAR, HONEY AND CANDY",am eac,,1.00,1067.00,255.00,34.50,0.20,0.80,*,*,*,*,0.10,64.00,*,0.40,*,*,*,*,*,*,*,*,*,*,*,*,*,*,*,*,*,*,*,*,*,*,*,*,*,*
"AZÚCARES, MIELES Y DULCES",Mermeaa rambea,"SUGAR, HONEY AND CANDY",am raberr,,1.00,1158.00,277.00,27.30,0.30,0.25,*,*,*,*,0.50,70.45,*,1.20,*,*,19.00,15.00,1.92,*,*,*,*,*,*,*,*,*,*,*,0.00,0.01,0.06,0.23,5.40,*,*,*,*,*
"AZÚCARES, MIELES Y DULCES",Mermeaa rea,"SUGAR, HONEY AND CANDY",am traberr,,1.00,1098.00,263.00,31.83,0.30,0.45,*,*,*,*,0.40,65.80,*,0.43,1.20,*,*,*,*,*,*,*,*,*,*,*,*,*,*,*,*,*,*,*,*,*,*,*,*,*
"AZÚCARES, MIELES Y DULCES",Mermeaa rta,"SUGAR, HONEY AND CANDY",am rit,,1.00,2138.00,511.00,1.10,1.30,27.20,*,*,*,*,15.40,53.00,69.00,2.00,*,*,24.00,18.00,1.50,16.00,110.00,10.00,0.23,*,*,*,*,*,*,*,*,0.00,*,*,10.00,*,0.00,*,*,*
"AZÚCARES, MIELES Y DULCES",Mermeaa aaba,"SUGAR, HONEY AND CANDY",am aa,,1.00,*,*,30.70,0.40,0.07,*,*,*,*,0.25,*,*,*,*,*,*,9.00,0.60,*,*,*,*,*,*,*,*,*,*,*,0.01,0.01,0.01,0.63,36.30,*,*,*,*,*
"AZÚCARES, MIELES Y DULCES",Mermeaa manana,"SUGAR, HONEY AND CANDY",am ae,,1.00,*,*,37.10,*,0.08,*,*,*,*,0.44,*,*,21.40,*,*,10.00,3.00,2.78,*,*,*,*,*,*,*,*,*,*,*,0.00,0.01,0.01,0.10,3.20,*,*,*,*,*
"AZÚCARES, MIELES Y DULCES",Mermeaa narana,"SUGAR, HONEY AND CANDY",am orane,,1.00,958.00,229.00,20.70,0.50,0.39,0.00,0.00,0.00,0.00,0.81,57.45,60.00,20.15,0.70,*,53.00,11.00,1.95,56.00,37.00,2.00,0.09,0.04,0.02,0.00,*,62.00,3.00,*,0.01,0.06,0.04,0.20,14.90,0.02,0.00,0.00,9.00,0.00
"AZÚCARES, MIELES Y DULCES",Mermeaa ia,"SUGAR, HONEY AND CANDY",am ineae,,1.00,1594.00,381.00,28.80,0.40,0.60,*,*,*,*,0.20,69.80,*,0.20,*,*,*,*,*,*,*,*,*,*,*,*,*,*,*,*,*,*,*,*,*,*,*,*,*,*
"AZÚCARES, MIELES Y DULCES",Mermeaa aramora,"SUGAR, HONEY AND CANDY",am bacberr,,1.00,1082.00,259.00,28.40,0.50,0.20,*,*,*,*,1.19,65.13,*,4.58,*,*,37.00,29.00,7.14,*,*,*,*,*,*,*,*,*,*,*,0.00,0.02,0.06,0.28,4.00,*,*,*,*,*
"AZÚCARES, MIELES Y DULCES","Miel, con polen y jalea real","SUGAR, HONEY AND CANDY",one it bee propolis snd royal jelly,,1.00,1590.00,380.30,7.90,0.40,2.70,*,*,*,*,3.20,85.80,*,*,*,*,17.87,,4.26,3.19,104.65,9.02,0.00,1.11,*,*,*,*,*,*,*,*,*,*,*,*,*,*,*,*
"AZÚCARES, MIELES Y DULCES","Miel, de abeja","SUGAR, HONEY AND CANDY","Honey, honey",,1.00,1406.00,336.00,16.84,0.15,0.48,0.00,0.00,0.00,0.00,0.27,86.27,82.12,0.03,0.20,*,6.00,4.00,0.42,4.00,52.00,2.00,0.04,0.22,0.08,0.00,*,0.00,*,0.00,*,0.00,0.04,0.12,0.50,0.02,0.00,0.00,2.00,0.00
"AZÚCARES, MIELES Y DULCES","Miel, de abeja 100% natural","SUGAR, HONEY AND CANDY","Honey, 100% natural honeybee",,1.00,986.70,232.20,42.50,0.20,0.60,*,*,*,*,0.30,56.40,*,*,*,*,*,*,8.32,1.34,*,*,*,*,*,*,*,*,*,*,*,*,*,*,*,*,*,*,*,*
"AZÚCARES, MIELES Y DULCES","Miel, de abeja con bambiia","SUGAR, HONEY AND CANDY",one it bambiia,,1.00,1468.00,351.00,12.30,0.20,0.00,*,*,*,*,0.80,86.80,*,*,*,*,*,*,*,*,*,*,*,*,*,*,*,*,*,*,*,*,*,*,*,*,*,*,*,*
"AZÚCARES, MIELES Y DULCES","Miel, de abeja con jalea real","SUGAR, HONEY AND CANDY","Honey, royal jelly",,1.00,1347.00,322.00,17.00,0.20,0.30,*,*,*,*,1.10,81.30,*,*,*,*,*,*,*,*,*,*,*,*,*,*,*,*,*,*,*,*,*,*,*,*,*,*,*,*
"AZÚCARES, MIELES Y DULCES",Mie e caa,"SUGAR, HONEY AND CANDY",one moae,,1.00,1192.00,285.00,25.20,1.50,0.20,0.00,*,*,0.00,0.50,72.60,*,*,*,*,70.00,42.00,1.20,*,425.00,*,*,*,*,*,*,*,*,*,*,0.02,0.06,0.40,3.00,,*,*,*,*
"AZÚCARES, MIELES Y DULCES",Mie e mae,"SUGAR, HONEY AND CANDY",one mae ice,,1.00,1189.00,282.00,24.97,2.68,0.67,*,*,*,*,2.24,68.53,*,0.10,*,*,28.63,110.19,0.78,*,732.81,40.88,0.11,0.46,*,*,*,42.12,*,*,*,0.32,0.00,,11.77,,*,*,*,*
"AZÚCARES, MIELES Y DULCES","Miel, de plátano","SUGAR, HONEY AND CANDY","Honey, banana",,1.00,941.00,225.00,38.20,3.70,0.00,*,*,*,*,1.44,56.66,*,0.00,*,*,*,*,*,*,*,*,*,*,*,*,*,*,*,*,*,*,*,*,*,*,*,*,*,*
"AZÚCARES, MIELES Y DULCES","Miel, jarabe con propoleo y eucalipto","SUGAR, HONEY AND CANDY","Honey, propolis and eucalyptus syrup",,1.00,1320.00,315.00,18.80,0.10,0.30,*,*,*,*,0.20,80.60,*,0.00,*,*,*,*,*,1.87,*,*,*,*,*,*,*,*,*,*,*,*,*,*,*,*,*,*,*,*
"AZÚCARES, MIELES Y DULCES",Niee imn,"SUGAR, HONEY AND CANDY",Serbert emon,,1.00,293.00,70.00,81.60,0.10,0.10,0.00,*,*,0.00,0.00,18.00,*,0.20,0.00,*,2.00,1.00,0.70,22.00,3.00,1.00,,0.02,*,*,*,*,*,*,*,0.00,0.00,0.01,0.65,0.00,0.00,0.00,0.00,*
"AZÚCARES, MIELES Y DULCES",Ne araiaa,"SUGAR, HONEY AND CANDY","Pecan, candied",,1.00,2261.00,612.00,1.10,1.00,45.40,4.20,*,*,8.00,7.50,43.50,34.00,1.40,2.00,*,10.00,*,2.40,2.00,*,*,*,*,*,*,*,*,*,*,*,*,*,*,*,*,*,*,*,*
"AZÚCARES, MIELES Y DULCES","Nuez, palanqueta","SUGAR, HONEY AND CANDY","Pecan, brittle",,1.00,2272.00,543.00,2.40,1.00,35.70,2.80,*,*,0.00,7.10,48.50,41.00,5.30,1.40,*,150.00,*,0.90,30.00,*,*,*,*,*,*,*,*,*,*,*,*,*,*,*,*,*,*,*,*
"AZÚCARES, MIELES Y DULCES","Sustituto de Azúcar, in caoría Aartame","SUGAR, HONEY AND CANDY","Sugar Substitute, no caorie Aartame",,1.00,1712.00,409.67,0.10,1.36,0.00,*,*,*,*,1.51,97.03,*,0.00,0.00,*,*,*,*,*,*,*,*,*,*,*,*,*,*,*,*,*,*,*,*,*,*,*,*,*
"AZÚCARES, MIELES Y DULCES","Sustituto de Azúcar, in caoría Scraoa","SUGAR, HONEY AND CANDY","Sugar Substitute, no caorie Scraoe",,1.00,1546.00,377.42,9.20,0.61,0.00,*,*,*,*,1.37,88.82,*,0.00,0.00,*,*,*,*,*,*,*,*,*,*,*,*,*,*,*,*,*,*,*,*,*,*,*,*,*
ALIMENTOS INFANTILES,Cereal,FOOD FOR CHILDREN,Cereal,,1.00,1552.00,371.00,5.52,2.06,1.09,*,*,*,*,12.78,77.56,*,0.28,8.30,*,350.00,290.00,18.31,440.00,330.00,*,0.29,1.30,*,*,*,*,210.00,*,*,0.55,1.20,8.00,65.00,*,0.00,19.00,*,*
ALIMENTOS INFANTILES,"Cereal, arroz para papilla",FOOD FOR CHILDREN,"Cereal, rice for baby food",,1.00,1648.00,394.00,5.70,0.50,1.60,0.92,1.26,2.02,0.00,3.20,88.50,0.12,0.50,0.50,*,850.00,590.00,47.50,6.00,385.00,206.00,0.33,1.98,*,0.01,*,0.00,0.00,*,*,2.64,2.22,31.24,2.40,0.48,0.00,0.00,24.00,0.00
ALIMENTOS INFANTILES,"Cereal, avena-plátano",FOOD FOR CHILDREN,Cerea oatmea banana,,1.00,1766.00,422.00,79.50,0.20,0.30,*,*,*,*,1.10,18.90,*,0.00,5.20,*,585.00,390.00,15.00,285.00,430.00,*,*,10.00,*,*,*,*,750.00,*,*,0.90,*,4.80,80.00,0.50,*,*,0.90,*
ALIMENTOS INFANTILES,Cerea mito tano,FOOD FOR CHILDREN,Cerea mie it banana,,1.00,347.00,83.00,1.20,3.80,7.30,0.85,1.22,1.73,0.00,10.90,75.80,6.68,1.00,7.80,*,696.00,367.00,47.50,0.00,668.00,90.00,0.26,1.40,*,0.02,*,125.00,6.00,*,*,3.78,3.56,20.56,3.60,0.41,0.24,0.00,17.00,0.00
ALIMENTOS INFANTILES,aia comia con carne de pollo con vegetales,FOOD FOR CHILDREN,"Strained, chicken vegetables dinner",,1.00,281.00,66.4,84.70,0.70,1.60,0.46,0.63,0.39,28.00,4.90,8.10,0.82,0.00,0.60,*,11.00,42.00,0.40,235.00,95.00,10.00,*,0.41,*,0.00,*,1950.00,98.00,*,*,0.04,0.05,1.23,1.70,0.06,0.14,4.00,12.00,0.00
ALIMENTOS INFANTILES,aia comia con carne de res con vegetales,FOOD FOR CHILDREN,"Strained, beff vegetables dinner",,1.00,282.70,66.60,84.60,0.50,1.40,1.03,1.01,0.14,6.00,5.70,7.80,*,0.00,2.20,*,17.00,45.00,0.58,19.00,158.00,15.00,*,0.56,*,*,*,*,146.00,*,*,0.03,0.05,0.83,0.00,0.07,0.18,0.00,8.00,*
ALIMENTOS INFANTILES,"Papilla, ejotes con amn coao",FOOD FOR CHILDREN,"Strained, green beans it am traine",,1.00,255.00,61.00,85.90,0.60,1.80,*,*,*,*,2.00,9.10,*,0.60,*,*,*,*,*,*,*,*,*,*,*,*,*,*,*,*,*,*,*,*,*,*,*,*,*,*
ALIMENTOS INFANTILES,"aia rma a bae de carne, picado",FOOD FOR CHILDREN,Straine meatbae orma ice,,1.00,623.00,149.00,72.30,1.40,8.70,1.18,0.95,0.16,51.00,8.00,9.60,0.00,0.00,0.00,*,5.00,93.00,0.98,41.00,187.00,11.00,0.15,2.22,0.04,0.00,*,0.00,0.00,*,*,0.01,0.14,2.50,2.10,0.04,1.26,0.00,8.00,0.40
ALIMENTOS INFANTILES,aia amn con vegetales,FOOD FOR CHILDREN,Straine am it vegetables,,1.00,276.20,65.10,85.40,0.70,1.90,0.48,0.81,0.45,3.00,5.20,6.50,0.99,0.00,2.50,2.50,14.00,33.00,0.24,45.00,97.00,8.00,0.03,0.30,0.07,0.00,*,2872.00,144.00,*,*,0.03,0.04,0.51,1.10,0.05,0.03,0.00,8.00,0.00
ALIMENTOS INFANTILES,"aia amn eetae cereal, picado",FOOD FOR CHILDREN,"Straine am eetabe cereal, diced",,1.00,368.00,88.00,81.60,0.50,3.40,*,*,*,*,5.00,9.30,*,0.20,*,*,*,*,*,*,*,*,*,*,*,*,*,*,*,*,*,*,*,*,*,*,*,*,*,*
ALIMENTOS INFANTILES,aia macarrn carne tocino tomate coao,FOOD FOR CHILDREN,Straine macaroni meat bacon an tomato traine,,1.00,318.00,76.00,83.30,0.70,2.70,0.49,0.59,0.19,7.00,1.90,11.10,2.09,0.30,1.20,*,17.00,39.00,0.46,38.00,112.00,12.00,0.05,0.54,0.13,0.01,*,878.00,44.00,*,*,0.04,0.04,0.72,0.30,0.06,0.15,4.00,12.00,0.00
ALIMENTOS INFANTILES,"Papilla, pollo con vegetales",FOOD FOR CHILDREN,"Strained, chicken it eetabe",,1.00,247.00,59.00,86.90,0.48,1.73,0.50,0.71,0.37,11.00,2.47,8.42,*,*,2.12,1.39,27.00,47.00,0.53,24.00,158.00,14.00,,0.48,*,*,*,*,207.00,*,*,0.03,0.05,0.72,0.00,0.07,0.01,0.00,5.00,*
ALIMENTOS INFANTILES,"Papilla, pollo, vegetales, cereal, picado",FOOD FOR CHILDREN,"Strained, chicken, vegetables, cereal, diced",,1.00,297.00,71.00,84.70,0.50,2.30,*,*,*,*,5.50,7.00,*,0.00,*,*,*,*,*,*,*,*,*,*,*,*,*,*,*,*,*,*,*,*,*,*,*,*,*,*
ALIMENTOS INFANTILES,"Papilla, res con vegetales",FOOD FOR CHILDREN,"Strained, beef it eetabe",,1.00,402.00,96.00,84.30,0.38,6.93,2.84,3.12,0.90,12.00,2.03,6.36,2.16,*,3.40,3.40,19.00,24.00,0.33,38.00,127.00,15.00,0.04,0.35,0.01,0.00,*,4436.00,222.00,*,*,0.03,0.06,0.07,0.00,0.08,0.09,0.00,11.00,0.00
ALIMENTOS INFANTILES,"Papilla, sopa con pavo",FOOD FOR CHILDREN,"Strained, turkey soup",,1.00,240.70,56.70,86.50,0.70,1.70,0.28,0.43,0.90,4.00,1.60,9.20,*,0.00,1.69,1.45,37.00,24.00,0.27,16.00,66.00,5.00,*,0.22,*,*,*,*,69.00,*,*,0.02,0.03,0.29,1.00,0.04,0.12,0.00,5.00,*
ALIMENTOS INFANTILES,"Papilla, vegetales, carne de res, picado",FOOD FOR CHILDREN,"Strained, vegetables, beef, diced",,1.00,414.00,99.00,80.70,0.40,4.80,1.37,1.29,0.30,7.00,6.60,7.30,2.34,0.20,1.30,*,17.00,33.00,0.35,31.00,145.00,10.00,0.03,0.38,0.11,0.00,*,4926.00,246.00,*,*,0.01,0.05,0.79,0.20,0.06,0.33,3.00,7.00,0.00
ALIMENTOS INFANTILES,"Papilla, vegetales, tocino, colado",FOOD FOR CHILDREN,"Strained, vegetables, bacon, strained",,1.00,276.00,66.00,87.10,1.30,3.40,*,*,*,*,1.60,7.30,*,0.30,*,*,*,*,*,*,*,*,*,*,*,*,*,*,*,*,*,*,*,*,*,*,*,*,*,*
ALIMENTOS INFANTILES,"Papilla, zanahoria con jugo de naranja, picado",FOOD FOR CHILDREN,"Straine carrot it orange juice, diced",,1.00,406.00,97.00,75.40,0.20,0.00,*,*,*,*,0.30,23.90,*,0.20,*,*,*,*,*,*,*,*,*,*,*,*,*,*,*,*,*,*,*,*,*,*,*,*,*,*
ALIMENTOS INFANTILES,"Papilla, zanahoria, colada",FOOD FOR CHILDREN,"Strained, carrot, strained",,1.00,134.00,32.00,91.00,0.20,0.00,0.05,0.01,0.15,0.00,0.70,7.40,2.50,0.70,2.30,*,19.00,21.00,0.20,48.00,129.00,6.00,0.08,0.20,*,0.00,*,14710.00,736.00,*,*,0.02,0.03,0.25,0.70,0.05,0.00,0.00,7.00,0.00
ADEREZO,"Mayonesa, para ensalada",DRESSINGS,"Mayonnaise, for salads",,1.00,2938.00,702.00,16.00,1.48,75.75,11.70,16.84,44.69,42.00,1.51,2.86,1.84,*,0.00,*,8.00,21.00,0.40,635.00,20.00,1.00,0.03,0.15,*,*,*,65.00,16.00,*,*,0.01,0.02,0.00,0.00,0.01,0.12,14.00,5.00,0.20
ADEREZO,"Mayonesa, artesanal",DRESSINGS,Maonnaie anmae,,1.00,3291.00,787.00,12.40,1.71,82.43,12.54,*,18.49,42.00,3.29,0.17,0.00,*,0.00,*,8.00,21.00,0.21,557.87,20.00,1.00,0.03,0.15,*,*,*,65.00,16.00,*,*,0.01,0.02,0.00,0.00,0.01,0.12,0.00,5.00,0.20
ADEREZO,"Aderezo, para ensalada",DRESSINGS,"Dressing, for salads",,1.00,1757.00,420.00,39.60,2.25,39.10,4.90,9.00,18.00,26.00,0.75,18.30,6.40,*,0.00,*,14.00,26.00,0.20,711.00,9.00,2.00,*,0.18,*,*,*,220.00,21.00,*,*,0.01,0.02,0.00,0.00,0.02,0.21,0.00,6.00,0.01
BEBIDAS ALCOHOLICAS Y NO ALCOHOLICAS,Aa minera,ALCOHOLIC AND NON- ALCOHOLIC BEVERAGES,ater minera,,1.00,50.00,12.40,99.90,0.10,0.05,0.00,0.00,0.00,0.00,0.00,0.00,3.00,*,0.00,*,3.83,0.00,0.83,7.04,2.60,1.93,0.00,0.25,*,*,*,105.00,32.00,*,*,0.00,0.00,0.84,12.70,0.08,*,*,14.00,0.00
BEBIDAS ALCOHOLICAS Y NO ALCOHOLICAS,"Agua, quina",ALCOHOLIC AND NON- ALCOHOLIC BEVERAGES,"Water, tonic",,1.00,96.00,22.60,91.10,0.10,0.20,0.00,0.00,0.00,0.00,0.00,8.80,5.40,*,0.00,*,1.00,0.00,0.01,12.00,0.00,0.00,0.01,0.10,0.00,0.00,*,0.00,*,*,0.00,0.00,0.00,0.00,0.00,0.00,0.00,0.00,0.00,0.00
BEBIDAS ALCOHOLICAS Y NO ALCOHOLICAS,"Bebida, nutricional sabor mano/ia coaa",ALCOHOLIC AND NON- ALCOHOLIC BEVERAGES,eerae ntritiona ia coaaaore,,1.00,218.00,52.00,86.35,0.20,0.50,0.00,*,*,0.00,0.90,11.45,7.35,0.10,0.00,*,41.00,*,0.12,29.00,24.00,*,*,*,*,*,*,724.55,*,*,*,0.13,0.16,0.82,11.07,*,0.24,*,*,*
BEBIDAS ALCOHOLICAS Y NO ALCOHOLICAS,"Bebida, de fruta líquida anaoria narana aaa/ manana ia/imn",ALCOHOLIC AND NON- ALCOHOLIC BEVERAGES,"Beverage, fruit & vegetable drink orange, carrot and papaya juice",,1.00,148.00,35.00,91.36,0.20,0.20,0.00,0.00,0.00,0.00,0.24,8.07,2.10,0.10,0.00,*,3.00,2.00,0.04,4.15,19.00,1.00,*,0.01,*,*,*,2083.00,104.00,*,*,0.00,0.00,0.02,32.50,0.01,0.00,*,0.00,0.00
BEBIDAS ALCOHOLICAS Y NO ALCOHOLICAS,"Bebida, de fruta con aicin e abor",ALCOHOLIC AND NON- ALCOHOLIC BEVERAGES,"Beverage, fruit containing ae aor",,1.00,28.44,6.81,92.60,0.08,0.08,0.01,0.00,0.00,0.00,0.01,7.25,9.23,*,0.00,*,5.33,0.00,0.05,11.04,6.28,0.61,*,0.02,*,*,*,0.00,0.00,*,*,0.00,0.00,0.00,0.00,0.00,0.00,*,0.00,*
BEBIDAS ALCOHOLICAS Y NO ALCOHOLICAS,"Bebida, durazno- manonarana",ALCOHOLIC AND NON- ALCOHOLIC BEVERAGES,"Beverage, fruit peach mano orane rin",,1.00,196.20,46.20,89.00,0.10,0.60,*,*,*,*,0.10,10.10,8.60,0.10,0.00,*,3.77,*,0.00,41.78,*,*,*,*,*,*,*,*,*,*,*,*,*,*,14.10,*,*,*,*,*
BEBIDAS ALCOHOLICAS Y NO ALCOHOLICAS,"Bebida, energética itaminica",ALCOHOLIC AND NON- ALCOHOLIC BEVERAGES,"Beverage, energetic and itaminenrice",,1.00,368.00,88.00,77.80,0.20,0.00,0.00,0.00,0.00,0.00,0.00,22.00,11.25,,0.00,*,8.13,0.00,0.83,11.32,21.09,4.84,0.00,0.25,0.00,0.00,*,0.00,*,*,0.00,0.00,0.71,8.33,0.00,0.00,2.50,0.00,0.00,0.00
BEBIDAS ALCOHOLICAS Y NO ALCOHOLICAS,"Bebida, enriquecida con proteína de soya",ALCOHOLIC AND NON- ALCOHOLIC BEVERAGES,"Beverage, soybean protein-enriched, drink",,1.00,1040.00,248.50,88.10,0.20,0.80,*,*,*,*,0.60,10.30,*,*,*,*,4.03,*,0.47,8.82,32.38,2.27,0.00,0.00,*,*,*,0.00,*,*,*,*,*,*,18.03,*,*,*,*,*
BEBIDAS ALCOHOLICAS Y NO ALCOHOLICAS,ebia iratante/ rehidratante,ALCOHOLIC AND NON- ALCOHOLIC BEVERAGES,"Beverage, hydrating",,1.00,113.00,27.00,93.20,0.10,0.00,0.00,0.00,0.00,0.00,0.00,6.70,0.00,*,0.00,*,1.21,9.00,0.83,25.13,14.13,0.25,0.00,0.25,*,*,*,0.00,0.00,*,*,0.00,0.00,0.00,6.30,0.00,0.00,0.00,0.00,0.00
BEBIDAS ALCOHOLICAS Y NO ALCOHOLICAS,"ebia iotnica baa en sodio, varios sabores",ALCOHOLIC AND NON- ALCOHOLIC BEVERAGES,eerae iotonic o in oim ierent aor,,1.00,96.37,23.06,93.64,0.15,0.00,0.00,0.00,0.00,0.00,0.00,6.21,5.13,0.00,0.00,*,3.52,10.00,0.00,45.96,12.70,0.46,0.00,0.00,*,*,*,0.00,0.00,*,*,0.01,0.00,0.22,0.40,0.02,0.00,*,0.00,0.00
BEBIDAS ALCOHOLICAS Y NO ALCOHOLICAS,"Bebida, hidratante",ALCOHOLIC AND NON- ALCOHOLIC BEVERAGES,"Beverage, hydrating",,1.00,117.00,28.00,92.80,0.20,0.00,*,*,*,*,0.00,7.00,*,*,*,*,8.16,*,0.83,25.52,23.58,2.85,0.00,0.25,*,*,*,*,*,*,*,*,*,*,*,*,*,*,*,*
BEBIDAS ALCOHOLICAS Y NO ALCOHOLICAS,"Bebida, hidratante energética",ALCOHOLIC AND NON- ALCOHOLIC BEVERAGES,"Beverage, energetic hydrating",,1.00,142.00,34.00,91.40,0.10,0.00,*,*,*,*,0.00,8.50,*,*,*,*,4.35,*,0.83,11.21,22.32,4.69,0.00,0.25,*,*,*,*,*,*,*,*,*,*,*,*,*,*,*,*
BEBIDAS ALCOHOLICAS Y NO ALCOHOLICAS,ebia abor ca moa,ALCOHOLIC AND NON- ALCOHOLIC BEVERAGES,"Beverage, coffee moccaaore",,1.00,326.60,77.00,83.40,0.60,2.60,*,*,*,*,2.50,10.90,10.10,*,*,*,426.43,*,0.01,41.88,74.85,5.63,0.01,0.20,*,*,*,47.93,*,*,*,*,*,*,*,*,*,*,*,*
BEBIDAS ALCOHOLICAS Y NO ALCOHOLICAS,"Bebida, sabor chocolate",ALCOHOLIC AND NON- ALCOHOLIC BEVERAGES,"Beverage, chocolate aor",,1.00,334.00,83.50,82.30,0.70,3.10,1.87,0.82,0.21,10.00,2.90,11.20,10.20,*,0.40,*,759.00,109.00,0.14,74.66,131.91,12.67,0.06,0.40,*,*,*,50.83,*,*,*,0.29,0.48,4.16,12.00,0.38,0.42,*,5.00,3.10
BEBIDAS ALCOHOLICAS Y NO ALCOHOLICAS,ebia aaramora,ALCOHOLIC AND NON- ALCOHOLIC BEVERAGES,"Blackberry , fruit grape - blackberry drink",,1.00,192.40,45.50,89.20,0.10,0.50,*,*,*,*,0.10,10.10,8.20,0.00,0.00,*,4.80,*,0.00,16.31,*,*,*,*,*,*,*,*,*,*,*,*,*,*,0.00,*,*,*,*,*
BEBIDAS ALCOHOLICAS Y NO ALCOHOLICAS,Cerea emboteaa,ALCOHOLIC AND NON- ALCOHOLIC BEVERAGES,"Beer, bottled",,1.00,185.00,44.00,95.57,0.10,0.25,0.00,0.00,0.00,0.00,0.23,3.87,1.30,0.10,0.00,*,4.00,14.00,0.02,1.00,27.00,6.00,0.01,0.01,0.01,0.00,*,0.00,*,0.00,0.00,0.01,0.03,0.51,0.00,0.05,0.02,0.00,6.00,0.00
BEBIDAS ALCOHOLICAS Y NO ALCOHOLICAS,Concentrado para Preparar Bebidas,ALCOHOLIC AND NON- ALCOHOLIC BEVERAGES,Beverage Base Syrup,,1.00,1014.00,241.00,38.31,*,0.29,*,*,*,*,0.11,60.51,38.04,0.10,*,*,16.25,*,0.00,38.56,271.00,*,0.00,0.00,*,*,*,*,*,*,*,*,*,*,0.00,*,*,*,*,*
BEBIDAS ALCOHOLICAS Y NO ALCOHOLICAS,"Concentrado para Preparar Bebidas, a base de arroz, sabores canea ainia coco orcata",ALCOHOLIC AND NON- ALCOHOLIC BEVERAGES,eerae ae Sr rom rice cinnamon ania an cocont aor,,1.00,1518.79,363.00,12.57,0.32,0.38,*,*,*,*,2.10,84.64,43.21,0.00,0.00,*,15.40,37.61,0.00,31.71,89.77,7.61,*,0.00,*,*,*,*,*,*,*,*,*,*,*,*,*,*,*,*
BEBIDAS ALCOHOLICAS Y NO ALCOHOLICAS,Concentrado para Preparar ebia abor amaica,ALCOHOLIC AND NON- ALCOHOLIC BEVERAGES,"Beverage Base Syrup, amaica",,1.00,134.00,32.00,92.35,0.27,0.39,*,*,*,*,0.16,8.59,6.71,0.00,*,*,*,*,0.00,52.61,*,*,0.00,0.00,*,*,*,*,*,*,*,*,*,*,*,*,*,*,*,*
BEBIDAS ALCOHOLICAS Y NO ALCOHOLICAS,Concentrado para Preparar ebia abor tamarino,ALCOHOLIC AND NON- ALCOHOLIC BEVERAGES,"Beverage Base Syrup, tamarine",,1.00,161.24,37.96,90.60,0.26,0.36,*,*,*,*,0.17,8.51,5.86,0.10,*,*,*,*,0.00,62.14,*,*,0.00,0.00,*,*,*,*,*,*,*,*,*,*,*,*,*,*,*,*
BEBIDAS ALCOHOLICAS Y NO ALCOHOLICAS,"Concentrado para Preparar Bebidas, sabor fresa",ALCOHOLIC AND NON- ALCOHOLIC BEVERAGES,"Beverage Base Syrup, traberr",,1.00,165.25,38.89,90.30,0.24,0.21,*,*,*,*,0.24,9.01,8.19,0.00,*,*,*,*,0.00,41.25,*,*,0.00,0.00,*,*,*,*,*,*,*,*,*,*,*,*,*,*,*,*
BEBIDAS ALCOHOLICAS Y NO ALCOHOLICAS,"Concentrado para Preparar Bebidas, sabor fresa",ALCOHOLIC AND NON- ALCOHOLIC BEVERAGES,"Beverage Base Syrup, traberr",,1.00,311.77,73.38,81.50,0.63,0.38,*,*,*,*,1.01,16.48,*,0.00,*,*,*,*,0.00,63.20,*,*,0.00,0.00,*,*,*,*,*,*,*,*,*,*,*,*,*,*,*,*
BEBIDAS ALCOHOLICAS Y NO ALCOHOLICAS,Concentrado para Preparar ebia abor manana,ALCOHOLIC AND NON- ALCOHOLIC BEVERAGES,"Beverage Base Syrup, apple",,1.00,116.67,27.53,94.50,0.28,1.33,*,*,*,*,0.40,3.49,*,0.00,*,*,*,*,0.00,46.39,*,*,0.00,0.00,*,*,*,*,*,*,*,*,*,*,*,*,*,*,*,*
BEBIDAS ALCOHOLICAS Y NO ALCOHOLICAS,Concentrado para Preparar ebia abor imonaa,ALCOHOLIC AND NON- ALCOHOLIC BEVERAGES,"Beverage Base Syrup, emonae",,1.00,401.68,94.62,78.10,0.52,1.82,*,*,*,*,1.08,18.48,*,0.00,*,*,*,*,0.00,52.08,*,*,0.00,0.00,*,*,*,*,*,*,*,*,*,*,*,*,*,*,*,*
BEBIDAS ALCOHOLICAS Y NO ALCOHOLICAS,Concentrado para Preparar ebia abor manarina,ALCOHOLIC AND NON- ALCOHOLIC BEVERAGES,"Beverage Base Syrup, tangerine",,1.00,90.72,21.38,95.10,0.28,0.58,*,*,*,*,0.31,3.73,*,0.00,*,*,*,*,0.00,60.78,*,*,0.00,0.00,*,*,*,*,*,*,*,*,*,*,*,*,*,*,*,*
BEBIDAS ALCOHOLICAS Y NO ALCOHOLICAS,"Licor, de café",ALCOHOLIC AND NON- ALCOHOLIC BEVERAGES,"Liquor, coffee",,1.00,2069.00,494.00,5.80,1.40,24.80,0.11,0.02,0.11,0.00,3.80,64.00,46.43,0.20,0.00,*,1.00,6.00,0.06,8.00,30.00,3.00,0.04,0.03,0.01,0.00,*,0.00,*,*,0.00,0.00,0.01,0.14,0.00,0.00,0.00,*,0.00,0.00
BEBIDAS ALCOHOLICAS Y NO ALCOHOLICAS,Mae aamie,ALCOHOLIC AND NON- ALCOHOLIC BEVERAGES,Mae mae ice,,1.00,*,*,90.90,0.40,0.00,*,*,*,*,0.00,*,*,*,*,*,20.00,20.00,0.40,*,*,*,*,*,*,*,*,*,*,*,0.00,0.10,0.02,0.45,9.00,*,*,*,*,*
BEBIDAS ALCOHOLICAS Y NO ALCOHOLICAS,Mae meca,ALCOHOLIC AND NON- ALCOHOLIC BEVERAGES,Mae meca,Agave atrovirens,1.00,*,*,76.80,0.70,0.38,*,*,*,*,0.37,*,*,*,*,*,29.00,17.00,1.80,*,*,*,*,*,*,*,*,*,*,*,0.00,0.00,0.03,0.14,13.40,*,*,*,*,*
BEBIDAS ALCOHOLICAS Y NO ALCOHOLICAS,"Maguey, pulque",ALCOHOLIC AND NON- ALCOHOLIC BEVERAGES,"Maguey, pulque",,1.00,18.00,4.00,97.65,0.20,0.00,*,*,*,*,0.41,1.13,*,0.00,*,*,10.50,8.00,0.70,*,*,*,*,*,*,*,*,*,*,*,0.00,0.02,0.03,0.33,5.65,*,*,*,*,*
BEBIDAS ALCOHOLICAS Y NO ALCOHOLICAS,"Maguey, tlachique",ALCOHOLIC AND NON- ALCOHOLIC BEVERAGES,"Maguey, tlachique",,1.00,42.00,10.00,97.30,0.20,0.00,*,*,*,*,0.20,2.50,*,0.00,*,*,10.00,5.00,*,*,*,*,*,*,*,*,*,*,*,*,0.00,0.03,0.02,0.15,4.60,*,*,*,*,*
BEBIDAS ALCOHOLICAS Y NO ALCOHOLICAS,Mezcla Deshidratada para Preparar Bebidas,ALCOHOLIC AND NON- ALCOHOLIC BEVERAGES,Dry Beverage Base,,1.00,1645.00,385.00,0.40,0.95,0.00,0.06,0.01,0.01,0.00,0.55,97.88,*,0.00,0.00,*,142.00,0.00,0.50,26.39,5.00,0.00,*,0.11,*,*,*,0.00,*,*,*,0.00,0.02,0.01,128.28,0.00,0.00,0.00,0.00,*
BEBIDAS ALCOHOLICAS Y NO ALCOHOLICAS,Mezcla Deshidratada para Preparar ebia abor narana/rea,ALCOHOLIC AND NON- ALCOHOLIC BEVERAGES,r eerae ae orane/ traberr aor,,1.00,1619.00,387.00,0.43,2.93,0.00,*,*,*,*,1.00,95.61,*,0.00,*,*,*,*,*,*,*,*,*,*,*,*,*,*,*,*,*,*,*,*,*,*,*,*,*,*
BEBIDAS ALCOHOLICAS Y NO ALCOHOLICAS,Mezcla Deshidratada para Preparar ebia abor ia/orcata,ALCOHOLIC AND NON- ALCOHOLIC BEVERAGES,r eerae ae ineae/ orcata aor,,1.00,1729.00,413.00,3.20,2.52,0.00,2.09,3.17,2.07,0.00,2.56,91.72,38.90,0.00,4.00,*,60.00,180.00,508.00,3.00,180.00,77.00,47.00,1.60,1.20,0.01,*,2.00,*,*,1.00,0.03,0.17,2.20,0.30,0.18,0.00,0.00,12.00,0.00
BEBIDAS ALCOHOLICAS Y NO ALCOHOLICAS,Mezcla Deshidratada para Preparar ebia abor mano it,ALCOHOLIC AND NON- ALCOHOLIC BEVERAGES,r eerae ae mano aor it,,1.00,1548.00,370.00,3.20,3.95,0.00,*,*,*,*,2.67,89.28,*,0.00,*,*,*,*,*,*,*,*,*,*,*,*,*,*,*,*,*,*,*,*,*,*,*,*,*,*
BEBIDAS ALCOHOLICAS Y NO ALCOHOLICAS,"Mezcla Deshidratada para Preparar Bebida, sabor naranja",ALCOHOLIC AND NON- ALCOHOLIC BEVERAGES,"Dry Beverage Base, orane aor",,1.00,1525.00,364.00,2.00,6.77,0.00,0.00,0.00,0.00,0.00,2.67,88.43,17.77,0.00,0.40,*,385.00,151.00,0.02,17.00,190.00,0.00,*,0.01,*,*,*,2000.00,600.00,*,*,0.00,0.68,8.00,230.80,0.80,0.00,0.00,0.00,0.00
BEBIDAS ALCOHOLICAS Y NO ALCOHOLICAS,Mezcla Deshidratada para rearar ebia t abor imn,ALCOHOLIC AND NON- ALCOHOLIC BEVERAGES,"Dry Beverage Base, tea emon aor",,1.00,1354.17,323.96,4.50,8.38,1.12,0.05,0.01,0.12,0.00,5.80,80.77,37.71,0.15,5.00,*,28.00,107.00,0.75,55.00,3453.00,139.00,*,0.98,*,*,*,0.00,0.00,*,*,0.02,0.06,6.17,0.00,0.22,0.00,,61.00,0.00
BEBIDAS ALCOHOLICAS Y NO ALCOHOLICAS,"Mezcla Deshidratada para Preparar Bebidas, sabor fresa",ALCOHOLIC AND NON- ALCOHOLIC BEVERAGES,"Dry Beverage Base, traberraore",,1.00,1694.00,405.00,0.70,3.00,4.10,0.00,0.00,0.00,0.00,7.10,84.80,*,0.30,0.00,*,4.00,5.00,0.44,38.00,6.00,1.00,*,0.00,*,*,*,0.00,0.00,*,*,0.00,0.11,0.07,0.30,0.00,0.00,,0.00,0.00
BEBIDAS ALCOHOLICAS Y NO ALCOHOLICAS,"Mezcla para Preparar Bebidas, sabor fresa",ALCOHOLIC AND NON- ALCOHOLIC BEVERAGES,"Beverage base syrup, traberr aor",,1.00,211.00,51.00,88.20,0.10,1.10,*,*,*,*,0.60,10.00,*,*,*,*,7.45,*,0.00,3.89,27.89,2.65,0.00,0.00,*,*,*,2.95,*,*,*,*,*,*,2.40,*,*,*,*,*
BEBIDAS ALCOHOLICAS Y NO ALCOHOLICAS,"Refresco, guayaba",ALCOHOLIC AND NON- ALCOHOLIC BEVERAGES,"Soft Drink, fruit guava",,1.00,190.00,45.00,88.70,0.10,0.77,*,*,*,*,0.10,10.28,*,0.37,*,*,2.15,*,0.03,2.79,16.82,1.63,0.00,0.00,*,*,*,230.54,*,*,*,0.10,*,*,12.93,*,*,*,*,*
BEBIDAS ALCOHOLICAS Y NO ALCOHOLICAS,"Refresco, tetra pack sabor guayaba",ALCOHOLIC AND NON- ALCOHOLIC BEVERAGES,"Soft Drink, tetra-pak, aaaore",,1.00,206.00,49.00,87.63,0.20,0.63,*,*,*,*,0.10,11.35,*,0.35,*,*,2.67,*,0.00,7.05,19.75,1.62,0.00,0.00,*,*,*,202.99,*,*,*,0.09,0.00,*,7.29,*,*,*,*,*
BEBIDAS ALCOHOLICAS Y NO ALCOHOLICAS,"Refresco, de cola",ALCOHOLIC AND NON- ALCOHOLIC BEVERAGES,"Soft Drink, coke",,1.00,170.00,40.73,89.05,0.10,0.20,0.00,0.00,0.00,0.00,0.10,10.90,9.10,0.00,0.00,0.00,2.00,11.00,0.02,4.00,3.00,0.00,0.00,0.01,0.00,0.00,*,0.00,*,0.00,0.00,0.00,0.00,0.00,0.00,0.00,0.00,0.00,0.00,0.00
BEBIDAS ALCOHOLICAS Y NO ALCOHOLICAS,"Refresco, de cola diet",ALCOHOLIC AND NON- ALCOHOLIC BEVERAGES,"Soft Drink, coke diet",,1.00,4.00,1.40,94.78,0.06,0.10,0.00,0.00,0.00,0.00,0.10,0.29,0.00,*,0.00,*,2.00,11.00,0.02,4.00,3.00,0.00,0.00,0.11,0.00,0.00,*,0.00,*,*,0.00,0.00,0.00,0.00,0.00,0.00,0.00,0.00,0.00,0.00
BEBIDAS ALCOHOLICAS Y NO ALCOHOLICAS,"Refresco, tetra brik sabor fresa",ALCOHOLIC AND NON- ALCOHOLIC BEVERAGES,"Soft Drink, tetra-brik, traberraore",,1.00,185.54,44.27,89.06,0.15,0.58,*,*,*,*,0.10,10.18,*,0.12,*,*,3.25,*,0.08,10.94,11.74,1.88,0.00,0.00,*,*,*,178.62,*,*,*,0.08,0.00,,1.20,*,*,*,*,*
BEBIDAS ALCOHOLICAS Y NO ALCOHOLICAS,"Refresco, tetra pack sabor fresa",ALCOHOLIC AND NON- ALCOHOLIC BEVERAGES,"Soft Drink, tetra-pak, traberraore",,1.00,366.00,87.00,87.50,0.00,0.00,*,*,*,*,0.00,12.20,*,0.30,*,*,*,*,*,*,*,*,*,*,*,*,*,*,*,*,*,*,*,*,*,*,*,*,*,*
BEBIDAS ALCOHOLICAS Y NO ALCOHOLICAS,"Refresco, tetra brik sabor guanábana",ALCOHOLIC AND NON- ALCOHOLIC BEVERAGES,"Soft Drink, tetra-brik, oroaore",,1.00,197.00,47.00,88.32,0.25,0.40,*,*,*,*,0.10,10.92,*,0.20,*,*,4.14,*,0.08,11.27,15.86,2.77,0.00,0.00,*,*,*,130.66,*,*,*,0.09,0.00,*,12.71,*,*,*,*,*
BEBIDAS ALCOHOLICAS Y NO ALCOHOLICAS,"Refresco, tetra pack abor mano",ALCOHOLIC AND NON- ALCOHOLIC BEVERAGES,"Soft Drink, tetra-pak, manoaore",,1.00,199.00,47.00,88.40,0.10,0.72,*,*,*,*,0.10,10.63,*,0.25,*,*,4.18,*,0.00,8.11,16.31,1.96,0.00,0.00,*,*,*,155.41,*,*,*,0.11,0.00,*,24.97,*,*,*,*,*
BEBIDAS ALCOHOLICAS Y NO ALCOHOLICAS,"Refresco, tetra pack abor manana",ALCOHOLIC AND NON- ALCOHOLIC BEVERAGES,"Soft Drink, tetra-pak, aeaore",,1.00,193.00,46.00,88.61,0.10,0.40,*,*,*,*,0.00,10.76,*,0.25,*,*,2.71,*,0.06,7.61,7.23,1.41,0.00,0.00,*,*,*,187.01,*,*,*,0.09,0.00,*,1.27,*,*,*,*,*
BEBIDAS ALCOHOLICAS Y NO ALCOHOLICAS,"Refresco, sabor naranja",ALCOHOLIC AND NON- ALCOHOLIC BEVERAGES,"Soft Drink, orange- aore",,1.00,205.00,49.00,87.58,0.10,0.20,0.00,0.00,0.00,0.00,0.00,12.10,*,0.80,0.00,*,5.00,1.00,0.06,12.00,2.00,1.00,0.02,0.10,0.01,0.00,*,0.00,*,*,*,0.00,0.00,0.00,0.00,0.00,0.00,0.00,0.00,
BEBIDAS ALCOHOLICAS Y NO ALCOHOLICAS,"Refresco, tetra pack sabor naranja",ALCOHOLIC AND NON- ALCOHOLIC BEVERAGES,"Soft Drink, tetra-pak, oraneaore",,1.00,197.00,47.00,88.51,0.10,0.56,*,*,*,*,0.10,10.53,*,0.20,*,*,3.41,*,0.02,9.00,19.37,1.93,0.00,0.00,*,*,*,225.15,*,*,*,0.06,0.00,*,13.33,*,*,*,*,*
BEBIDAS ALCOHOLICAS Y NO ALCOHOLICAS,"Refresco, tetra pack abor ia",ALCOHOLIC AND NON- ALCOHOLIC BEVERAGES,"Soft Drink, tetra-pak, ineaeaore",,1.00,193.00,46.00,88.47,0.10,0.25,*,*,*,*,0.10,10.86,*,0.10,*,*,4.38,*,0.00,7.14,21.82,3.82,0.00,0.00,*,*,*,303.82,*,*,*,0.07,0.00,*,1.09,*,*,*,*,*
BEBIDAS ALCOHOLICAS Y NO ALCOHOLICAS,"Refresco, tetra brik abor tamarino",ALCOHOLIC AND NON- ALCOHOLIC BEVERAGES,"Soft Drink, tetra-brik, tamarinaore",,1.00,201.51,48.21,88.12,0.10,0.65,*,*,*,*,0.10,11.03,*,0.10,*,*,3.60,*,0.04,8.68,10.68,1.65,0.00,0.00,*,*,*,265.80,*,*,*,0.06,0.00,*,1.00,*,*,*,*,*
BEBIDAS ALCOHOLICAS Y NO ALCOHOLICAS,"Refresco, uva",ALCOHOLIC AND NON- ALCOHOLIC BEVERAGES,"Soft Drink, fruit grape",,1.00,205.31,49.06,87.90,0.10,0.35,0.00,0.00,0.00,0.00,0.10,11.34,*,0.10,0.00,*,3.06,0.00,0.00,10.23,8.47,1.58,0.00,0.00,0.01,0.00,*,358.33,*,*,*,0.07,0.03,0.00,1.07,0.00,0.00,0.00,0.00,*
BEBIDAS ALCOHOLICAS Y NO ALCOHOLICAS,"Refresco, durazno, néctar",ALCOHOLIC AND NON- ALCOHOLIC BEVERAGES,"Soft Drink, fruit peach nectar",,1.00,205.31,52.00,86.60,0.10,0.50,0.00,0.01,0.01,0.00,0.10,12.60,13.32,0.10,0.60,*,2.79,6.00,0.19,9.98,29.75,4.00,*,0.08,*,*,*,0.00,13.00,*,*,0.00,0.01,0.29,0.96,0.01,0.00,*,1.00,0.00
BEBIDAS ALCOHOLICAS Y NO ALCOHOLICAS,"Refresco, guayaba, néctar",ALCOHOLIC AND NON- ALCOHOLIC BEVERAGES,"Soft Drink, fruit guava nectar",,1.00,234.00,56.00,85.60,0.20,0.90,*,*,*,*,0.10,12.80,12.37,0.40,1.00,*,4.11,2.00,,9.69,29.30,3.00,*,0.03,*,*,*,0.00,2.00,*,*,0.00,0.00,0.19,29.81,0.01,*,*,3.00,*
BEBIDAS ALCOHOLICAS Y NO ALCOHOLICAS,Rereco mano néctar,ALCOHOLIC AND NON- ALCOHOLIC BEVERAGES,Sot rin rit mano nectar,,1.00,222.00,53.00,86.50,0.10,0.50,0.01,0.02,0.01,0.00,0.10,12.70,12.45,0.10,0.30,*,3.75,2.00,0.36,9.69,19.80,3.00,*,0.02,*,*,*,0.00,35.00,*,*,0.00,0.00,0.08,24.27,0.02,0.00,*,7.00,0.00
BEBIDAS ALCOHOLICAS Y NO ALCOHOLICAS,Rereco manana néctar,ALCOHOLIC AND NON- ALCOHOLIC BEVERAGES,"Soft Drink, fruit apple nectar",,1.00,226.00,54.00,86.00,0.10,0.40,*,*,*,*,0.10,13.30,*,0.10,*,*,3.04,*,*,5.35,12.86,*,*,*,*,*,*,0.00,*,*,*,*,*,*,3.77,*,*,*,*,*
BEBIDAS ALCOHOLICAS Y NO ALCOHOLICAS,"Refresco, sabor cereza",ALCOHOLIC AND NON- ALCOHOLIC BEVERAGES,Sot rin cerraore,,1.00,196.00,47.00,88.40,0.10,0.10,*,*,*,*,0.00,11.40,*,0.00,*,*,*,*,*,*,*,*,*,*,*,*,*,*,*,*,*,*,*,*,*,*,*,*,*,*
BEBIDAS ALCOHOLICAS Y NO ALCOHOLICAS,"Refresco, toronja",ALCOHOLIC AND NON- ALCOHOLIC BEVERAGES,"Soft Drink, grapefruit",,1.00,142.00,33.80,*,*,0.20,*,*,*,*,0.00,*,8.30,*,*,*,*,*,*,*,*,*,*,*,*,*,*,*,*,*,*,*,*,*,*,*,*,*,*,*
BEBIDAS ALCOHOLICAS Y NO ALCOHOLICAS,Ron,ALCOHOLIC AND NON- ALCOHOLIC BEVERAGES,Rm,,1.00,1163.00,278.00,66.60,0.00,0.10,0.00,0.00,0.00,1.00,0.00,0.00,0.00,*,0.00,*,0.00,5.00,0.12,1.00,2.00,0.00,0.05,0.07,0.02,0.00,*,0.00,*,*,0.00,0.01,0.00,0.00,0.00,0.00,0.00,0.00,0.00,0.00
BEBIDAS ALCOHOLICAS Y NO ALCOHOLICAS,Ron aeo,ALCOHOLIC AND NON- ALCOHOLIC BEVERAGES,Rm ae,,1.00,1108.76,264.60,*,*,0.20,*,*,*,*,0.00,*,0.00,*,*,*,*,*,*,*,*,*,*,*,*,*,*,*,*,*,*,*,*,*,*,*,*,*,*,*
BEBIDAS ALCOHOLICAS Y NO ALCOHOLICAS,Ron aeo cba con coca,ALCOHOLIC AND NON- ALCOHOLIC BEVERAGES,Rm ae coe cba,,1.00,335.00,79.60,*,*,0.50,*,*,*,*,0.00,*,7.40,*,*,*,*,*,*,*,*,*,*,*,*,*,*,*,*,*,*,*,*,*,*,*,*,*,*,*
BEBIDAS ALCOHOLICAS Y NO ALCOHOLICAS,"Ron, blanco cuba con coca",ALCOHOLIC AND NON- ALCOHOLIC BEVERAGES,Rm ite coe cba,,1.00,347.20,83.00,*,*,0.30,*,*,*,*,0.10,*,0.00,*,*,*,*,*,*,*,*,*,*,*,*,*,*,*,*,*,*,*,*,*,*,*,*,*,*,*
BEBIDAS ALCOHOLICAS Y NO ALCOHOLICAS,Ron aeo cba con diet,ALCOHOLIC AND NON- ALCOHOLIC BEVERAGES,Rm ae iet cba,,1.00,203.30,48.60,*,*,1.10,*,*,*,*,0.00,*,7.60,*,*,*,*,*,*,*,*,*,*,*,*,*,*,*,*,*,*,*,*,*,*,*,*,*,*,*
BEBIDAS ALCOHOLICAS Y NO ALCOHOLICAS,"Ron, blanco cuba con diet",ALCOHOLIC AND NON- ALCOHOLIC BEVERAGES,Rm ite iet cba,,1.00,197.00,46.60,*,*,0.50,*,*,*,*,0.00,*,0.00,*,*,*,*,*,*,*,*,*,*,*,*,*,*,*,*,*,*,*,*,*,*,*,*,*,*,*
BEBIDAS ALCOHOLICAS Y NO ALCOHOLICAS,Sangrita,ALCOHOLIC AND NON- ALCOHOLIC BEVERAGES,Sangrita,,1.00,84.00,19.70,*,*,0.40,*,*,*,*,0.30,*,4.20,*,*,*,*,*,*,*,*,*,*,*,*,*,*,*,*,*,*,*,*,*,*,*,*,*,*,*
BEBIDAS ALCOHOLICAS Y NO ALCOHOLICAS,Sangrita,ALCOHOLIC AND NON- ALCOHOLIC BEVERAGES,Sangrita,,1.00,109.00,26.30,*,*,0.10,*,*,*,*,0.10,*,0.50,*,*,*,*,*,*,*,*,*,*,*,*,*,*,*,*,*,*,*,*,*,*,*,*,*,*,*
BEBIDAS ALCOHOLICAS Y NO ALCOHOLICAS,Teia con imn y sangrita,ALCOHOLIC AND NON-ALCOHOLIC BEVERAGES,Teia it emon and “sangrita”,,1.00,515.00,123.00,*,*,0.50,*,*,*,*,0.20,*,3.10,*,*,*,*,*,*,*,*,*,*,*,*,*,*,*,*,*,*,*,*,*,*,*,*,*,*,*
BEBIDAS ALCOHOLICAS Y NO ALCOHOLICAS,Tequila con refresco e torona reca,ALCOHOLIC AND NON-ALCOHOLIC BEVERAGES,Teia it raerit aor ot rin reca,,1.00,339.00,81.00,*,*,0.50,*,*,*,*,0.00,*,7.80,*,*,*,*,*,*,*,*,*,*,*,*,*,*,*,*,*,*,*,*,*,*,*,*,*,*,*
BEBIDAS ALCOHOLICAS Y NO ALCOHOLICAS,Tequila Reposado,ALCOHOLIC AND NON-ALCOHOLIC BEVERAGES,Tequila Reposado,,1.00,1176.00,280.50,*,*,0.10,*,*,*,*,0.00,*,0.00,*,*,*,*,*,*,*,*,*,*,*,*,*,*,*,*,*,*,*,*,*,*,*,*,*,*,*
BEBIDAS ALCOHOLICAS Y NO ALCOHOLICAS,"Tequila, tradicional",ALCOHOLIC AND NON- ALCOHOLIC BEVERAGES,"Tequila, traditional",,1.00,1173.00,280.30,78.80,*,0.20,*,*,*,0.00,0.00,11.30,0.00,*,0.00,*,0.00,10.00,0.02,57.00,10.00,7.00,*,0.60,*,*,*,97.00,5.00,*,*,0.04,0.02,0.19,19.30,0.05,0.00,*,11.00,*
BEBIDAS ALCOHOLICAS Y NO ALCOHOLICAS,Vino tinto e mea,ALCOHOLIC AND NON- ALCOHOLIC BEVERAGES,ine re ine tabe,,1.00,393.00,93.70,86.58,0.24,0.40,0.00,0.00,0.00,0.00,0.30,2.72,0.00,*,0.00,*,8.00,20.00,0.37,5.00,99.00,11.00,0.01,0.13,0.12,0.00,*,0.00,*,*,0.00,0.01,0.02,0.17,0.00,0.05,0.00,0.00,1.00,0.00
BEBIDAS ALCOHOLICAS Y NO ALCOHOLICAS,Vodka,ALCOHOLIC AND NON- ALCOHOLIC BEVERAGES,Vodka,,1.00,1167.00,279.00,66.60,0.00,0.10,0.00,0.00,0.00,0.00,0.00,0.00,0.00,*,0.00,*,0.00,5.00,0.01,1.00,1.00,0.00,0.01,0.00,0.00,0.00,*,0.00,*,*,*,0.01,0.01,0.00,0.00,0.00,0.00,*,0.00,*
BEBIDAS ALCOHOLICAS Y NO ALCOHOLICAS,"Vodka, con agua quina",ALCOHOLIC AND NON- ALCOHOLIC BEVERAGES,Voa it tonic ater,,1.00,301.00,72.30,*,*,0.50,*,*,*,*,0.00,*,6.10,*,*,*,*,*,*,*,*,*,*,*,*,*,*,*,*,*,*,*,*,*,*,*,*,*,*,*
BEBIDAS ALCOHOLICAS Y NO ALCOHOLICAS,"Vodka, con jugo de uva",ALCOHOLIC AND NON- ALCOHOLIC BEVERAGES,Voa it rae ice,,1.00,351.00,84.10,*,*,0.50,*,*,*,*,0.10,*,9.30,*,*,*,*,*,*,*,*,*,*,*,*,*,*,*,*,*,*,*,*,*,*,*,*,*,*,*
BEBIDAS ALCOHOLICAS Y NO ALCOHOLICAS,Whisky,ALCOHOLIC AND NON- ALCOHOLIC BEVERAGES,Whiskey,,1.00,1257.00,301.00,63.90,0.00,0.10,0.00,0.00,0.00,0.00,0.00,0.10,0.00,*,0.00,*,0.00,3.00,0.02,0.00,1.00,0.00,0.01,0.02,0.01,0.00,*,0.00,,*,*,0.01,0.00,0.05,0.00,0.00,0.00,0.00,0.00,*
BEBIDAS ALCOHOLICAS Y NO ALCOHOLICAS,"Whisky, con soda",ALCOHOLIC AND NON -ALCOHOLIC BEVERAGES,"Whiskey, and soda",,1.00,222.00,53.00,*,*,0.50,*,*,*,*,0.00,*,0.00,*,*,*,*,*,*,*,*,*,*,*,*,*,*,*,*,*,*,*,*,*,*,*,*,*,*,*
BEBIDAS ALCOHOLICAS Y NO ALCOHOLICAS,"Brandy, con coca",ALCOHOLIC AND NON- ALCOHOLIC BEVERAGES,ran it coe,,1.00,297.00,71.00,*,*,0.50,*,*,*,*,0.00,*,6.20,*,*,*,*,*,*,*,*,*,*,*,*,*,*,*,*,*,*,*,*,*,*,*,*,*,*,*
VARIOS,"Aceite, de coco",MISCELLANEOUS,"Oil, coconut",Orbina come aren,1.00,2675.00,639.00,2.90,1.40,67.40,86.50,5.80,1.80,0.00,7.12,14.28,0.00,6.90,0.00,*,8.00,72.00,19.60,0.00,0.00,0.00,*,0.00,*,*,*,0.00,0.00,*,0.00,0.00,0.04,0.24,0.00,0.00,0.00,0.00,0.00,0.00
VARIOS,"Aceite, de naranja",MISCELLANEOUS,"Oil, orange",,1.00,35.97,8.47,97.20,0.30,0.11,*,*,*,*,0.10,1.77,*,0.52,*,*,*,*,*,*,*,*,*,*,*,*,*,*,*,*,*,*,*,*,*,*,*,*,*,*
VARIOS,"Aceite, oliva, extra virgen",MISCELLANEOUS,"Oil, olive, extra virgin",,1.00,3761.00,899.00,0.10,0.00,99.90,13.81,72.96,10.52,0.00,0.00,0.00,0.00,*,0.00,*,1.00,0.00,0.56,2.00,1.00,0.00,*,0.00,*,*,*,0.00,0.00,*,*,0.00,0.00,0.00,0.00,0.00,0.00,*,0.00,0.00
VARIOS,Antoito cemita e amn,MISCELLANEOUS,Litte im am cemita,,,737.00,174.00,63.18,2.13,7.34,*,*,*,*,7.14,19.83,*,0.38,*,*,42.33,*,1.38,567.26,42.33,33.88,0.00,1.30,*,*,*,*,*,*,*,0.06,0.20,*,*,*,*,*,*,*
VARIOS,Antoito cemita e mianea,MISCELLANEOUS,Litte im cemita de Milanesa,,,1196.00,282.00,45.46,2.40,15.16,*,*,*,*,13.44,23.04,*,0.50,*,*,141.67,*,1.01,925.58,289.95,22.40,0.00,1.52,*,*,*,*,*,*,*,0.78,0.36,*,*,*,*,*,*,*
VARIOS,"Antojitos, chalupas",MISCELLANEOUS,Litte im caa,,,728.00,172.00,66.31,0.88,8.59,*,*,*,*,5.80,17.84,*,0.58,*,*,113.84,*,1.38,67.79,161.02,30.72,0.00,3.05,*,*,*,*,*,*,*,0.21,0.33,*,*,*,*,*,*,*
VARIOS,"Antojitos, chalupas de pepino",MISCELLANEOUS,Litte im caa de pepino,,1.00,136.08,32.08,92.41,0.52,1.13,*,*,*,*,0.83,4.66,*,0.45,1.56,*,7.41,75.03,0.10,53.07,138.69,9.85,0.00,0.00,*,*,*,*,*,*,*,0.03,*,*,*,*,*,*,*,*
VARIOS,"Antojitos, chanclas o ambao",MISCELLANEOUS,Litte im canca or ambao,,,556.00,131.00,72.47,2.01,7.16,*,*,*,*,4.50,12.20,*,1.08,*,*,29.63,*,0.71,202.13,233.21,16.61,0.00,0.57,*,*,*,126.21,*,*,*,0.36,0.20,*,*,*,*,*,*,*
VARIOS,"Antojitos, crepas poblanas",MISCELLANEOUS,Litte im crea poblanas,,,916.00,216.00,63.41,2.41,14.31,*,*,*,*,13.85,8.04,*,0.39,*,*,23.19,*,0.85,1308.01,507.35,18.51,0.00,0.84,*,*,*,*,*,*,*,0.27,0.22,*,*,*,*,*,*,*
VARIOS,Antoito ata,MISCELLANEOUS,Litte im ata on taco,,1.00,782.00,187.00,77.00,1.00,16.00,*,*,*,*,6.00,25.00,*,2.00,*,*,47.10,*,2.50,50.00,50.00,7.30,0.22,1.10,*,*,0.12,*,*,*,*,*,*,*,*,*,*,*,*,*
VARIOS,Antoito ata carne de res,MISCELLANEOUS,Litte im ata on taco bee,,1.00,1083.00,259.00,43.70,1.50,8.50,*,*,*,*,9.60,36.00,*,0.70,*,*,33.90,*,*,229.80,*,53.90,*,1.70,*,*,*,0.00,*,*,*,0.14,0.10,*,0.00,*,*,*,*,*
VARIOS,Antoito ata oo,MISCELLANEOUS,Litte im ata on taco cicen,,1.00,1140.00,272.00,40.80,1.50,8.90,*,*,*,*,9.50,38.60,*,0.70,*,*,28.70,*,*,174.40,*,38.70,*,1.10,*,*,*,0.00,*,*,*,0.15,0.10,*,0.00,*,*,*,*,*
VARIOS,"Antojitos, hojaldras e amn eo",MISCELLANEOUS,Litte im am an cheese hojaldras,,,1621.20,382.90,32.60,2.10,24.50,*,*,*,*,11.10,29.50,*,0.20,*,*,171.09,*,0.34,372.95,160.16,19.17,0.00,2.76,*,*,*,*,*,*,*,*,*,*,*,*,*,*,*,*
VARIOS,Antoito meoraito,MISCELLANEOUS,Litte im meoraito,,,952.00,225.00,58.32,1.86,12.42,*,*,*,*,3.36,24.88,*,1.18,*,*,65.34,*,2.45,231.32,89.35,15.00,0.00,0.40,*,*,*,268.47,*,*,*,0.28,0.11,*,*,*,*,*,*,*
VARIOS,Antoito memea,MISCELLANEOUS,Litte im memea,,1.00,801.00,189.00,59.59,2.51,6.23,*,*,*,*,3.65,29.54,*,0.90,*,*,102.09,*,0.52,234.66,284.42,53.26,*,0.96,*,*,*,379.02,*,*,*,*,0.09,*,*,*,*,*,*,*
VARIOS,Antoito moote,MISCELLANEOUS,Litte im moote,,,934.00,221.00,64.95,1.17,17.42,*,*,*,*,3.18,12.81,*,0.47,*,*,47.28,*,1.18,235.58,179.06,31.26,0.00,0.93,*,*,*,*,*,*,*,0.18,0.23,*,*,*,*,*,*,*
VARIOS,"Antojitos, pico de gallo con xoconostle",MISCELLANEOUS,Litte im ico e gallo con xoconostle,,1.00,245.22,57.77,85.55,0.83,1.21,*,*,*,*,0.48,11.24,*,0.69,2.70,*,48.18,0.00,0.00,137.97,115.69,20.02,0.00,1.22,*,*,*,*,*,*,*,0.02,*,*,34.00,*,*,*,*,*
VARIOS,"Antojitos, quesadillas de Cacaxtla",MISCELLANEOUS,Litte im eaia rom Cacata,,,858.00,203.00,57.57,2.11,8.73,*,*,*,*,10.10,20.88,*,0.61,*,*,143.61,*,2.56,94.33,73.69,11.75,0.00,0.66,*,*,*,*,*,*,*,0.19,0.26,*,*,*,*,*,*,*
VARIOS,"Antojitos, tlacoyos",MISCELLANEOUS,Litte im tacoo,,,872.00,206.00,67.82,1.14,15.63,*,*,*,*,12.14,4.19,*,0.22,*,*,48.41,*,0.00,231.32,186.54,32.84,0.00,1.31,*,*,*,134.01,*,*,*,0.08,0.14,*,*,*,*,*,*,*
VARIOS,"Antojitos, tostadas de cueritos",MISCELLANEOUS,Litte im totaa de cueritos,,1.00,354.48,83.55,81.42,0.53,2.43,*,*,*,*,6.01,9.41,*,0.19,1.81,*,56.91,0.00,0.00,104.60,56.90,18.22,0.00,0.00,*,*,*,*,*,*,*,0.04,*,*,*,*,*,*,*,*
VARIOS,"Barra, cacahuate, ajonjolí, amaranto arro inao",MISCELLANEOUS,ar eant eame ee amarant an e rice,,1.00,2079.00,497.00,2.70,2.10,24.20,*,*,*,*,14.30,55.60,*,1.10,*,*,*,*,*,*,*,*,*,*,*,*,*,*,*,*,*,*,*,*,*,*,*,*,*,*
VARIOS,"Barra, granola",MISCELLANEOUS,"Bar, granola",,1.00,1774.00,424.00,3.10,4.90,12.50,*,*,*,*,8.00,69.80,*,1.70,*,*,*,*,*,*,*,*,*,*,*,*,*,*,*,*,*,*,*,*,*,*,*,*,*,*
VARIOS,"Barra, palanqueta",MISCELLANEOUS,"Bar, brittle",,1.00,1950.00,466.00,1.90,1.20,16.80,*,*,*,*,11.60,67.20,*,1.30,*,*,*,*,*,*,*,*,*,*,*,*,*,*,*,*,*,*,*,*,*,*,*,*,*,*
VARIOS,Comemento Aimenticio,MISCELLANEOUS,Sement Ntritiona,,,1574.50,370.80,6.80,3.60,5.60,*,*,*,*,19.10,61.00,*,3.90,*,*,105.31,*,7.27,6.17,804.65,249.93,0.73,4.40,*,*,*,*,*,0.59,*,0.19,*,*,0.00,*,*,*,*,*
VARIOS,rma Lctea arcia- mente ecremaa,MISCELLANEOUS,Mi orma artia imme,,1.00,2084.50,491.90,2.10,5.30,24.30,*,*,*,*,18.00,50.30,*,*,*,*,*,*,*,*,*,*,*,*,*,*,*,0.00,*,*,*,*,*,*,*,*,*,*,*,*
VARIOS,Goma cometibe,MISCELLANEOUS,Gm eibe,,,1858.30,437.90,1.60,0.70,11.10,*,*,*,*,14.60,69.90,*,2.10,*,*,29.02,*,6.18,4.18,117.55,4.91,0.00,3.45,*,*,*,*,*,*,*,*,*,*,*,*,*,*,*,*
VARIOS,"Guiso, caldo de queso",MISCELLANEOUS,Ste ceee brot,,1.00,223.00,53.00,88.50,1.74,2.92,*,*,*,*,2.57,4.19,*,0.08,*,*,128.20,356.00,0.35,397.80,114.10,*,*,*,*,*,*,11.78,*,*,*,*,0.01,0.76,*,*,*,*,*,*
VARIOS,"Guiso, chivichangas de queso",MISCELLANEOUS,Ste ceee “chivichangas”,,1.00,1131.00,270.00,53.70,1.76,18.62,*,*,*,*,7.21,18.48,*,0.23,*,*,193.30,280.00,0.65,336.00,139.30,*,*,*,*,*,*,25.57,*,*,*,0.10,0.01,0.53,*,*,*,*,*,*
VARIOS,"Guiso, gallina pinta atio onorene",MISCELLANEOUS,Ste inta i rom Sonora,,1.00,803.00,192.00,66.70,1.83,13.54,*,*,*,*,8.05,9.47,*,0.41,*,*,38.40,42.00,0.88,161.80,63.70,*,*,*,*,*,*,*,*,*,*,0.09,0.01,2.13,*,*,*,*,*,*
VARIOS,"Guiso, barbacoa de borrego",MISCELLANEOUS,Ste ee barbacoa,,,1029.00,243.00,57.30,1.94,16.27,*,*,*,*,23.65,0.51,*,0.34,*,*,6.50,*,1.90,177.87,15.56,10.90,0.00,2.95,*,*,*,*,*,*,*,0.18,0.27,*,*,*,*,*,*,*
VARIOS,Gio bomba,MISCELLANEOUS,Ste bomba,,1.00,117.79,27.78,92.77,1.13,1.11,*,*,*,*,0.75,3.69,*,0.54,1.06,*,10.83,65.56,0.00,381.62,78.50,9.69,0.00,0.00,*,*,*,*,*,*,*,0.01,*,*,*,*,*,*,*,*
VARIOS,"Guiso, carne tártara",MISCELLANEOUS,Ste tea tartare,,1.00,294.35,69.35,81.55,2.34,1.60,*,*,*,*,4.46,9.27,*,0.77,1.03,*,9.67,0.00,3.28,675.35,226.48,13.48,0.00,2.93,*,*,*,*,*,*,*,0.07,*,*,*,*,*,*,*,*
VARIOS,"Guiso, cecina",MISCELLANEOUS,Ste cecina rie ate meat,,1.00,782.00,185.00,60.46,3.24,8.28,*,*,*,*,26.86,0.64,*,0.03,*,*,3.67,*,3.29,851.14,53.95,13.74,0.00,6.95,*,*,*,*,*,*,*,0.49,0.45,*,*,*,*,*,*,*
VARIOS,"Guiso, chayotextle",MISCELLANEOUS,Ste caotete,,1.00,589.00,139.00,80.28,1.21,12.63,*,*,*,*,1.30,5.14,*,0.65,*,*,49.62,*,1.33,327.37,130.27,3.10,0.00,0.23,*,*,*,89.21,*,*,*,0.06,0.11,*,*,*,*,*,*,*
VARIOS,"Guiso, chile al pulque",MISCELLANEOUS,Ste cie a e,,1.00,657.00,155.00,72.01,2.01,10.30,*,*,*,*,9.87,5.73,*,0.08,*,*,57.31,*,0.00,270.33,33.44,14.64,0.00,1.74,*,*,*,199.98,*,*,*,0.47,0.33,*,*,*,*,*,*,*
VARIOS,"Guiso, chileatole",MISCELLANEOUS,Ste cieatoe,,1.00,118.00,28.00,93.01,1.17,0.38,*,*,*,*,0.56,5.54,*,0.51,*,*,27.22,*,0.49,149.35,11.77,14.49,0.00,0.19,*,*,*,*,*,*,*,0.05,0.05,*,*,*,*,*,*,*
VARIOS,"Guiso, chiles en nogada",MISCELLANEOUS,Ste cie en nogada,,1.00,1008.00,238.00,61.58,1.92,17.56,*,*,*,*,4.96,15.08,*,1.66,*,*,154.21,*,0.49,124.12,262.13,10.65,0.00,0.73,*,*,*,*,*,*,*,0.21,0.21,*,*,*,*,*,*,*
VARIOS,"Guiso, chilposo",MISCELLANEOUS,Ste cioo,,1.00,303.00,71.00,85.25,1.18,3.59,*,*,*,*,3.35,6.42,*,0.21,*,*,51.32,*,0.18,71.69,219.84,14.07,0.00,0.74,*,*,*,50.09,*,*,*,0.03,0.11,*,*,*,*,*,*,*
VARIOS,"Guiso, enchiladas minera",MISCELLANEOUS,Ste enciaa minera,,1.00,957.59,226.22,58.59,1.50,15.45,*,*,*,*,6.63,15.15,*,2.67,1.63,*,161.83,0.00,3.90,347.76,145.32,30.17,0.00,1.24,*,*,*,*,*,*,*,0.07,*,*,*,*,*,*,*,*
VARIOS,Gio fiambre San Miguel Allende,MISCELLANEOUS,Ste fiambre San Miguel Allende,,1.00,223.15,52.65,85.43,2.20,2.45,*,*,*,49.68,4.36,3.29,*,2.27,2.98,*,11.92,48.44,0.00,560.22,99.27,7.03,0.09,0.00,*,*,*,*,*,*,*,0.25,*,*,*,*,*,*,*,*
VARIOS,Gio fiete a corio,MISCELLANEOUS,Ste tea to aae,,,726.00,172.00,72.08,1.46,12.63,*,*,*,*,11.45,3.04,*,0.69,*,*,14.48,*,2.21,415.15,269.65,8.40,0.00,0.44,*,*,*,0.00,*,*,*,0.70,0.14,*,*,*,*,*,*,*
VARIOS,"Guiso, frijoles con cilantro y chiltepin",MISCELLANEOUS,Ste bean it coriader and chiltepin,,1.00,365.00,86.00,78.18,1.84,1.02,*,*,*,*,3.48,15.69,*,1.63,*,*,58.91,*,0.51,56.15,408.56,35.05,0.00,0.68,*,*,*,*,*,*,*,0.09,0.22,*,*,*,*,*,*,*
VARIOS,Gio ao o can,MISCELLANEOUS,Ste ao o caon,,1.00,81.33,344.12,82.86,1.83,6.22,*,*,*,*,1.18,5.17,*,2.75,7.84,*,149.38,0.00,3.31,560.22,169.59,22.12,0.00,0.00,*,*,*,*,*,*,*,0.03,*,*,*,*,*,*,*,*
VARIOS,Gio acamaa,MISCELLANEOUS,Ste acamaa,,1.00,256.01,1085.14,46.33,1.81,11.68,*,*,*,85.41,16.54,21.19,*,2.45,13.87,*,16.32,0.00,3.83,510.78,195.80,27.00,0.00,0.00,*,*,*,*,*,*,*,0.01,*,*,*,*,*,*,*,*
VARIOS,"Guiso, huaunzontles",MISCELLANEOUS,Ste aonte An eibe reen oer,,0.90,580.00,137.00,79.69,1.71,12.10,*,*,*,*,1.87,5.18,*,0.89,*,*,62.50,*,0.24,425.20,222.60,7.99,0.00,0.31,*,*,*,94.09,*,*,*,0.07,0.11,*,*,*,*,*,*,*
VARIOS,"Guiso, Kibis",MISCELLANEOUS,Ste ibi,,1.00,1568.00,370.10,29.20,2.10,19.70,*,*,*,*,6.60,41.40,*,1.00,*,*,38.47,*,1.82,455.64,165.33,53.89,0.00,1.02,*,*,*,*,*,*,*,*,*,*,*,*,*,*,*,*
VARIOS,Gio omo en aa de guayaba y ciruela,MISCELLANEOUS,Ste te or oin in aa an m ace,,1.00,1109.00,2.62,54.83,1.46,16.25,*,*,*,*,27.68,1.23,*,0.01,*,*,18.81,*,2.69,257.69,307.69,10.63,0.00,1.87,*,*,*,298.83,*,*,*,0.36,0.36,*,*,*,*,*,*,*
VARIOS,Gio meno,MISCELLANEOUS,Ste meno,,1.00,282.50,66.54,91.93,1.26,1.33,*,*,*,47.11,9.52,4.13,*,0.09,0.75,*,10.68,0.00,5.97,477.58,40.18,11.64,0.00,1.48,*,*,*,*,*,*,*,0.00,*,*,*,*,*,*,*,*
VARIOS,Gio moe e oa,MISCELLANEOUS,Ste moe e oa be te in cie ace,,1.00,215.00,51.00,88.87,0.88,2.14,*,*,*,*,5.67,2.18,*,0.26,*,*,24.74,*,0.09,99.29,116.18,12.28,0.00,0.96,*,*,*,*,*,*,*,0.07,0.18,*,*,*,*,*,*,*
VARIOS,Gio mcbioo,MISCELLANEOUS,Ste mcbioo,,1.00,950.50,224.30,55.10,2.10,11.10,*,*,*,*,4.50,26.60,*,0.60,*,*,97.41,*,1.01,141.63,124.14,26.39,0.00,0.78,*,*,*,*,*,*,*,*,*,*,*,*,*,*,*,*
VARIOS,"Guiso, paella blanca ctea",MISCELLANEOUS,Ste ite aea it air roct,,1.00,676.00,159.30,63.20,1.90,4.10,*,*,*,*,7.10,23.50,*,0.20,*,*,*,*,*,540.28,*,*,*,*,*,*,*,*,*,*,*,*,*,*,*,*,*,*,*,*
VARIOS,"Guiso, paella negra marico",MISCELLANEOUS,Ste bac aea it eaoo,,1.00,543.20,127.90,67.40,2.10,1.50,*,*,*,*,11.60,17.00,*,0.40,*,*,*,*,*,491.67,*,*,*,*,*,*,*,*,*,*,*,*,*,*,*,*,*,*,*,*
VARIOS,Gio aea norma tio aenciana,MISCELLANEOUS,Ste caica aea aenciana te,,1.00,810.50,191.20,60.90,1.70,8.40,*,*,*,*,11.90,17.00,*,0.10,*,*,*,*,*,396.21,*,*,*,*,*,*,*,*,*,*,*,*,*,*,*,*,*,*,*,*
VARIOS,"Guiso, paella roja carne ría",MISCELLANEOUS,Ste re aea it co meat,,1.00,667.30,157.30,64.60,2.00,4.90,*,*,*,*,5.80,22.50,*,0.20,*,*,*,*,*,520.28,*,*,*,*,*,*,*,*,*,*,*,*,*,*,*,*,*,*,*,*
VARIOS,"Guiso, paella verde eetariana",MISCELLANEOUS,Ste reen aea eetarian,,1.00,460.40,108.40,72.50,1.80,1.20,*,*,*,*,5.70,18.70,*,0.10,*,*,*,*,*,421.59,*,*,*,*,*,*,*,*,*,*,*,*,*,*,*,*,*,*,*,*
VARIOS,"Guiso, panuchos de pollo",MISCELLANEOUS,Ste cicen panuchos,,1.00,899.00,212.20,59.00,1.70,11.40,*,*,*,*,11.70,15.70,*,0.50,*,*,94.49,*,2.26,251.19,218.59,29.75,0.00,2.07,*,*,*,*,*,*,*,*,*,*,*,*,*,*,*,*
VARIOS,"Guiso, pipian rojo con carne de cerdo",MISCELLANEOUS,Ste iian roo it or meat,,1.00,609.00,144.00,73.96,1.35,8.26,*,*,*,*,10.95,6.41,*,0.42,*,*,84.83,*,0.54,100.39,210.49,55.66,0.00,2.29,*,*,*,*,*,*,*,0.55,0.22,*,*,*,*,*,*,*
VARIOS,"Guiso, pipian verde",MISCELLANEOUS,Ste iian ere,,1.00,469.00,111.00,74.29,2.27,7.82,*,*,*,*,8.63,8.83,*,0.72,*,*,65.04,*,0.98,166.78,204.42,43.04,0.00,0.94,*,*,*,0.00,*,*,*,0.12,0.14,*,*,*,*,*,*,*
VARIOS,"Guiso, polcanes",MISCELLANEOUS,Ste ocane,,1.00,1526.70,360.40,31.00,3.10,20.00,*,*,*,*,6.40,38.70,*,0.80,*,*,161.77,*,0.26,715.74,164.34,55.35,0.00,0.98,*,*,*,*,*,*,*,*,*,*,*,*,*,*,*,*
VARIOS,Gio oo amao,MISCELLANEOUS,Ste oo amao moe cicen,,1.00,814.00,192.00,62.47,0.96,8.97,*,*,*,*,1.36,26.46,*,0.46,*,*,121.65,*,1.56,65.97,198.99,21.41,0.00,0.63,*,*,*,268.47,*,*,*,0.12,0.09,*,*,*,*,*,*,*
VARIOS,"Guiso, pollo atlixquense",MISCELLANEOUS,Ste cicen atlixquense,,1.00,386.00,91.00,82.66,0.86,4.52,*,*,*,*,9.69,2.93,*,0.20,*,*,12.86,*,0.02,24.12,358.71,10.47,0.00,0.30,*,*,*,0.00,*,*,*,0.16,0.12,*,*,*,*,*,*,*
VARIOS,"Guiso, pollo encacahuatado",MISCELLANEOUS,Ste oo encacaatao cicen bate in eant ace,,1.00,532.00,125.00,76.36,1.66,6.43,*,*,*,*,6.24,10.62,*,0.32,*,*,90.68,*,1.41,531.14,157.84,12.74,0.00,0.70,*,*,*,259.81,*,*,*,0.17,0.19,*,*,*,*,*,*,*
VARIOS,"Guiso, pollo Tocotlán",MISCELLANEOUS,Ste cicen Tocotn,,1.00,548.00,130.00,76.57,1.85,9.88,*,*,*,*,7.02,3.15,*,0.93,*,*,36.67,*,0.86,463.49,197.72,18.37,0.00,0.76,*,*,*,0.00,*,*,*,0.54,0.16,*,*,*,*,*,*,*
VARIOS,"Guiso, pozole de Zacatlán",MISCELLANEOUS,Ste ooe or an omin o rom acatn,,1.00,357.00,84.00,82.47,1.33,2.99,*,*,*,*,5.82,8.52,*,0.20,*,*,19.97,*,0.03,333.97,61.04,7.49,0.00,0.62,*,*,*,0.00,*,*,*,0.06,0.14,*,*,*,*,*,*,*
VARIOS,"Guiso, puchero",MISCELLANEOUS,Ste cero,,1.00,248.23,58.53,86.88,0.72,2.07,*,*,*,65.57,3.81,6.16,*,0.36,2.90,*,12.57,51.06,2.52,81.70,164.97,17.37,0.00,0.00,*,*,*,*,*,*,*,0.06,*,*,*,*,*,*,*,*
VARIOS,"Guiso, salbutes de pollo atio tíico e catn",MISCELLANEOUS,Ste cicen abte a tica i rom catn,,1.00,1011.20,238.80,57.00,1.60,14.80,*,*,*,*,9.70,16.70,*,0.20,*,*,84.66,*,0.00,140.25,124.46,18.54,0.00,0.52,*,*,*,*,*,*,*,*,*,*,*,*,*,*,*,*
VARIOS,Gio oa e ma,MISCELLANEOUS,Ste mea o,,1.00,251.68,59.45,92.46,2.16,4.02,*,*,*,112.00,3.50,2.32,*,0.19,1.14,*,20.25,113.11,6.95,50.60,163.66,19.91,0.00,0.00,*,*,*,*,*,*,*,0.02,*,*,*,*,*,*,*,*
VARIOS,Gio tama e cenia,MISCELLANEOUS,Ste tama e cenia,,1.00,1165.49,275.00,42.35,2.88,13.02,*,*,*,*,2.34,37.10,*,2.30,6.73,*,318.59,49.40,7.59,109.10,260.75,45.49,0.00,0.00,*,*,*,*,*,*,*,0.00,*,*,*,*,*,*,*,*
VARIOS,"Guiso, tinga poblana",MISCELLANEOUS,Ste tina obana ree or ice it cie c iote,,1.00,488.00,115.00,76.99,1.55,6.06,*,*,*,*,9.19,5.97,*,0.94,*,*,28.94,*,1.54,250.39,326.00,21.35,0.00,1.52,*,*,*,107.32,*,*,*,0.10,0.16,*,*,*,*,*,*,*
VARIOS,"Guiso, tlatlapas",MISCELLANEOUS,Ste tataa,,1.00,247.00,58.00,85.18,1.11,1.35,*,*,*,*,4.27,7.26,*,0.83,*,*,23.35,*,0.29,133.29,77.26,6.67,0.00,0.21,*,*,*,0.00,*,*,*,0.12,0.02,*,*,*,*,*,*,*
VARIOS,"Hot Dog, con y sin frijol",MISCELLANEOUS,ot o it an itot bean,,1.00,841.00,201.00,56.35,1.49,7.70,5.21,6.99,1.74,45.00,6.50,27.95,*,*,*,*,24.00,99.00,2.36,684.00,146.00,13.00,0.08,2.02,0.09,0.03,*,0.00,0.00,*,*,0.24,0.28,3.72,0.10,0.05,0.52,19.00,62.00,*
VARIOS,"Jalea Real, 100% natural",MISCELLANEOUS,"Jelly Royal, jelly 100% natural",,,724.00,173.10,60.10,1.00,3.50,*,*,*,*,14.10,21.30,*,*,*,*,4.92,*,4.00,10.75,231.48,20.02,*,2.55,*,*,*,*,*,*,*,*,*,*,*,*,*,*,*,*
VARIOS,"Aloe Vera, jugo",MISCELLANEOUS,"Aloe Vera, juice",,1.00,27.50,6.50,98.50,0.40,0.50,*,*,*,*,0.10,0.40,*,0.10,*,*,42.48,*,0.36,40.90,71.93,12.32,0.00,0.04,*,*,*,0.00,*,*,*,*,*,*,0.00,*,*,*,*,*
VARIOS,"Jugo, naranja, acerola y zanahoria",MISCELLANEOUS,"Juice, orange, acerola and carrot juice",,,233.20,54.90,86.80,0.10,0.50,*,*,*,*,0.40,12.20,7.50,0.00,*,*,*,*,*,1.74,*,*,*,*,*,*,*,*,*,*,*,*,*,*,31.98,*,*,*,*,*
VARIOS,"Jugo, papaya-naranja",MISCELLANEOUS,"Juice, papaya-orange juice",,,240.00,56.50,86.40,0.10,0.50,*,*,*,*,0.50,12.50,6.80,0.00,*,*,*,*,*,1.05,*,*,*,*,*,*,*,*,*,*,*,*,*,*,30.02,*,*,*,*,*
VARIOS,"Levadura, cerveza deshidratada",MISCELLANEOUS,"Yeast, dried",,1.00,1395.00,333.00,3.23,8.10,0.60,*,*,*,*,51.00,31.07,*,6.33,*,*,*,*,*,*,*,*,*,*,*,*,*,*,*,*,*,*,*,*,*,*,*,*,*,*
VARIOS,Levadura Europa,MISCELLANEOUS,Yeast Europa,,1.00,1360.00,325.00,7.80,5.90,1.10,*,*,*,*,48.20,30.50,*,6.50,*,*,*,*,*,*,*,*,*,*,*,*,*,*,*,*,*,*,*,*,*,*,*,*,*,*
VARIOS,"Malteada, polvo para preparar bebida sabor chocolate, con amaranto",MISCELLANEOUS,Miae miae mi cocoate aor it amarant,,1.00,1640.00,392.00,2.39,2.20,5.28,*,*,*,*,8.72,79.78,*,1.63,*,*,*,*,*,*,*,*,*,*,*,*,*,*,*,*,*,*,*,*,*,*,*,*,*,*
VARIOS,"Masilla, cerveza",MISCELLANEOUS,"Dough, beer",,1.00,1268.00,303.00,2.60,6.10,2.50,*,*,*,*,17.50,52.50,*,18.80,*,*,*,*,*,*,*,*,*,*,*,*,*,*,*,*,*,*,*,*,*,*,*,*,*,*
VARIOS,Mole,MISCELLANEOUS,Mole,,1.00,2348.00,555.00,2.00,4.21,32.00,*,*,*,*,9.54,49.58,*,4.49,10.10,*,302.00,254.00,5.71,1164.00,602.00,127.00,0.68,2.50,1.14,*,*,15.00,1.00,*,0.01,0.16,0.57,2.54,0.00,0.752,*,0.00,74.00,*
VARIOS,"Mole, preparado",MISCELLANEOUS,"Mole, prepared",,1.00,510.16,120.48,78.10,1.08,7.52,*,*,*,*,2.57,10.63,*,0.00,*,*,*,*,*,*,*,*,*,*,*,*,*,*,*,*,*,*,*,*,*,*,*,*,*,*
VARIOS,"Mole, bajo en calorías",MISCELLANEOUS,Moe o caorie,,1.00,1719.20,405.80,12.50,7.00,21.80,*,*,*,*,11.70,40.70,*,6.30,*,*,*,*,*,*,*,*,*,*,*,*,*,*,*,*,*,*,*,*,*,*,*,*,*,*
VARIOS,"Mole, de olores",MISCELLANEOUS,"Mole, de olores",,1.00,826.00,195.00,65.00,2.29,11.44,*,*,*,*,13.89,9.10,*,0.57,*,*,14.67,*,0.45,435.22,46.83,18.99,0.00,1.23,*,*,*,*,*,*,*,0.28,0.44,*,*,*,*,*,*,*
VARIOS,"Mole, negro",MISCELLANEOUS,"Mole, black or dark",,1.00,861.72,203.44,58.68,2.07,11.60,*,*,*,*,2.47,22.29,*,2.89,*,*,*,*,*,462.33,*,*,*,*,*,*,*,*,*,*,*,*,*,*,*,*,*,*,*,*
VARIOS,"Mole, pasta",MISCELLANEOUS,"Mole, paste",,1.00,1791.30,422.70,15.10,2.80,20.70,*,*,*,*,10.80,48.30,*,2.30,*,*,*,*,*,350.75,*,*,*,*,*,*,*,*,*,*,*,*,*,*,*,*,*,*,*,*
VARIOS,"Mole, poblano, pasta",MISCELLANEOUS,"Mole, poblano, paste",,,998.32,238.83,56.3,1.73,9.37,,4.60,1.76,3.57,2.68,29.08,16.17,0.84,3.23,*,*,*,*,225.61,*,*,*,*,*,*,*,*,*,*,*,*,*,*,*,*,*,*,*,*
VARIOS,"Mole, poblano y estilo Zacatlán",MISCELLANEOUS,"Mole, poblano Zacatlán style",,1.00,729.00,172.00,65.46,1.27,7.68,*,*,*,*,16.81,8.90,*,0.49,*,*,16.44,*,0.71,161.78,299.71,27.29,0.00,1.48,*,*,*,*,*,*,*,0.13,0.55,*,*,*,*,*,*,*
VARIOS,Mole Prieto,MISCELLANEOUS,Moe rieto bac moe,,,409.00,96.00,78.28,1.24,3.61,*,*,*,*,1.75,14.22,*,0.90,*,*,38.90,*,0.50,265.76,96.59,11.52,0.00,1.45,*,*,*,49.00,,*,*,0.15,0.07,*,*,*,*,*,*,*
VARIOS,"Mole Rojo, casero",MISCELLANEOUS,Moe Re moe omemae,,1.00,2236.75,528.37,2.09,3.62,35.13,*,*,*,*,9.90,43.15,*,6.11,*,*,221.39,188.84,8.38,418.25,840.31,93.09,0.00,5.03,*,*,*,*,*,*,*,*,*,*,*,*,*,*,*,*
VARIOS,"Nieve, de fresa",MISCELLANEOUS,Sorbet traberr aor,,1.00,497.00,116.85,71.20,0.10,0.45,1.16,0.53,0.08,1.00,0.20,28.00,*,0.10,1.30,*,3.77,*,0.17,11.35,41.99,1.63,0.00,0.03,*,0.00,*,46.00,12.00,*,0.00,0.03,0.10,0.06,2.30,0.023,0.13,0.00,4.00,0.00
VARIOS,oen e ore silvestres,MISCELLANEOUS,oen rom ioer,,,1774.00,424.10,6.30,1.80,11.30,*,*,*,*,16.00,64.60,*,*,*,*,118.46,*,5.29,7.36,379.29,55.26,2.37,4.36,*,*,*,*,*,*,*,*,*,*,*,*,*,*,*,*
VARIOS,Saa cimicrri,MISCELLANEOUS,Sace cimicrri coe are eaone it aric eer an erb bon it oi an inear,,1.00,2585.00,612.20,29.60,1.60,67.40,*,*,*,*,1.40,0.00,*,0.00,*,*,*,*,*,*,*,*,*,*,*,*,*,*,*,*,*,*,*,*,*,*,*,*,*,*
VARIOS,Sanic eo revueltos,MISCELLANEOUS,Sanic crambe eggs,,1.00,1014.00,242.00,52.41,1.36,12.70,*,*,*,*,12.70,20.00,*,0.67,*,*,*,*,*,*,*,*,*,*,*,*,*,*,*,*,*,*,*,*,*,*,*,*,*,*
VARIOS,Semento Aimenticio varios sabores,MISCELLANEOUS,Ntritiona Sement ario aor,,1.00,1893.00,447.00,2.17,10.33,20.95,*,*,*,*,15.10,50.27,*,0.00,*,*,*,*,*,*,*,*,*,*,*,*,*,3897.21,*,*,*,1.70,*,*,*,*,*,*,*,*
VARIOS,"Semento Aimenticio infantil, varios sabores",MISCELLANEOUS,Ntritiona Sement cirenS ario aor,,1.00,2049.00,484.00,1.78,7.08,23.80,*,*,*,*,13.85,53.50,*,0.00,*,*,*,*,*,*,*,*,*,*,*,*,*,2058.31,*,*,*,0.79,0.34,*,*,*,*,*,*,*
VARIOS,"Taco, al pastor",MISCELLANEOUS,"Taco, “al pastor” marinate or",,1.00,1142.00,273.00,74.00,2.00,16.00,*,*,*,*,12.00,22.00,*,1.00,*,*,86.70,*,6.20,320.00,230.00,30.30,0.35,3.00,*,3.40,0.20,*,*,*,*,*,*,*,*,*,*,*,*,*
VARIOS,"Taco, de bisteck",MISCELLANEOUS,"Taco, beef",,1.00,782.00,187.00,77.00,2.00,7.00,*,*,*,*,13.00,26.00,*,1.00,*,*,116.00,*,8.20,210.00,240.00,38.40,0.54,4.10,*,2.70,0.15,*,*,*,*,*,*,*,*,*,*,*,*,*
VARIOS,"Taco, de cabeza",MISCELLANEOUS,Taco or ea,,1.00,887.00,212.00,80.00,1.00,7.00,*,*,*,*,12.00,25.00,*,1.00,*,*,*,*,*,*,*,*,*,*,*,*,*,*,*,*,*,*,*,*,*,*,*,*,*,*
VARIOS,"Taco, de carne de puerco con salsa",MISCELLANEOUS,Taco or meat and sauce,,1.00,786.00,188.00,57.04,1.40,5.61,*,*,*,*,15.68,18.71,*,1.56,16.67,*,*,*,*,*,*,*,*,*,*,*,*,*,*,*,*,*,*,*,*,*,*,*,*,*
VARIOS,"Taco, de carne de res con chipotle",MISCELLANEOUS,"Taco, beef and chipotle chile",,1.00,887.00,212.00,50.43,1.92,5.55,*,*,*,*,9.06,31.48,*,1.56,12.12,*,*,*,*,*,*,*,*,*,*,*,*,*,*,*,*,*,*,*,*,*,*,*,*,*
VARIOS,"Taco, de carne de res con salsa verde",MISCELLANEOUS,"Taco, beef and green tomato ace",,1.00,1058.00,253.00,51.05,1.78,14.40,*,*,*,*,8.40,22.42,*,1.96,11.22,*,*,*,*,*,*,*,*,*,*,*,*,*,*,*,*,*,*,*,*,*,*,*,*,*
VARIOS,"Taco, de carne de res, frito",MISCELLANEOUS,"Taco, beef, fried",,1.00,1301.00,311.00,38.25,1.67,15.68,*,*,*,*,16.05,26.42,*,1.93,22.17,*,*,*,*,*,*,*,*,*,*,*,*,*,*,*,*,*,*,*,*,*,*,*,*,*
VARIOS,Taco e cicarrn,MISCELLANEOUS,"Taco, fried pork rind",,1.00,824.00,197.00,80.00,1.00,8.00,*,*,*,*,10.00,21.00,*,1.00,*,*,78.50,*,3.50,200.00,120.00,21.30,0.31,1.50,*,1.70,0.13,*,*,*,*,*,*,*,*,*,*,*,*,*
VARIOS,"Taco, de chuleta",MISCELLANEOUS,"Taco, beef chops",,1.00,1109.00,265.00,77.00,1.00,12.00,*,*,*,*,16.00,25.00,*,2.00,*,*,121.00,*,5.80,160.00,280.00,38.20,0.46,3.90,*,2.00,0.19,*,*,*,*,*,*,*,*,*,*,*,*,*
VARIOS,"Taco, de costilla",MISCELLANEOUS,"Taco, ribs",,1.00,895.00,214.00,77.00,1.00,9.00,*,*,*,*,13.00,20.00,*,1.00,*,*,102.50,*,6.10,120.00,200.00,28.10,0.39,3.40,*,2.50,0.11,*,*,*,*,*,*,*,*,*,*,*,*,*
VARIOS,Taco e macia,MISCELLANEOUS,"Taco, shoulder, picnic",,1.00,908.00,217.00,78.00,1.00,7.00,*,*,*,*,15.00,23.00,*,1.00,*,*,89.20,*,8.40,860.00,220.00,35.10,0.54,3.70,*,5.10,0.16,*,*,*,*,*,*,*,*,*,*,*,*,*
VARIOS,"Taco, de suadero",MISCELLANEOUS,Taco an et,,1.00,1125.00,269.00,78.00,1.00,13.00,*,*,*,*,13.00,26.00,*,1.00,*,*,75.20,*,6.80,70.00,200.00,5.50,0.58,2.00,*,10.30,0.10,*,*,*,*,*,*,*,*,*,*,*,*,*
VARIOS,"Taco, de tripa",MISCELLANEOUS,"Taco, tripe",,1.00,1146.00,274.00,78.00,2.00,15.00,*,*,*,*,12.00,23.00,*,1.00,*,*,65.80,*,3.20,130.00,90.00,14.70,0.28,1.50,*,*,0.09,*,*,*,*,*,*,*,*,*,*,*,*,*
VARIOS,T amareto,MISCELLANEOUS,Tea amaretto,,1.00,824.00,197.00,9.20,5.80,0.90,*,*,*,*,19.40,53.00,*,11.70,*,*,*,*,*,39.70,1476.60,*,*,*,*,*,*,*,*,*,*,*,*,*,*,*,*,*,*,*
VARIOS,"Té, canela",MISCELLANEOUS,Tea cinnamon,,1.00,644.00,154.00,10.00,5.70,1.20,*,*,*,*,3.80,37.80,*,41.50,*,*,*,*,*,274.30,1948.30,*,*,*,*,*,*,*,*,*,*,*,*,*,*,*,*,*,*,*
VARIOS,T e ore,MISCELLANEOUS,"Tea, mi o oer",,1.00,1176.00,281.00,9.49,5.05,2.95,*,*,*,*,11.82,52.93,*,17.76,*,*,*,*,*,7.77,1638.06,*,*,*,*,*,*,*,*,*,*,*,*,*,*,*,*,*,*,*
VARIOS,T manana deshidratada,MISCELLANEOUS,Tea ae oer,,1.00,1653.00,395.00,0.20,1.00,0.00,*,*,*,*,0.00,98.80,*,*,*,*,*,*,*,81.22,*,*,*,*,*,*,*,*,*,*,*,*,*,*,*,*,*,*,*,*
VARIOS,"Té, negro",MISCELLANEOUS,"Tea, black",,1.00,1071.00,256.00,4.60,6.30,0.60,*,*,*,*,19.60,56.80,*,12.10,*,*,400.00,300.00,11.90,39.00,1515.40,*,*,*,*,*,*,*,*,*,*,0.08,0.73,6.50,5.00,*,*,*,*,*
VARIOS,T nero abor imn,MISCELLANEOUS,Tea bac emon aor,,,*,*,0.90,4.25,0.27,*,*,*,*,2.78,91.80,*,0.00,*,*,*,*,*,41.40,*,*,*,*,*,*,*,*,*,*,*,*,*,*,*,*,*,*,*,*
VARIOS,"Té, negro sabor durazno",MISCELLANEOUS,Tea bac aricot aor,,,*,*,0.80,7.26,0.24,*,*,*,*,3.86,87.84,*,0.00,*,*,*,*,*,577.07,*,*,*,*,*,*,*,*,*,*,*,*,*,*,*,*,*,*,*,*
VARIOS,"Té, Te-Sana",MISCELLANEOUS,"Tea, Tea-Sana",,1.00,100.00,24.00,99.40,0.00,0.80,*,*,*,*,0.00,4.80,*,,*,*,*,*,*,*,*,*,*,*,*,*,*,*,*,*,*,*,*,*,*,*,*,*,*,*
VARIOS,"Té, Tila",MISCELLANEOUS,Tea ime boom,,1.00,933.00,223.00,8.30,4.00,1.60,*,*,*,*,3.70,56.10,*,26.30,*,*,*,*,*,39.60,1180.20,*,*,*,*,*,*,*,*,*,*,*,*,*,*,*,*,*,*,*
VARIOS,T ere abor imn,MISCELLANEOUS,Tea reen emon aore,,1.00,1440.01,344.17,0.70,2.88,0.73,*,*,*,*,3.14,92.55,*,*,*,*,*,*,*,216.06,*,*,*,*,*,*,*,*,*,*,*,*,*,*,*,*,*,*,*,*
VARIOS,"Té, de diferentes sabores rearao",MISCELLANEOUS,Tea ierent aor reare,,1.00,130.51,31.22,91.50,0.13,0.00,0.00,0.00,0.00,0.00,0.01,8.36,8.21,0.00,0.00,*,1.00,26.00,0.00,24.45,19.00,0.00,*,0.01,*,*,*,*,0.00,*,*,0.01,0.00,0.00,0.00,0.00,0.00,0.00,1.00,*
VARIOS,"Té, verde",MISCELLANEOUS,"Tea, green",,,137.56,32.91,91.00,0.13,*,*,*,*,*,0.01,8.86,8.39,0.00,*,*,*,*,*,21.85,*,*,*,*,*,*,*,*,*,*,*,*,*,*,*,*,*,*,*,*
VARIOS,"Té, verde light",MISCELLANEOUS,"Tea, green, light",,,0.72,0.17,99.60,0.13,*,*,*,*,*,0.02,0.25,0.00,0.00,*,*,*,*,*,22.00,*,*,*,*,*,*,*,*,*,*,*,*,*,*,*,*,*,*,*,*
VARIOS,T abor imn it,MISCELLANEOUS,Tea it emon aore,,,3.29,0.79,99.50,0.09,0.00,0.00,0.00,0.00,0.00,0.01,0.40,0.00,0.00,0.00,*,3.00,1.00,0.05,19.02,14.00,2.00,0.01,0.01,0.16,0.00,*,0.00,0.00,*,0.00,0.00,0.00,0.02,0.00,0.00,0.00,0.00,0.00,0.00
VARIOS,"Torta, cubana",MISCELLANEOUS,"Torta, cuban style",,1.00,975.00,233.00,73.00,3.00,11.00,*,*,*,*,11.00,23.00,*,0.60,*,*,0.16,*,0.04,380.00,160.00,0.20,0.27,6.10,*,8.80,0.08,*,*,*,*,*,*,*,*,*,*,*,*,*
VARIOS,"Torta, de carne de puerco con salsa",MISCELLANEOUS,Torta or meat an sauce,,1.00,1096.00,262.00,53.40,1.66,17.24,*,*,*,*,12.92,13.74,*,1.04,8.45,*,*,*,*,*,*,*,*,*,*,*,*,*,*,*,*,*,*,*,*,*,*,*,*,*
VARIOS,"Torta, de carne de puerco con salsa",MISCELLANEOUS,"Torta, pork and green tomato ace",,1.00,774.00,185.00,58.45,1.84,6.55,*,*,*,*,6.83,24.80,*,1.53,4.21,*,*,*,*,*,*,*,*,*,*,*,*,*,*,*,*,*,*,*,*,*,*,*,*,*
VARIOS,"Torta, de carne de puerco con erra cie aaeo",MISCELLANEOUS,Torta or it eetabe an aaeo cie,,1.00,807.00,193.00,57.63,2.14,7.52,*,*,*,*,12.18,19.12,*,1.41,10.97,*,*,*,*,*,*,*,*,*,*,*,*,*,*,*,*,*,*,*,*,*,*,*,*,*
VARIOS,Torta e amn,MISCELLANEOUS,Torta am,,1.00,837.00,200.00,75.00,2.00,7.00,*,*,*,*,8.00,27.00,*,0.30,*,*,0.31,*,0.07,520.00,190.00,0.23,0.41,4.30,*,5.90,0.09,*,*,*,*,*,*,*,*,*,*,*,*,*
VARIOS,Torta e mianea,MISCELLANEOUS,"Torta, breaded veal",,1.00,1046.00,250.00,70.00,2.00,12.00,*,*,*,*,10.00,26.00,*,0.60,*,*,0.28,*,0.07,40.00,160.00,0.20,0.32,2.30,*,1.10,0.06,*,*,*,*,*,*,*,*,*,*,*,*,*
VARIOS,"Torta, de pierna",MISCELLANEOUS,"Torta, pork leg",,1.00,786.00,188.00,72.00,2.00,7.00,*,*,*,*,9.00,22.00,*,0.50,*,*,0.37,*,0.07,580.00,230.00,0.27,0.41,2.50,*,9.30,*,*,*,*,*,*,*,*,*,*,*,*,*,*
VARIOS,"Torta, de salchicha",MISCELLANEOUS,"Torta, sausage",,1.00,837.00,200.00,76.00,2.00,6.00,*,*,*,*,7.00,29.00,*,0.30,*,*,0.39,*,0.07,430.00,190.00,0.23,0.42,2.20,*,8.70,0.15,*,*,*,*,*,*,*,*,*,*,*,*,*
VARIOS,Ua e Gato cortea ca,MISCELLANEOUS,Cat Ca inner bar capsule,Seenita Uncaria tomentoa,1.00,1209.00,289.10,5.80,9.80,3.50,*,*,*,*,17.60,46.80,1.40,16.50,291.60,*,63.83,*,10.35,46.40,*,*,*,*,*,*,*,0.00,*,*,*,*,*,*,0.00,*,*,*,*,*
VARIOS,Ua e Gato cortea tabeta,MISCELLANEOUS,Cat Ca inner bar tabet,Seenita Uncaria tomentoa,1.00,778.00,185.70,3.20,27.60,6.90,*,*,*,*,1.40,29.50,5.80,31.40,478.00,*,8043.80,*,8.27,5.95,*,*,*,*,*,*,*,0.00,*,*,*,*,*,*,1.17,*,*,*,*,*
VARIOS,Vario eecia meca,MISCELLANEOUS,Sice mi,,,1023.1,241.20,4.50,35.80,8.00,2.55,0.66,2.36,0.00,7.90,34.40,*,9.40,21.60,*,1830.88,86.24,37.35,9419.66,1047.19,102.79,0.63,1.84,2.94,0.00,*,540.00,27.00,*,*,0.10,0.06,2.86,39.20,0.21,0.00,0.00,36.00,0.00
